row,col,value
0, 278, 0.6821380095940299
0, 1048, 0.7312234513930028
1, 832, 0.4089128467305852
1, 559, 0.4089128467305852
1, 90, 0.2211952015096988
1, 890, 0.3668183240931356
1, 490, 0.38428912950191935
1, 38, 0.4089128467305852
1, 1017, 0.4089128467305852
2, 680, 0.20380137329146378
2, 498, 0.17806074091111465
2, 240, 0.3097133180239295
2, 27, 0.3097133180239295
2, 708, 0.3097133180239295
2, 969, 0.16859216949793618
2, 535, 0.26756671781861974
2, 356, 0.3097133180239295
2, 1061, 0.27783064576035155
2, 944, 0.22729780579979794
2, 68, 0.1625840364724973
2, 487, 0.3097133180239295
2, 423, 0.3097133180239295
2, 368, 0.3097133180239295
3, 947, 0.7071067811865476
3, 922, 0.7071067811865476
4, 790, 0.45885376998720473
4, 947, 0.6282727185580038
4, 922, 0.6282727185580038
5, 992, 0.6226835088797199
5, 281, 0.47384648942297736
5, 911, 0.6226835088797199
6, 93, 0.6151661434740375
6, 1037, 0.2276734389910248
6, 145, 0.43738545589052213
6, 200, 0.6151661434740375
7, 43, 0.6421453195592269
7, 455, 0.5426119378513592
7, 221, 0.47882148150940285
7, 1037, 0.2528866590283315
8, 409, 0.3366104595602501
8, 717, 0.2743955299426939
8, 466, 0.37801805724215415
8, 189, 0.6732209191205002
8, 942, 0.40223994913101624
8, 498, 0.23125625925064022
9, 791, 0.47761162625008047
9, 60, 0.47761162625008047
9, 1085, 0.3634504353798707
9, 696, 0.42844507750053884
9, 1071, 0.47761162625008047
10, 98, 0.4395590772517133
10, 860, 0.46772427265437283
10, 620, 0.4395590772517133
10, 133, 0.41957555309040634
10, 789, 0.46772427265437283
11, 0, 0.35261174450258875
11, 11, 0.4540323969887423
11, 1016, 0.4540323969887423
11, 1006, 0.3022267228653383
11, 33, 0.4540323969887423
11, 1083, 0.4072931537343713
12, 600, 0.4483724719291647
12, 199, 0.5425707221713068
12, 513, 0.5425707221713068
12, 455, 0.4584715359770373
13, 600, 0.4483724719291647
13, 199, 0.5425707221713068
13, 513, 0.5425707221713068
13, 455, 0.4584715359770373
14, 340, 0.5866399183781226
14, 432, 0.5262497214898612
14, 979, 0.5262497214898612
14, 969, 0.31933691836209094
15, 524, 0.3383381775957384
15, 918, 0.36807798984858303
15, 171, 0.42605693434884234
15, 81, 0.42605693434884234
15, 1015, 0.2743284140192214
15, 205, 0.33088537266184387
15, 221, 0.2985625198168078
15, 498, 0.24494914808478302
15, 90, 0.2304690356426695
16, 1033, 0.5055927772765808
16, 392, 0.5055927772765808
16, 194, 0.5636124704339934
16, 869, 0.41363373931873393
17, 881, 0.930447758688903
17, 1037, 0.3664245738904489
18, 4, 0.550730650242162
18, 1068, 0.38592854010919747
18, 161, 0.4277097771455917
18, 1000, 0.4940370442351339
18, 790, 0.3474861986763067
19, 1068, 0.4623653877232566
19, 161, 0.5124217993491593
19, 1000, 0.5918858176251928
19, 790, 0.41630917198813855
20, 870, 0.4649673194568066
20, 380, 0.24371981351377806
20, 856, 0.6335590032422037
20, 646, 0.5683388370934247
21, 355, 0.7184847271594634
21, 1037, 0.2829502866095106
21, 790, 0.4823791288724986
21, 90, 0.41355677744947694
22, 430, 0.7182734654968278
22, 278, 0.6957608991335869
23, 480, 0.6649908925254561
23, 691, 0.6865078412611105
23, 1037, 0.29409878739159606
24, 806, 0.4479535075468771
24, 980, 0.3312420147874556
24, 984, 0.5085513933172224
24, 416, 0.47913555389449897
24, 380, 0.22644691498619066
24, 1037, 0.21786254884744363
24, 969, 0.32043515501307374
25, 336, 0.4795291388572052
25, 353, 0.5659495357477422
25, 660, 0.4393157881668478
25, 1039, 0.42210063281357907
25, 380, 0.28033127192573415
26, 207, 0.7527247111587099
26, 1037, 0.29643451657274766
26, 944, 0.587819773906355
27, 1041, 0.5007717453504567
27, 158, 0.5277142906089655
27, 1039, 0.36526215363027165
27, 380, 0.24258292016996216
27, 189, 0.5277142906089655
28, 700, 0.5126714110935383
28, 30, 0.4598957194213499
28, 739, 0.5126714110935383
28, 120, 0.5126714110935383
29, 459, 0.3156354699777702
29, 1084, 0.4261103522536199
29, 661, 0.4490359616900665
29, 5, 0.3385610794142168
29, 266, 0.3385610794142168
29, 269, 0.5365852345294695
30, 806, 0.4479535075468771
30, 980, 0.3312420147874556
30, 984, 0.5085513933172224
30, 416, 0.47913555389449897
30, 380, 0.22644691498619066
30, 1037, 0.21786254884744363
30, 969, 0.32043515501307374
31, 478, 0.30816089192097706
31, 255, 0.32790661481829286
31, 479, 0.30816089192097706
31, 9, 0.30816089192097706
31, 845, 0.32790661481829286
31, 687, 0.26039554232057627
31, 344, 0.30816089192097706
31, 245, 0.32790661481829286
31, 1021, 0.32790661481829286
31, 405, 0.32790661481829286
31, 1037, 0.1213584776333466
32, 542, 0.2519154091042539
32, 471, 0.32437307837080376
32, 373, 0.32437307837080376
32, 949, 0.32437307837080376
32, 503, 0.2909812933006338
32, 703, 0.2640222712679426
32, 407, 0.30484013627261375
32, 457, 0.32437307837080376
32, 459, 0.19080593809012417
32, 1084, 0.25758950823046395
32, 661, 0.27144835120244387
32, 380, 0.12478103186105301
32, 680, 0.213447969407766
32, 90, 0.17546469622614727
33, 460, 0.49682236627071047
33, 472, 0.44567821535692737
33, 903, 0.46690495585492364
33, 1077, 0.49682236627071047
33, 660, 0.2995092040333987
34, 818, 0.4215358042495416
34, 468, 0.36417210698497493
34, 982, 0.4215358042495416
34, 800, 0.4215358042495416
34, 892, 0.39615196383320533
34, 459, 0.2479599570111804
34, 1039, 0.24416459781820488
34, 980, 0.23720139996126274
35, 40, 0.5449006819524311
35, 438, 0.5449006819524311
35, 459, 0.3205268646463609
35, 680, 0.3585622600858914
35, 969, 0.2966162020974746
35, 90, 0.29475575813017163
36, 1037, 0.24847328778548772
36, 947, 0.5800053169941772
36, 922, 0.5800053169941772
36, 969, 0.36545783985986396
36, 90, 0.3631656055561983
37, 931, 0.7295867251337196
37, 940, 0.5440229586317187
37, 380, 0.2986436940603438
37, 1037, 0.28732242339963165
38, 612, 0.43659335376121244
38, 1060, 0.2782303005057449
38, 335, 0.43659335376121244
38, 1005, 0.4103027850669644
38, 687, 0.34670530568347624
38, 1006, 0.29061842152050277
38, 98, 0.4103027850669644
39, 770, 0.39578529097638804
39, 594, 0.5945845643668116
39, 660, 0.358445113775361
39, 1039, 0.3443989800249405
39, 380, 0.22872698265523944
39, 869, 0.4363640792242684
40, 806, 0.4479535075468771
40, 980, 0.3312420147874556
40, 984, 0.5085513933172224
40, 416, 0.47913555389449897
40, 380, 0.22644691498619066
40, 1037, 0.21786254884744363
40, 969, 0.32043515501307374
41, 706, 0.4984010189542653
41, 1018, 0.6549507113360512
41, 1060, 0.417384121085698
41, 459, 0.38526158060630705
42, 618, 0.5453296077520762
42, 706, 0.46260371228743297
42, 940, 0.425996920380557
42, 266, 0.3835633676352852
42, 680, 0.4000239881824755
43, 760, 0.6892540543971676
43, 266, 0.4847941547693183
43, 221, 0.5384268529694342
44, 249, 0.3923261829191553
44, 178, 0.41746488252828606
44, 223, 0.41746488252828606
44, 613, 0.41746488252828606
44, 773, 0.3063764012557522
44, 222, 0.3923261829191553
44, 680, 0.2747053852997395
45, 144, 0.4920008530883307
45, 318, 0.6587945237795167
45, 691, 0.5691440380066143
46, 601, 0.3747872073406343
46, 531, 0.4604569137112764
46, 873, 0.38532874138158474
46, 683, 0.30299553133409857
46, 266, 0.2905275428730921
46, 0, 0.3576011683061394
46, 498, 0.2647264242177028
46, 969, 0.2506493118804473
46, 90, 0.24907718265453482
47, 872, 0.513413229661057
47, 855, 0.5009041877879779
47, 418, 0.513413229661057
47, 144, 0.4710718691181545
48, 274, 0.33858335382569005
48, 709, 0.33858335382569005
48, 452, 0.3774377504470006
48, 838, 0.3774377504470006
48, 296, 0.3774377504470006
48, 873, 0.3158549888140766
48, 683, 0.24836623870077243
48, 266, 0.23814619557145544
48, 0, 0.29312662380246307
48, 68, 0.19813598387148204
49, 172, 0.34373390558726813
49, 464, 0.5102332783862789
49, 530, 0.36277779173150626
49, 511, 0.31884081014452637
49, 713, 0.4577085742613378
49, 380, 0.19627841893249545
49, 869, 0.3744588878618324
50, 366, 0.3724792674467094
50, 548, 0.498753813280976
50, 377, 0.498753813280976
50, 70, 0.3795391079726903
50, 12, 0.46872009591762526
51, 852, 0.32777562298140767
51, 465, 0.26029151974566056
51, 110, 0.32777562298140767
51, 955, 0.26029151974566056
51, 566, 0.308037788087554
51, 151, 0.548591472939361
51, 983, 0.308037788087554
51, 683, 0.21568695373285393
51, 980, 0.18444183355380897
51, 680, 0.21568695373285393
51, 969, 0.17842436915387505
52, 1004, 0.5158502565528972
52, 397, 0.5158502565528972
52, 410, 0.5158502565528972
52, 717, 0.3518969332203317
52, 90, 0.2790413711854492
53, 748, 0.5198240529268328
53, 610, 0.5198240529268328
53, 910, 0.4663120502143421
53, 530, 0.3695968687227621
53, 511, 0.3248340106156815
54, 6, 0.38653720829276395
54, 361, 0.447423813754043
54, 941, 0.4204810616264494
54, 424, 0.4204810616264494
54, 216, 0.35530593578963376
54, 1079, 0.30142043153444664
54, 668, 0.28230424467983556
55, 262, 0.7772116635517656
55, 511, 0.541407372279484
55, 1037, 0.32065571456083736
56, 1013, 0.3605812239424468
56, 2, 0.3605812239424468
56, 604, 0.3605812239424468
56, 560, 0.3388679171404843
56, 8, 0.3605812239424468
56, 6, 0.3115123857536112
56, 216, 0.28634293764138047
56, 1079, 0.24291632403745556
56, 668, 0.2275104876888848
56, 70, 0.274393242603078
57, 1008, 0.5623617208002802
57, 848, 0.7081616164688028
57, 660, 0.4269150031784313
58, 602, 0.47953325044182205
58, 485, 0.45065694769166137
58, 744, 0.47953325044182205
58, 773, 0.35192821648389583
58, 1084, 0.3808045192340565
58, 969, 0.2610334988311272
59, 796, 0.36213219700969895
59, 569, 0.34566870465327465
59, 186, 0.34566870465327465
59, 1050, 0.3853361862303147
59, 420, 0.3328986278801986
59, 479, 0.36213219700969895
59, 459, 0.22666625992215447
59, 980, 0.4336631997003794
60, 926, 1.0
61, 597, 0.6767669133759634
61, 243, 0.7361973546268497
62, 277, 0.5916593505504022
62, 912, 0.8061880753932523
63, 351, 0.4645882492142132
63, 319, 0.5498094474966136
63, 760, 0.5248136484180028
63, 0, 0.45435444816764536
64, 248, 0.44311632546990126
64, 887, 0.44311632546990126
64, 1053, 0.44311632546990126
64, 17, 0.41643295960107296
64, 351, 0.3518852949818532
64, 70, 0.33720037906203915
65, 879, 0.38970148085993456
65, 314, 0.5218145454174666
65, 676, 0.4366752589285578
65, 1079, 0.351535972439649
65, 668, 0.32924144084116386
65, 380, 0.2007335434381057
65, 1015, 0.33598457181623753
66, 45, 0.3255355592902131
66, 1046, 0.3255355592902131
66, 801, 0.3255355592902131
66, 13, 0.36289264608165
66, 306, 0.30368306438103687
66, 879, 0.27101544564661234
66, 1079, 0.24447348268042376
66, 668, 0.22896889079816302
66, 172, 0.24447348268042376
66, 511, 0.22676879414472093
66, 601, 0.2953751313954134
66, 380, 0.13959888120275019
66, 1015, 0.23365835885517533
67, 573, 0.35593662203766324
67, 83, 0.35593662203766324
67, 45, 0.31929560595402473
67, 1046, 0.31929560595402473
67, 801, 0.31929560595402473
67, 879, 0.265820548542565
67, 1079, 0.23978734907588775
67, 668, 0.22457995338949852
67, 172, 0.23978734907588775
67, 511, 0.22242202878166187
67, 601, 0.2897133012697074
67, 380, 0.1369230122242934
67, 1015, 0.22917953245892647
68, 936, 0.41593499864358247
68, 783, 0.5355691277159618
68, 57, 0.5355691277159618
68, 712, 0.5033184834461086
69, 797, 0.6188377952734925
69, 536, 0.58157291841022
69, 770, 0.41192945721746843
69, 380, 0.23805680495029588
69, 1037, 0.22903232000362195
70, 751, 0.3666555520706409
70, 348, 0.3666555520706409
70, 408, 0.34457646429755295
70, 252, 0.3666555520706409
70, 564, 0.3666555520706409
70, 597, 0.3167601033867568
70, 713, 0.32891110221980724
70, 790, 0.23134311474505212
70, 498, 0.21079803631766264
70, 68, 0.19247586778328615
71, 375, 0.30224031719213335
71, 716, 0.3657377681164328
71, 835, 0.38917278797664834
71, 527, 0.38917278797664834
71, 801, 0.34911035691256437
71, 186, 0.34911035691256437
71, 172, 0.2621778861280494
71, 511, 0.24319105056636264
71, 601, 0.3167657560033827
72, 263, 0.43101284876496393
72, 585, 0.43101284876496393
72, 197, 0.43101284876496393
72, 916, 0.43101284876496393
72, 172, 0.2903646942293596
72, 511, 0.269336579373175
72, 869, 0.3163192187564472
73, 615, 0.8030588901886102
73, 1006, 0.5958996718316245
74, 587, 0.8160364115914133
74, 1006, 0.5780004973674414
75, 985, 0.5598169316010033
75, 209, 0.5261061447333931
75, 114, 0.41808241868926865
75, 980, 0.3150132410085088
75, 1037, 0.2071886552520959
75, 969, 0.30473584934115977
76, 86, 0.47017030368199386
76, 608, 0.5432418605513026
76, 706, 0.5725591710243598
76, 68, 0.3949736221018291
77, 805, 0.4455047114041201
77, 867, 0.4775624405956215
77, 673, 0.5003077614320789
77, 313, 0.4775624405956215
77, 1039, 0.3083600600471155
78, 529, 0.3711234707272315
78, 701, 0.3711234707272315
78, 142, 0.3711234707272315
78, 92, 0.3711234707272315
78, 810, 0.3711234707272315
78, 626, 0.30207458077095745
78, 9, 0.34877533597633353
78, 5, 0.2341621698844219
78, 980, 0.2088339968456612
79, 86, 0.47017030368199386
79, 608, 0.5432418605513026
79, 706, 0.5725591710243598
79, 68, 0.3949736221018291
80, 525, 0.3828615092486104
80, 65, 0.32039380686707697
80, 1031, 0.3307607114293318
80, 1058, 0.34344877717885436
80, 272, 0.359806538936833
80, 709, 0.34344877717885436
80, 601, 0.31162871395059927
80, 1060, 0.2439883059433499
80, 869, 0.28098107479732093
80, 68, 0.2009831865828321
81, 213, 0.6078449339084058
81, 342, 0.6612229757723174
81, 511, 0.4396688670268653
82, 115, 0.47063836197946135
82, 670, 0.43264549858998236
82, 687, 0.39768878763479193
82, 353, 0.3889286264856694
82, 1037, 0.18534459311055543
82, 790, 0.31597905214099997
82, 969, 0.27260731015225514
82, 90, 0.2708974553903471
83, 772, 0.3460502112653912
83, 77, 0.2991457131841042
83, 180, 0.7186495723025174
83, 870, 0.2939694979945159
83, 380, 0.3081773201336486
83, 1085, 0.3048156154140659
84, 562, 0.5114061649114076
84, 779, 0.5114061649114076
84, 229, 0.5114061649114076
84, 773, 0.37531966625946434
84, 380, 0.1967296092458117
84, 1037, 0.18927179514310394
85, 579, 0.5442586676484473
85, 589, 0.5701805931630399
85, 5, 0.38281011054664704
85, 1041, 0.4818018401096497
86, 565, 0.7498061533209045
86, 221, 0.6616575643352898
87, 547, 0.47209007255346047
87, 901, 0.4901995688547918
87, 941, 0.5135467702251283
87, 706, 0.4158368390241919
87, 1039, 0.31651980063299734
88, 650, 0.5106368780745447
88, 534, 0.4917723640228124
88, 307, 0.5692354109498214
88, 266, 0.35916186799467836
88, 1037, 0.21067444133795174
89, 959, 0.3638762103613413
89, 641, 0.40563310844475287
89, 1024, 0.40563310844475287
89, 930, 0.3504334917129429
89, 773, 0.297693092752699
89, 706, 0.3086765936295314
89, 703, 0.3301635731638413
89, 535, 0.3504334917129429
90, 367, 0.8653216316063925
90, 1039, 0.5012169928025692
91, 224, 0.44772299696309353
91, 658, 0.550064530862758
91, 977, 0.550064530862758
91, 530, 0.3910979629696859
91, 1037, 0.2035792846161311
92, 956, 0.6983333034060771
92, 224, 0.7157727274449313
93, 693, 0.48382543101778436
93, 244, 0.6088357722258662
93, 567, 0.5811564795114165
93, 1037, 0.23976884927046915
94, 231, 0.748762849716043
94, 565, 0.6628379853969676
95, 427, 0.4797270416546905
95, 461, 0.4508390692784341
95, 1008, 0.3809584117317721
95, 472, 0.4303427266932313
95, 542, 0.3725667819407185
95, 380, 0.18454316729976383
95, 68, 0.2518327572571587
96, 288, 0.7071067811865476
96, 714, 0.7071067811865476
97, 86, 0.4834322358015812
97, 770, 0.5149635647258138
97, 409, 0.6474002886618863
97, 1037, 0.2863191691683829
98, 305, 0.6093843329152205
98, 266, 0.4091308730003823
98, 660, 0.39090657362517406
98, 1039, 0.37558839573393116
98, 790, 0.4091308730003823
99, 692, 0.439274661327598
99, 1049, 0.4986984972848403
99, 960, 0.5772525355426967
99, 277, 0.42364414794421995
99, 1037, 0.21364158500514294
100, 877, 0.45960984626633017
100, 203, 0.45960984626633017
100, 19, 0.4890598151078666
100, 175, 0.4890598151078666
100, 1015, 0.31489454254305405
101, 545, 0.6411038165979942
101, 146, 0.6411038165979942
101, 683, 0.42186703199820064
102, 1020, 0.5458878452128567
102, 129, 0.4716019962351041
102, 58, 0.48969276980364373
102, 999, 0.48969276980364373
103, 767, 0.3612658105752613
103, 311, 0.6467496269182829
103, 1026, 0.6173466695805672
103, 380, 0.2647357621256401
104, 624, 0.3575426106170174
104, 851, 0.34923795791090523
104, 49, 0.431986301469404
104, 921, 0.5307307059692827
104, 693, 0.39636024689308114
104, 770, 0.35328096200386533
105, 666, 0.7837329029172405
105, 1068, 0.5492065766185287
105, 1037, 0.2900601197749723
106, 555, 0.5307408895414842
106, 449, 0.37192056876975493
106, 398, 0.4987809897969537
106, 138, 0.4987809897969537
106, 90, 0.2870962332198709
107, 1078, 0.5882287026570926
107, 866, 0.6398841406881283
107, 511, 0.4254799749452189
107, 1037, 0.2519961721669306
108, 389, 0.49204395084746205
108, 695, 0.5235721679621306
108, 902, 0.49204395084746205
108, 511, 0.32717617857099174
108, 940, 0.3668970345750397
109, 690, 0.336020029804906
109, 14, 0.336020029804906
109, 1080, 0.41220735876309766
109, 488, 0.49257609890349
109, 362, 0.4255450521159815
109, 668, 0.3107932999398452
109, 459, 0.2897479812569851
110, 819, 0.5397127588696733
110, 106, 0.5397127588696733
110, 735, 0.5397127588696733
110, 336, 0.35514843902213317
111, 458, 0.40401425448861694
111, 643, 0.40401425448861694
111, 704, 0.37968551833268865
111, 795, 0.40401425448861694
111, 796, 0.37968551833268865
111, 172, 0.27217628385102083
111, 455, 0.32083375616287735
111, 68, 0.2120873222575174
112, 155, 0.5375529043123745
112, 904, 0.4653833869145728
112, 351, 0.47586560187091087
112, 6, 0.5176940285586535
113, 47, 0.38033239994446155
113, 433, 0.38033239994446155
113, 259, 0.38033239994446155
113, 551, 0.38033239994446155
113, 946, 0.38033239994446155
113, 661, 0.3182773471594154
113, 1039, 0.22029850497515144
113, 380, 0.1463076700249741
113, 680, 0.25027101162608273
113, 969, 0.20703360399903534
114, 79, 0.4779556464288302
114, 303, 0.6280833680325395
114, 366, 0.4690651511639195
114, 5, 0.39629227447840787
115, 148, 0.48856925065463097
115, 698, 0.5198748228167515
115, 767, 0.27290833888984145
115, 277, 0.38153479246790545
115, 380, 0.19998736379564858
115, 281, 0.39561166502434914
115, 68, 0.27290833888984145
116, 871, 0.5773502691896257
116, 596, 0.5773502691896257
116, 639, 0.5773502691896257
117, 994, 0.7559007595167441
117, 224, 0.6546862162608966
118, 889, 0.43783495954681506
118, 449, 0.35514513877877407
118, 306, 0.4241120683968173
118, 872, 0.4125095292502355
118, 855, 0.4024589526847622
118, 418, 0.4125095292502355
119, 1027, 0.9378310947107659
119, 1037, 0.3470919731045454
120, 1074, 0.26880927204796806
120, 429, 0.2622598762676142
120, 970, 0.33025430260133265
120, 152, 0.25648289977120103
120, 376, 0.33025430260133265
120, 670, 0.2853124313681869
120, 262, 0.5925141788689469
120, 770, 0.21983381857628403
120, 380, 0.127043442884118
120, 1085, 0.2513152182013277
120, 1037, 0.12222735859650131
121, 745, 0.8191563268027512
121, 336, 0.573570320238961
122, 759, 0.5834734932125742
122, 778, 0.5483381668902043
122, 429, 0.46334501906575576
122, 767, 0.30629446711064295
122, 380, 0.22445273483334585
123, 793, 0.7287067664526043
123, 399, 0.6848258526999323
124, 35, 0.5773502691896257
124, 808, 0.5773502691896257
124, 450, 0.5773502691896257
125, 575, 0.4066195976834292
125, 875, 0.3821339742234565
125, 515, 0.26756883734881104
125, 772, 0.35128573691001785
125, 608, 0.29358337735607354
125, 380, 0.15641992618099904
125, 1085, 0.6188545742588288
126, 130, 0.39318087864924695
126, 830, 0.39318087864924695
126, 482, 0.39318087864924695
126, 34, 0.3648882796971777
126, 955, 0.37310696023107554
126, 542, 0.3648882796971777
126, 980, 0.2643825351050643
126, 68, 0.24664255113753789
127, 280, 0.551319021702031
127, 401, 0.4195399095370614
127, 821, 0.49456484724885424
127, 429, 0.43781067279567754
127, 68, 0.2894149741583246
128, 233, 0.6260935195695739
128, 547, 0.5408930721726192
128, 901, 0.561641869191257
129, 630, 0.3861995396346568
129, 50, 0.4459060204476928
129, 840, 0.4459060204476928
129, 851, 0.312221795249894
129, 1079, 0.3196462275548462
129, 668, 0.29937415448334415
129, 380, 0.18252390917041308
129, 1006, 0.3158362763436951
129, 1037, 0.17560461832695082
130, 670, 0.553718514725418
130, 1058, 0.5749592990108429
130, 587, 0.6023434327119682
131, 400, 0.6165539176393725
131, 885, 0.6165539176393725
131, 216, 0.48961467838197403
132, 526, 0.7858639198890329
132, 86, 0.618399465892916
133, 446, 0.42554971928179974
133, 563, 0.42554971928179974
133, 519, 0.42554971928179974
133, 459, 0.2503210617828549
133, 660, 0.25654251167363784
133, 980, 0.23946006044841214
133, 221, 0.2982070851406025
133, 680, 0.28002546918801474
133, 969, 0.23164761160646352
133, 68, 0.2233923665989315
134, 412, 0.4303427266932313
134, 757, 0.4508390692784341
134, 18, 0.4797270416546905
134, 956, 0.3809584117317721
134, 936, 0.3725667819407185
134, 380, 0.18454316729976383
134, 68, 0.2518327572571587
135, 89, 0.4851474533030645
135, 640, 0.4851474533030645
135, 930, 0.41912731608246034
135, 351, 0.3852628416120942
135, 806, 0.36918501023697514
135, 90, 0.2624331555080536
136, 421, 0.4598598245414658
136, 1001, 0.4598598245414658
136, 634, 0.4598598245414658
136, 1000, 0.41252069115647777
136, 221, 0.3222501429003868
136, 680, 0.3026026273622537
137, 204, 0.3754753748707613
137, 283, 0.3343462992505694
137, 595, 0.3040355855986279
137, 1044, 0.3995343417978983
137, 1081, 0.3451646612188198
137, 290, 0.3584052661777064
137, 980, 0.2248210098683834
137, 696, 0.3584052661777064
137, 1037, 0.14786795170235512
137, 90, 0.21612204153189019
138, 883, 0.6100979255106103
138, 896, 0.6100979255106103
138, 870, 0.44774929498141847
138, 380, 0.23469471962305122
139, 196, 0.7955410103375267
139, 1006, 0.5295519748236214
139, 1037, 0.29443030895536154
140, 586, 0.6699099970439499
140, 761, 0.6009477676567186
140, 767, 0.35166931821856257
140, 380, 0.25770344784785637
141, 743, 0.5134382505439704
141, 813, 0.5250028449414839
141, 781, 0.5250028449414839
141, 767, 0.3470534051432256
141, 380, 0.25432090449574896
142, 829, 0.5637847310953111
142, 743, 0.4880934426044691
142, 767, 0.32992183793181123
142, 151, 0.5259390868498901
142, 380, 0.24176688369068425
143, 121, 0.4736679145043527
143, 753, 0.4736679145043527
143, 394, 0.4451448077340447
143, 536, 0.4451448077340447
143, 266, 0.29886308846925097
143, 90, 0.2562234731316707
144, 546, 0.6699099970439499
144, 761, 0.6009477676567186
144, 767, 0.35166931821856257
144, 380, 0.25770344784785637
145, 626, 1.0
146, 803, 0.3308839360834767
146, 611, 0.3466432601971192
146, 45, 0.3308839360834767
146, 1046, 0.3308839360834767
146, 879, 0.27546808585363847
146, 910, 0.3308839360834767
146, 172, 0.24849005249598316
146, 511, 0.23049448530633918
146, 144, 0.27546808585363847
146, 380, 0.14189241687122917
146, 1015, 0.23749724191537888
146, 680, 0.24271836675664846
146, 90, 0.1995263979771194
147, 659, 0.4289563786869984
147, 697, 0.4289563786869984
147, 291, 0.4781816022026416
147, 515, 0.3146589492289162
147, 65, 0.4001614688407298
147, 1084, 0.3797311551713551
148, 928, 0.4602194947762551
148, 858, 0.4821388066275444
148, 767, 0.26931637767778216
148, 380, 0.19735517286818147
148, 620, 0.4821388066275444
148, 133, 0.4602194947762551
149, 332, 0.6378231120877799
149, 956, 0.6052589417210508
149, 86, 0.4762806852617192
150, 767, 0.473665508546339
150, 926, 0.8094201433859461
150, 380, 0.34710231559961185
151, 924, 0.3646225200614847
151, 46, 0.3646225200614847
151, 152, 0.32777906247824357
151, 1080, 0.35319429797793817
151, 668, 0.2662990338597697
151, 144, 0.31520068549568575
151, 459, 0.24826663730038012
151, 498, 0.24264959634866687
151, 969, 0.4594928861566552
152, 130, 0.39318087864924695
152, 830, 0.39318087864924695
152, 482, 0.39318087864924695
152, 34, 0.3648882796971777
152, 955, 0.37310696023107554
152, 542, 0.3648882796971777
152, 980, 0.2643825351050643
152, 68, 0.24664255113753789
153, 119, 0.29920676088168036
153, 220, 0.36951191251088267
153, 933, 0.3931887645157377
153, 590, 0.3931887645157377
153, 995, 0.3931887645157377
153, 690, 0.26822109449816883
153, 14, 0.26822109449816883
153, 624, 0.2648833688141139
153, 459, 0.23128538113191002
153, 68, 0.20640448024151062
154, 302, 0.45729466742876196
154, 283, 0.42659746982070673
154, 595, 0.38792357457687837
154, 690, 0.3477504500501512
154, 14, 0.3477504500501512
154, 114, 0.38070777384580257
154, 68, 0.26760479458427866
155, 1025, 0.7289271603511612
155, 459, 0.45625104466491045
155, 680, 0.5103921817040014
156, 997, 0.6767669133759634
156, 191, 0.7361973546268497
157, 512, 0.7625782529165485
157, 79, 0.646895979411485
158, 275, 0.6105426799263663
158, 621, 0.5737773143313748
158, 653, 0.49694896342755424
158, 1037, 0.22596229175524984
159, 284, 0.5674674911460922
159, 813, 0.5023473169805265
159, 781, 0.5023473169805265
159, 683, 0.4162631292071069
160, 623, 0.3802482174896508
160, 470, 0.3411045042829247
160, 822, 0.3802482174896508
160, 996, 0.3802482174896508
160, 117, 0.3802482174896508
160, 712, 0.35735061312473254
160, 380, 0.1462752864078483
160, 1061, 0.3411045042829247
160, 68, 0.1996113388193493
161, 517, 0.5715992948636031
161, 953, 0.6830449404027118
161, 770, 0.4546689515479232
162, 774, 0.650142654142118
162, 904, 0.537268335780661
162, 600, 0.537268335780661
163, 1056, 0.6889500197171345
163, 841, 0.5607683285845217
163, 380, 0.26502783397678753
163, 969, 0.37502933112738585
164, 419, 0.34732395269683597
164, 475, 0.6946479053936719
164, 139, 0.34732395269683597
164, 119, 0.2812403912958601
164, 1079, 0.24897800461970848
164, 668, 0.2331877344154982
164, 380, 0.14217104656065688
164, 1006, 0.2460103673742851
165, 219, 0.6145445785667463
165, 515, 0.46808896891888047
165, 608, 0.5135991984715992
165, 68, 0.37342139930648116
166, 100, 0.4207775107840853
166, 792, 0.44773925819327787
166, 119, 0.34071831459521507
166, 630, 0.36443571851816525
166, 624, 0.30163294011373204
166, 851, 0.2946269029646346
166, 216, 0.355556434932117
166, 459, 0.2633736116709562
167, 31, 0.7858639198890329
167, 86, 0.618399465892916
168, 811, 0.6276281267138487
168, 56, 0.6276281267138487
168, 869, 0.4606146644597088
169, 1062, 0.6397794095599569
169, 647, 0.6397794095599569
169, 1006, 0.42586924543364946
170, 246, 0.7071067811865475
170, 162, 0.7071067811865475
171, 722, 0.44117131044017716
171, 1031, 0.40555721120182703
171, 272, 0.44117131044017716
171, 709, 0.4211144898722147
171, 1060, 0.29916254713759866
171, 869, 0.34452066753290955
171, 68, 0.24643247469373278
172, 188, 0.5329435504466075
172, 304, 0.5329435504466075
172, 313, 0.47808099347847605
172, 706, 0.4055566380649448
172, 1037, 0.19724279725967514
173, 1008, 0.7964895207260939
173, 660, 0.6046523326453948
174, 857, 0.4796831020720049
174, 137, 0.4796831020720049
174, 747, 0.4796831020720049
174, 149, 0.4796831020720049
174, 459, 0.28216393523325084
175, 926, 0.5324823740374938
175, 1060, 0.37827903611502584
175, 717, 0.4049270599556196
175, 1037, 0.2196872797273344
175, 790, 0.37452712944408273
175, 498, 0.34126619035759415
175, 969, 0.32311899363264474
176, 675, 0.3544667753168605
176, 520, 0.3544667753168605
176, 238, 0.3544667753168605
176, 76, 0.3544667753168605
176, 538, 0.3544667753168605
176, 523, 0.3544667753168605
176, 763, 0.3544667753168605
176, 416, 0.2885169249502199
176, 969, 0.1929536742136149
177, 53, 0.47515248121913467
177, 390, 0.5055983602196764
177, 399, 0.47515248121913467
177, 1060, 0.3222055088270333
177, 1006, 0.336551612855658
177, 969, 0.2752220181808531
178, 957, 0.5958757612017159
178, 512, 0.5687856650408926
178, 626, 0.5160884448801663
178, 1037, 0.23466499849239705
179, 533, 0.48070116576520394
179, 729, 0.48070116576520394
179, 372, 0.48070116576520394
179, 1081, 0.41528609100833785
179, 380, 0.1849178969545216
179, 1037, 0.17790785253346375
179, 969, 0.26166925249976225
180, 1006, 1.0
181, 684, 0.9063957051131951
181, 1037, 0.4224296695928849
182, 1075, 0.7470996078906001
182, 624, 0.5825857934976352
182, 1037, 0.320056196791192
183, 326, 0.634328978307162
183, 264, 0.634328978307162
183, 86, 0.44187497616360255
184, 29, 0.5749415037751368
184, 624, 0.3873265366027904
184, 567, 0.5157555712729539
184, 221, 0.40289447319222105
184, 68, 0.30181559842417555
185, 738, 0.8221136872968549
185, 767, 0.4592218615440214
185, 380, 0.3365180040342758
186, 261, 0.5404573154087843
186, 265, 0.5404573154087843
186, 843, 0.5404573154087843
186, 767, 0.2837131203814124
186, 380, 0.20790511294057115
187, 333, 0.6423528223870628
187, 736, 0.6423528223870628
187, 767, 0.33720317669749256
187, 380, 0.24710265228821124
188, 42, 0.7287067664526043
188, 572, 0.6848258526999323
189, 974, 0.7071067811865476
189, 467, 0.7071067811865476
190, 236, 0.7142657712259167
190, 401, 0.699874565943817
191, 3, 0.4253692157831143
191, 298, 0.3997545368338767
191, 950, 0.4253692157831143
191, 558, 0.4253692157831143
191, 449, 0.2980805959907765
191, 930, 0.3674838578280783
191, 1060, 0.2710774310090823
192, 962, 0.6011849150022084
192, 505, 0.6298181210740867
192, 944, 0.49183923424274983
193, 541, 0.4989251513957029
193, 826, 0.4989251513957029
193, 382, 0.522687934389524
193, 352, 0.43194162827640625
193, 1037, 0.20584251168087045
194, 247, 0.5889294671260877
194, 582, 0.5889294671260877
194, 1002, 0.553465595589432
195, 532, 0.45099554736415093
195, 973, 0.45099554736415093
195, 449, 0.31603843569168105
195, 930, 0.3896228910301954
195, 408, 0.42383771429905537
195, 717, 0.3076550762502053
195, 498, 0.25928688447640413
196, 614, 0.5798081165759182
196, 219, 0.5009063081518104
196, 829, 0.5201212026437116
196, 767, 0.3043703272881072
196, 380, 0.22304272423327226
197, 1076, 0.4681486120701735
197, 352, 0.3868711337465747
197, 517, 0.41686823270055584
197, 515, 0.3277959780797395
197, 851, 0.3277959780797395
197, 5, 0.3143074739613206
197, 281, 0.37907635744935714
198, 341, 0.5138407717150656
198, 386, 0.5138407717150656
198, 284, 0.4609447031030286
198, 86, 0.32109510468834584
198, 980, 0.28914210650499383
198, 68, 0.2697407631761048
199, 986, 0.3895827757161248
199, 383, 0.3895827757161248
199, 989, 0.3895827757161248
199, 557, 0.3895827757161248
199, 453, 0.366123067411306
199, 1037, 0.1441848698272886
199, 790, 0.24580915869460826
199, 90, 0.42147778563686067
200, 689, 0.41342702612981436
200, 82, 0.46087016669096126
200, 878, 0.46087016669096126
200, 657, 0.4331177085462474
200, 478, 0.4331177085462474
200, 1037, 0.17056838529236512
201, 993, 0.43480595002850575
201, 697, 0.4150385156663234
201, 867, 0.4150385156663234
201, 319, 0.43480595002850575
201, 760, 0.4150385156663234
201, 221, 0.3242170001404957
202, 63, 0.3938927289835173
202, 48, 0.45593796206628256
202, 875, 0.42848250904860996
202, 560, 0.42848250904860996
202, 770, 0.3034951625018295
202, 1085, 0.3469573220406367
202, 68, 0.23934467760941808
203, 828, 0.5240994509890905
203, 301, 0.47014732798702036
203, 210, 0.47014732798702036
203, 1025, 0.4925394821985842
203, 380, 0.2016125093386185
204, 443, 0.38279494854214957
204, 981, 0.34338906839985756
204, 746, 0.38279494854214957
204, 939, 0.38279494854214957
204, 865, 0.34338906839985756
204, 983, 0.35974398635099625
204, 380, 0.44176491689934966
205, 111, 0.2649812769622618
205, 329, 0.29538940989609025
205, 492, 0.29538940989609025
205, 365, 0.2776017924128566
205, 742, 0.29538940989609025
205, 102, 0.29538940989609025
205, 606, 0.29538940989609025
205, 636, 0.29538940989609025
205, 328, 0.29538940989609025
205, 1009, 0.29538940989609025
205, 717, 0.2015054293910942
205, 1037, 0.10932383634245087
205, 90, 0.3195728408544989
206, 844, 0.41716113498987917
206, 267, 0.41716113498987917
206, 364, 0.41716113498987917
206, 88, 0.41716113498987917
206, 282, 0.41716113498987917
206, 63, 0.36039275418601185
207, 998, 0.46428836218561625
207, 784, 0.46428836218561625
207, 105, 0.46428836218561625
207, 664, 0.46428836218561625
207, 660, 0.27989609011365135
207, 68, 0.24372822096565439
208, 130, 0.39318087864924695
208, 830, 0.39318087864924695
208, 482, 0.39318087864924695
208, 34, 0.3648882796971777
208, 955, 0.37310696023107554
208, 542, 0.3648882796971777
208, 980, 0.2643825351050643
208, 68, 0.24664255113753789
209, 752, 0.3438341923739003
209, 1023, 0.3438341923739003
209, 159, 0.3438341923739003
209, 741, 0.3438341923739003
209, 769, 0.30843903100850467
209, 674, 0.3438341923739003
209, 697, 0.30843903100850467
209, 79, 0.26164917277651645
209, 692, 0.26164917277651645
209, 1060, 0.21911714835829318
209, 380, 0.13226740495548103
209, 1037, 0.12725328571950462
210, 991, 0.6840696536881435
210, 287, 0.6840696536881435
210, 1037, 0.2531746784454695
211, 388, 0.32953900704923156
211, 603, 0.35065455443906496
211, 506, 0.35065455443906496
211, 841, 0.2854139818213205
211, 79, 0.26683929677223023
211, 959, 0.314557287753078
211, 772, 0.3029365634582172
211, 77, 0.2618757954051659
211, 380, 0.13489108698369287
211, 680, 0.2307420300862433
211, 969, 0.19087849516579877
211, 535, 0.3029365634582172
211, 68, 0.18407614251758905
212, 135, 0.5458878452128568
212, 593, 0.4896927698036438
212, 1081, 0.4716019962351042
212, 290, 0.4896927698036438
213, 96, 0.5889294671260877
213, 268, 0.5889294671260877
213, 1002, 0.553465595589432
214, 850, 0.5010436728720395
214, 52, 0.47087206584463315
214, 547, 0.43286033642182503
214, 530, 0.35624394743604354
214, 480, 0.4192933629530631
214, 380, 0.19274332759809074
215, 627, 0.7138925313713733
215, 767, 0.3747579538990281
215, 277, 0.5239238886880523
215, 380, 0.2746228113314261
216, 943, 0.46945878510803457
216, 293, 0.46945878510803457
216, 851, 0.30891905365647643
216, 144, 0.3506011577598754
216, 542, 0.36459222356574367
216, 980, 0.2641680254183545
216, 498, 0.26990179058786806
216, 969, 0.2555494725774556
217, 112, 0.45449912521497415
217, 406, 0.42713031538312485
217, 360, 0.45449912521497415
217, 980, 0.2557501111301588
217, 355, 0.42713031538312485
217, 717, 0.31004510763109877
217, 90, 0.24585440734305136
218, 115, 0.6816263768135041
218, 1015, 0.46700571768775834
218, 205, 0.5632860215548018
219, 820, 0.41553020787637845
219, 787, 0.41553020787637845
219, 919, 0.41553020787637845
219, 833, 0.41553020787637845
219, 351, 0.32997874681640943
219, 468, 0.35898376790946085
219, 1015, 0.2675504931706413
220, 402, 0.559161917912233
220, 897, 0.5337409306662273
220, 213, 0.514022881071956
220, 86, 0.3718051186075152
221, 872, 0.5188306796321371
221, 855, 0.5061896444549931
221, 418, 0.5188306796321371
221, 145, 0.45321241773746324
222, 805, 0.9145515156215425
222, 1037, 0.4044694367617159
223, 730, 0.7633682819546719
223, 79, 0.5809040634331977
223, 1037, 0.2825231586832695
224, 202, 0.5341400840303975
224, 36, 0.5341400840303975
224, 332, 0.4469897620647813
224, 1061, 0.4791543528689581
225, 854, 0.4825044015071333
225, 1070, 0.5010133941390003
225, 366, 0.4171045663446363
225, 5, 0.3523930884268181
225, 660, 0.33669611328987076
225, 1039, 0.3235022421537723
226, 430, 0.7182734654968278
226, 278, 0.6957608991335869
227, 1054, 0.5453781570303418
227, 650, 0.520583816196325
227, 534, 0.5013518313213384
227, 266, 0.36615815249750766
227, 1037, 0.2147782687773857
228, 331, 0.39504237063030967
228, 507, 0.3543757098829022
228, 864, 0.39504237063030967
228, 310, 0.39504237063030967
228, 25, 0.39504237063030967
228, 64, 0.39504237063030967
228, 236, 0.3067987667493374
229, 173, 0.40149393128910427
229, 633, 0.3773169627440149
229, 111, 0.36016313057062505
229, 957, 0.3773169627440149
229, 342, 0.3773169627440149
229, 530, 0.2854637044594997
229, 869, 0.2946553613070565
229, 1037, 0.1485931972042516
229, 68, 0.21076427834837433
229, 90, 0.21718205174152094
230, 631, 0.48536355794778024
230, 362, 0.4193140126406222
230, 306, 0.4061716163388468
230, 459, 0.28550534913110176
230, 1084, 0.385434453539441
230, 221, 0.3401220710316887
230, 498, 0.27904578108184247
231, 1088, 0.3651521058757689
231, 803, 0.3485513204342663
231, 611, 0.3651521058757689
231, 879, 0.29017656825009036
231, 910, 0.3485513204342663
231, 172, 0.2617580561251676
231, 511, 0.24280162451305232
231, 144, 0.29017656825009036
231, 380, 0.14946869239248634
231, 1015, 0.25017828985272234
231, 680, 0.2556781940762914
231, 90, 0.2101800114553544
232, 66, 0.5048284605447555
232, 635, 0.5048284605447555
232, 1030, 0.5371758581345556
232, 767, 0.2819905190655887
232, 380, 0.2066427898564768
232, 68, 0.2819905190655887
233, 541, 0.4989251513957029
233, 826, 0.4989251513957029
233, 382, 0.522687934389524
233, 352, 0.43194162827640625
233, 1037, 0.20584251168087045
234, 684, 0.7858639198890329
234, 86, 0.618399465892916
235, 958, 0.5484477592568974
235, 552, 0.5835901078217423
235, 224, 0.4750110167295204
235, 86, 0.36468092273147895
236, 150, 0.4188629773469404
236, 827, 0.4188629773469404
236, 84, 0.44570204907690625
236, 470, 0.39982035290513807
236, 34, 0.3461422094452064
236, 1060, 0.28403504996669715
236, 980, 0.250799929545393
236, 1037, 0.16495465388525302
237, 218, 0.3213381830318918
237, 1040, 0.3582135966398513
237, 214, 0.3582135966398513
237, 899, 0.33664286248061237
237, 63, 0.3094669513808979
237, 693, 0.2675210384621077
237, 158, 0.5995348977453057
238, 842, 0.7361973546268497
238, 997, 0.6767669133759634
239, 743, 0.6128680869447474
239, 401, 0.6005198675488611
239, 767, 0.41426199986550033
239, 380, 0.30357139547595763
240, 7, 0.4063908654205977
240, 616, 0.4063908654205977
240, 170, 0.38191901565007025
240, 385, 0.3645559619176245
240, 805, 0.34008411214709705
240, 687, 0.3227210584146513
240, 336, 0.2674183241271693
240, 161, 0.3156122623765696
241, 1075, 0.43587057261499085
241, 821, 0.45259067960630334
241, 866, 0.4741466466174369
241, 311, 0.4741466466174369
241, 1039, 0.292235898966641
241, 68, 0.26485206251759197
242, 711, 0.6584157058888854
242, 688, 0.6187675454303754
242, 767, 0.3456353889568053
242, 380, 0.2532817815429827
243, 294, 0.5870434293612126
243, 210, 0.526611694031819
243, 266, 0.3703979243518305
243, 660, 0.3538989429578324
243, 1039, 0.3400309567700407
244, 836, 0.40262592137889097
244, 354, 0.40262592137889097
244, 521, 0.3487146132841853
244, 489, 0.3487146132841853
244, 49, 0.3487146132841853
244, 459, 0.25201214501294505
244, 1015, 0.27585289209647085
244, 205, 0.33272414499065606
244, 498, 0.24631036182427557
245, 449, 0.4479995647120125
245, 872, 0.5203621544114118
245, 855, 0.5076838056610391
245, 418, 0.5203621544114118
246, 745, 0.7124980806121857
246, 767, 0.39799202954654644
246, 336, 0.49888859903145394
246, 380, 0.2916487532937618
247, 1066, 0.41612875840332164
247, 325, 0.41612875840332164
247, 1081, 0.35950086611164545
247, 290, 0.3732914115682797
247, 690, 0.2838700418323768
247, 14, 0.2838700418323768
247, 224, 0.3387064687531198
247, 687, 0.33045406473323774
248, 449, 0.5200589852766572
248, 1008, 0.5893432619364153
248, 660, 0.4473979491077879
248, 498, 0.42667112226784765
249, 988, 0.5005095344100017
249, 686, 0.5005095344100017
249, 904, 0.3887069320140719
249, 138, 0.4703700918757271
249, 145, 0.355864172968275
250, 719, 0.48682215043702953
250, 798, 0.45750692821093397
250, 626, 0.3962470945723759
250, 1008, 0.38659274362905466
250, 216, 0.38659274362905466
250, 1037, 0.1801732334310142
250, 68, 0.25555733530373476
251, 975, 0.47006455081770776
251, 909, 0.47006455081770776
251, 234, 0.47006455081770776
251, 530, 0.33421767442579314
251, 881, 0.44175842966964524
251, 1037, 0.17397123357286257
252, 692, 0.5302767743526431
252, 313, 0.6251044202128828
252, 277, 0.511408173570245
252, 1037, 0.2579005359009895
253, 908, 0.6649375475572227
253, 541, 0.6904447224761365
253, 1037, 0.284858110387324
254, 599, 0.6411038165979942
254, 166, 0.6411038165979942
254, 515, 0.42186703199820064
255, 254, 0.49730941776719034
255, 990, 0.49730941776719034
255, 404, 0.5291750250356639
255, 826, 0.4747004096044374
256, 165, 0.5860954360949641
256, 447, 0.5860954360949641
256, 218, 0.5594499795131893
257, 67, 0.5773502691896257
257, 359, 0.5773502691896257
257, 1042, 0.5773502691896257
258, 749, 0.5251649290510764
258, 653, 0.45484573997938343
258, 690, 0.3812064166077036
258, 14, 0.3812064166077036
258, 1037, 0.20681799010500812
258, 969, 0.30419067007793454
258, 90, 0.3022827173327559
259, 868, 0.49284586867304203
259, 79, 0.37504331071412556
259, 851, 0.324308510520138
259, 465, 0.39137626828506694
259, 566, 0.4631679130779789
259, 770, 0.3280629152339269
259, 380, 0.18958976605074054
260, 676, 0.6106614710750751
260, 870, 0.5355419262244777
260, 380, 0.280712585436586
260, 1068, 0.5113588342619192
261, 972, 0.4018853323781399
261, 964, 0.4018853323781399
261, 496, 0.42763654422130054
261, 1035, 0.42763654422130054
261, 1064, 0.3836145568094342
261, 1060, 0.2725223441468274
261, 940, 0.29966944301374954
262, 315, 0.6226835088797199
262, 322, 0.6226835088797199
262, 706, 0.47384648942297736
263, 859, 0.559070391926064
263, 321, 0.525404559825717
263, 170, 0.525404559825717
263, 683, 0.3678863872180188
264, 123, 0.4647249035440168
264, 156, 0.416884946622074
264, 781, 0.3690449897001311
264, 65, 0.3889003657866219
264, 706, 0.3536439635087566
264, 687, 0.3690449897001311
264, 380, 0.17877208949338697
264, 1037, 0.17199502621701745
265, 1064, 0.43095590309702014
265, 842, 0.45148145001834317
265, 1060, 0.3061539528445356
265, 903, 0.45148145001834317
265, 660, 0.28961536611501504
265, 980, 0.27033068564057805
265, 870, 0.3525720890233124
265, 1037, 0.17780030785987044
266, 717, 0.878971968147314
266, 1037, 0.47687344150333766
267, 31, 0.694830340734896
267, 1037, 0.3238287092535351
267, 944, 0.6421415456559542
268, 300, 0.5393417314098626
268, 802, 0.5393417314098626
268, 172, 0.3633436854021886
268, 660, 0.32514198965942637
268, 1039, 0.3124008817488404
268, 380, 0.20747596597433002
268, 1037, 0.19961076870713618
269, 237, 0.8381331243973215
269, 767, 0.43997806531294786
269, 380, 0.322416140773782
270, 235, 0.45345829298477314
270, 402, 0.42615215948780516
270, 526, 0.36009800591233926
270, 1049, 0.3917504997708733
270, 1079, 0.3054857389184033
270, 668, 0.28611172887915426
270, 380, 0.17443800819964914
270, 600, 0.3521658824546202
271, 976, 0.3650273031932517
271, 1028, 0.3650273031932517
271, 971, 0.3650273031932517
271, 55, 0.343046264528318
271, 725, 0.3650273031932517
271, 454, 0.3650273031932517
271, 690, 0.2490102251644834
271, 14, 0.2490102251644834
271, 1060, 0.23262300120997156
271, 380, 0.14042004897164467
271, 1037, 0.13509687151229666
272, 526, 0.7858639198890329
272, 86, 0.618399465892916
273, 720, 0.49127202064013326
273, 726, 0.49127202064013326
273, 718, 0.49127202064013326
273, 151, 0.4111160539723145
273, 770, 0.32701528309043054
274, 710, 0.6012345196774798
274, 714, 0.5650296684016647
274, 1005, 0.5650296684016647
275, 743, 0.553889922721706
275, 1074, 0.5805094493798496
275, 151, 0.5968372748815597
276, 346, 0.4580742296112281
276, 907, 0.43049013586149715
276, 16, 0.4580742296112281
276, 375, 0.35575072238490396
276, 70, 0.34858296791403054
276, 189, 0.38333481613463494
277, 470, 0.6617441578675441
277, 624, 0.49696229582427187
277, 1085, 0.5613583045232731
278, 164, 0.4115317902425744
278, 521, 0.37340392822623536
278, 489, 0.37340392822623536
278, 1079, 0.30905566879905677
278, 668, 0.2894552525858499
278, 1060, 0.2923549332971734
278, 459, 0.2698548363726431
278, 1015, 0.29538353024926545
278, 205, 0.3562813200890338
279, 284, 0.6655283252731321
279, 683, 0.48819519633563946
279, 281, 0.5645684179388241
280, 1045, 0.6312680511885455
280, 184, 0.7755647281488606
281, 445, 0.539291246722153
281, 119, 0.4103870752825644
281, 1060, 0.3436771639856163
281, 892, 0.5068164656793109
281, 1037, 0.19959208428734293
281, 680, 0.3548710704056598
282, 371, 0.8480393778072943
282, 86, 0.52993321625297
283, 570, 0.3764954253266427
283, 755, 0.3764954253266427
283, 324, 0.6754760680729749
283, 215, 0.35382380479612513
283, 231, 0.33773803403648744
283, 380, 0.14483164848076693
284, 28, 0.5111767097229072
284, 456, 0.48039491635364734
284, 220, 0.48039491635364734
284, 266, 0.32252944635525643
284, 416, 0.4160703983147309
285, 73, 0.3864166708220578
285, 122, 0.3466379614284544
285, 978, 0.36314761749971536
285, 406, 0.36314761749971536
285, 17, 0.36314761749971536
285, 70, 0.2940533679026902
285, 703, 0.31452242460642965
285, 5, 0.24381148931890517
285, 0, 0.30009985478376955
286, 357, 0.7837329029172405
286, 1068, 0.5492065766185287
286, 1037, 0.2900601197749723
287, 929, 0.5475142412519285
287, 366, 0.4088945248490154
287, 717, 0.37349711460549306
287, 466, 0.5145442918775142
287, 1037, 0.2026354205685396
287, 90, 0.2961695233873212
288, 79, 0.6742487581900497
288, 693, 0.661706997386826
288, 1037, 0.32792142608937136
289, 624, 1.0
290, 130, 0.39318087864924695
290, 830, 0.39318087864924695
290, 482, 0.39318087864924695
290, 34, 0.3648882796971777
290, 955, 0.37310696023107554
290, 542, 0.3648882796971777
290, 980, 0.2643825351050643
290, 68, 0.24664255113753789
291, 87, 0.7071067811865476
291, 203, 0.7071067811865476
292, 1, 0.4449748411438602
292, 1087, 0.4449748411438602
292, 174, 0.3991680055959254
292, 298, 0.4181795600716175
292, 449, 0.3118193816749826
292, 1060, 0.2835716180797972
292, 717, 0.3035479385143464
293, 904, 0.5668356573365303
293, 336, 0.48027994983160227
293, 1039, 0.42276152651478693
293, 145, 0.5189423851069637
294, 440, 0.7071067811865476
294, 127, 0.7071067811865476
295, 119, 0.46382841623018484
295, 624, 0.41062051231974284
295, 180, 0.5467733214598864
295, 114, 0.45520070282406333
295, 969, 0.331790973728751
296, 495, 0.43833574405656733
296, 799, 0.43833574405656733
296, 592, 0.43833574405656733
296, 595, 0.33356247684075746
296, 904, 0.34042137172308173
296, 693, 0.32735785169810583
296, 980, 0.24665485373984716
296, 380, 0.16862061031598854
297, 756, 0.4096604917003903
297, 728, 0.4096604917003903
297, 504, 0.4096604917003903
297, 174, 0.3674890045988553
297, 683, 0.2695698438946212
297, 459, 0.24097454329425033
297, 806, 0.3117413309961562
297, 717, 0.27945759231413303
297, 498, 0.23552248621270816
298, 413, 0.599677186936174
298, 580, 0.6684936098426743
298, 515, 0.4398904011999208
299, 286, 0.548924650127783
299, 932, 0.548924650127783
299, 940, 0.3846629722907497
299, 5, 0.34634669406678736
299, 1037, 0.20315741392359626
299, 90, 0.29693246267377327
300, 806, 0.4479535075468771
300, 980, 0.3312420147874556
300, 984, 0.5085513933172224
300, 416, 0.47913555389449897
300, 380, 0.22644691498619066
300, 1037, 0.21786254884744363
300, 969, 0.32043515501307374
301, 874, 0.5578793948522748
301, 684, 0.5128040876613656
301, 86, 0.40352759032666985
301, 455, 0.5128040876613656
302, 31, 0.7699970900500557
302, 515, 0.6380473973886631
303, 401, 0.5399031898302479
303, 336, 0.4668666106469613
303, 660, 0.42771514055213683
303, 1039, 0.41095457152666454
303, 68, 0.37244625405277404
304, 768, 0.6444435467455364
304, 663, 0.5781028981600654
304, 236, 0.5004893147680243
305, 1029, 0.48937027604091865
305, 51, 0.4671222023661961
305, 915, 0.5207271747202126
305, 951, 0.5207271747202126
306, 41, 0.5253078468490974
306, 345, 0.5503271835866961
306, 962, 0.5253078468490974
306, 767, 0.3074055056009622
306, 380, 0.22526690438074148
307, 849, 0.5557512487019801
307, 537, 0.5557512487019801
307, 336, 0.3657022837008201
307, 979, 0.49854080959173686
308, 332, 0.4635907928591449
308, 956, 0.4399220839757412
308, 172, 0.3732037408798328
308, 530, 0.3938803440149719
308, 869, 0.40656291242778697
308, 1037, 0.20502760497665598
308, 90, 0.29966591169899237
309, 258, 0.8381331243973215
309, 767, 0.43997806531294786
309, 380, 0.322416140773782
310, 362, 0.49136329815674634
310, 449, 0.39856407742154043
310, 306, 0.47596268907178835
310, 703, 0.46294165962279654
310, 221, 0.39856407742154043
311, 451, 0.4935816975361102
311, 727, 0.5170899827677964
311, 841, 0.4478520229310102
311, 180, 0.4935816975361102
311, 380, 0.21166183168569974
312, 434, 0.5934916544411852
312, 964, 0.5577530593019591
312, 693, 0.4432313714611158
312, 790, 0.3744664635193231
313, 379, 0.5039154411273129
313, 677, 0.5039154411273129
313, 185, 0.5039154411273129
313, 1045, 0.4101601155115945
313, 68, 0.26453045991702406
314, 136, 0.376691145281325
314, 625, 0.35400773898066434
314, 688, 0.7080154779613287
314, 144, 0.28132043928655764
314, 770, 0.2507445088188029
314, 687, 0.29913606688674077
315, 669, 0.6558770772724786
315, 1075, 0.6029305896714711
315, 767, 0.3663642839464885
315, 380, 0.2684719258978494
316, 924, 0.3996601164439404
316, 46, 0.3996601164439404
316, 152, 0.3592762681138029
316, 1080, 0.38713372458013773
316, 668, 0.2918884518250758
316, 459, 0.27212327191387964
316, 145, 0.3289201747881825
316, 498, 0.2659664738081194
316, 969, 0.2518234205001442
317, 851, 0.33481706853268683
317, 77, 0.3799935629605556
317, 277, 0.37341841123397307
317, 1008, 0.40405802064923474
317, 465, 0.40405802064923474
317, 683, 0.33481706853268683
317, 660, 0.30673928325751143
317, 68, 0.2671027658095424
318, 1043, 0.46702928514298625
318, 934, 0.4189521093511578
318, 217, 0.4389059401641876
318, 703, 0.3801367648369964
318, 432, 0.4189521093511578
318, 1037, 0.1728478795298187
318, 90, 0.2526324072821227
319, 626, 1.0
320, 187, 0.7580725673233075
320, 236, 0.5887361611115505
320, 1037, 0.28056321083043595
321, 619, 0.5380840085796781
321, 898, 0.518205512182906
321, 156, 0.5380840085796781
321, 767, 0.3148820024398854
321, 380, 0.23074568490948993
322, 157, 0.3918818043418962
322, 422, 0.3918818043418962
322, 690, 0.26732952708849206
322, 14, 0.26732952708849206
322, 398, 0.3682836542364975
322, 547, 0.3385535011203434
322, 901, 0.3515405002817107
322, 114, 0.2926651255992148
322, 969, 0.21332051202157656
322, 90, 0.21198251747884386
323, 254, 0.7468259127640936
323, 409, 0.6650195907069794
324, 836, 0.40262592137889097
324, 354, 0.40262592137889097
324, 521, 0.3487146132841853
324, 489, 0.3487146132841853
324, 49, 0.3487146132841853
324, 459, 0.25201214501294505
324, 1015, 0.27585289209647085
324, 205, 0.33272414499065606
324, 498, 0.24631036182427557
325, 155, 0.6629697289316141
325, 940, 0.5178942401359558
325, 266, 0.4663067954763803
325, 1037, 0.27352269932656803
326, 61, 0.4127615292282783
326, 326, 0.39399629283784005
326, 264, 0.39399629283784005
326, 129, 0.37944084468729566
326, 58, 0.39399629283784005
326, 999, 0.39399629283784005
326, 1039, 0.25440174978226954
327, 10, 0.45835635115742523
327, 122, 0.4111719891250746
327, 218, 0.4111719891250746
327, 767, 0.24061421119844073
327, 70, 0.34879765531517365
327, 940, 0.32119657290579745
327, 1083, 0.4111719891250746
328, 662, 0.49222120849323014
328, 363, 0.49222120849323014
328, 967, 0.49222120849323014
328, 683, 0.32389746393260854
328, 5, 0.3105693800988964
328, 969, 0.26794017752364774
329, 1076, 0.47625351070509253
329, 352, 0.3935689028800271
329, 517, 0.4240853314658714
329, 515, 0.3334709990170486
329, 851, 0.3334709990170486
329, 770, 0.33733147461361407
329, 5, 0.3197489729874292
330, 782, 0.7339144287312183
330, 767, 0.3852684508688423
330, 336, 0.4829394144499976
330, 380, 0.2823249086353262
331, 163, 0.5961069918405395
331, 723, 0.5961069918405395
331, 944, 0.43748138482312204
331, 68, 0.3129264234462942
332, 469, 0.4714933929374159
332, 1032, 0.5017048121308834
332, 1031, 0.4334315061172018
332, 870, 0.3681998684594467
332, 392, 0.45005804989189874
333, 358, 0.5828735630692329
333, 449, 0.40845292188594107
333, 936, 0.45267268428727997
333, 1060, 0.37145111168665385
333, 1006, 0.38798986147154874
334, 809, 0.29036731320590403
334, 1038, 0.29036731320590403
334, 21, 0.29036731320590403
334, 384, 0.29036731320590403
334, 679, 0.5807346264118081
334, 217, 0.2728821139268987
334, 908, 0.25085336805023056
334, 505, 0.2728821139268987
334, 569, 0.2604761676069141
334, 1060, 0.18504400975034224
334, 1037, 0.10746515468948632
335, 615, 0.6688578862804938
335, 1008, 0.5921025783092314
335, 660, 0.449492674823462
336, 689, 0.5848390313671522
336, 743, 0.5063210839975699
336, 767, 0.3422426282245156
336, 608, 0.4707163003121282
336, 380, 0.25079556482421145
337, 116, 0.44703661955508733
337, 206, 0.44703661955508733
337, 837, 0.44703661955508733
337, 847, 0.44703661955508733
337, 773, 0.3280790228374345
337, 717, 0.30495441934996526
338, 50, 0.44751535697474487
338, 840, 0.44751535697474487
338, 851, 0.31334864691054876
338, 1079, 0.3207998750189956
338, 668, 0.30045463723076626
338, 465, 0.3781498792718561
338, 380, 0.18318266321413146
338, 1006, 0.316976173166747
338, 1037, 0.17623839969260463
339, 874, 0.5634918026422504
339, 653, 0.5308980774055053
339, 1033, 0.5851074927595739
339, 1037, 0.24139892642414643
340, 337, 0.65493672135944
340, 904, 0.5887583259354696
340, 86, 0.4737314900411523
341, 69, 0.6099485264532908
341, 385, 0.5471588824992001
341, 716, 0.5732189393065148
342, 834, 0.5756526344571525
342, 484, 0.5756526344571525
342, 1015, 0.37064969844457213
342, 205, 0.4470647491449393
343, 584, 0.4010892911224955
343, 20, 0.4010892911224955
343, 343, 0.4010892911224955
343, 825, 0.4010892911224955
343, 605, 0.4010892911224955
343, 980, 0.225695991668138
343, 0, 0.3114949408500392
343, 969, 0.21833259927009735
344, 854, 0.5002562521755053
344, 172, 0.3900981643514616
344, 1039, 0.33540423408516074
344, 480, 0.4845769146853791
344, 691, 0.5002562521755053
345, 451, 0.5125934480672565
345, 352, 0.4437748788222248
345, 366, 0.42674521353789824
345, 660, 0.34447825882718
345, 1039, 0.3309794342885063
345, 790, 0.3605380422657072
346, 279, 0.4595135347359736
346, 1052, 0.49986582086338716
346, 208, 0.49986582086338716
346, 874, 0.4595135347359736
346, 68, 0.27921845399981476
347, 324, 0.748762849716043
347, 956, 0.6628379853969676
348, 301, 0.426900907780919
348, 621, 0.44723332358133555
348, 5, 0.6005305690625643
348, 979, 0.426900907780919
348, 498, 0.27359937823657343
349, 685, 0.5218003616507506
349, 34, 0.4312081512076324
349, 380, 0.2135899437271729
349, 1033, 0.4980779300731285
349, 392, 0.4980779300731285
350, 401, 0.6686701650596993
350, 692, 0.6686701650596993
350, 1037, 0.3252082728315329
351, 851, 0.5083521562386486
351, 49, 0.6288009732136657
351, 770, 0.5142371690265835
351, 1037, 0.2859152939676163
352, 461, 0.7233584752369411
352, 472, 0.6904726760002077
353, 251, 0.5746061230927382
353, 574, 0.5746061230927382
353, 351, 0.4563033079597095
353, 5, 0.3625505451019107
354, 518, 0.5242144062744598
354, 1065, 0.5242144062744598
354, 750, 0.5242144062744598
354, 660, 0.31602248655720455
354, 68, 0.2751864036487776
355, 778, 0.559577270438985
355, 429, 0.47284204656180906
355, 148, 0.559577270438985
355, 767, 0.3125724821023741
355, 380, 0.22905326728014902
356, 129, 0.6558248529673557
356, 1079, 0.5114100426852386
356, 668, 0.4789762428743641
356, 1037, 0.28095424757954224
357, 24, 0.7481468209178572
357, 693, 0.5945321786395998
357, 1037, 0.2946316733016914
358, 85, 0.5773502691896258
358, 326, 0.5773502691896258
358, 264, 0.5773502691896258
359, 954, 0.4058185449486847
359, 1011, 0.4058185449486847
359, 776, 0.38138115889720453
359, 477, 0.4058185449486847
359, 156, 0.3640425575625648
359, 773, 0.29782918412496484
359, 336, 0.2670417187590731
359, 1037, 0.15019373987817686
359, 68, 0.21303448471032468
360, 814, 0.6699099970439499
360, 761, 0.6009477676567186
360, 767, 0.35166931821856257
360, 380, 0.25770344784785637
361, 270, 0.5291955587724375
361, 77, 0.39521376843401496
361, 65, 0.4428519857872514
361, 407, 0.497328715013274
361, 1037, 0.19585566280369057
361, 90, 0.28626030998196966
362, 500, 0.4997192270451529
362, 771, 0.4997192270451529
362, 77, 0.37320025764686054
362, 172, 0.3366508004976502
362, 189, 0.41818501377140155
362, 90, 0.2703155354699593
363, 295, 0.5914277159063426
363, 928, 0.5305446510315492
363, 813, 0.4696615861567558
363, 767, 0.31047003708872856
363, 380, 0.22751259454909703
364, 302, 1.0
365, 544, 0.6620583212132775
365, 534, 0.5719636893298057
365, 266, 0.4177289374384029
365, 1037, 0.24502826822037704
366, 906, 0.7339144287312183
366, 767, 0.3852684508688423
366, 336, 0.4829394144499976
366, 380, 0.2823249086353262
367, 704, 0.5240511375565221
367, 851, 0.36693872580229053
367, 940, 0.39076348363597796
367, 336, 0.36693872580229053
367, 380, 0.21451125987485695
367, 1037, 0.2063793619606726
367, 790, 0.3518395334839895
367, 90, 0.30164162364791236
368, 813, 0.6100921523479282
368, 781, 0.6100921523479282
368, 515, 0.5055443910152153
369, 236, 0.9027339062423045
369, 1037, 0.4301993660159321
370, 767, 0.40161405329481953
370, 277, 0.5614695948806605
370, 430, 0.660941605346997
370, 380, 0.2943029740624234
371, 676, 0.5870008581630844
371, 530, 0.4987331575858292
371, 1039, 0.4062978802185639
371, 1068, 0.4915457888845884
372, 521, 0.39051316223644106
372, 489, 0.39051316223644106
372, 49, 0.39051316223644106
372, 601, 0.39051316223644106
372, 459, 0.2822194881485826
372, 1015, 0.3089178976186772
372, 205, 0.37260600233815855
372, 498, 0.2758342628136773
373, 279, 0.6994940372537226
373, 515, 0.5327936395218529
373, 459, 0.4762762113853111
374, 1069, 0.648815071120663
374, 515, 0.4269412867042849
374, 79, 0.49373195106509826
374, 660, 0.3911379573647004
375, 179, 0.41464527900769166
375, 276, 0.41464527900769166
375, 338, 0.41464527900769166
375, 118, 0.41464527900769166
375, 624, 0.279338191419835
375, 114, 0.3096653412211866
375, 186, 0.37196064529355266
376, 164, 0.4251989523607579
376, 774, 0.4454503075106914
376, 803, 0.4251989523607579
376, 1079, 0.31931955127222017
376, 668, 0.2990681961222865
376, 1060, 0.3020641765783983
376, 189, 0.39665627038122314
377, 872, 0.513413229661057
377, 855, 0.5009041877879779
377, 418, 0.513413229661057
377, 144, 0.4710718691181545
378, 738, 0.6202696402246349
378, 692, 0.5022540915224009
378, 77, 0.4929116187305729
378, 68, 0.34647443929533395
379, 740, 0.40686974745901966
379, 451, 0.36498554662785493
379, 727, 0.3823690606001144
379, 565, 0.3231013457966902
379, 6, 0.35150184564839837
379, 5, 0.25671645810662014
379, 266, 0.25671645810662014
379, 1037, 0.1505827906950056
379, 969, 0.22147918554117083
379, 535, 0.35150184564839837
380, 1074, 0.7157727274449313
380, 429, 0.6983333034060771
381, 1074, 0.7157727274449313
381, 429, 0.6983333034060771
382, 273, 0.4880833939723419
382, 684, 0.41242981638204396
382, 530, 0.3692653855666611
382, 618, 0.465893825377462
382, 468, 0.4486822588165263
382, 1037, 0.19221471381835734
383, 886, 0.662078153474947
383, 365, 0.6222094495083398
383, 5, 0.41774145070094904
384, 633, 0.4287793273549481
384, 111, 0.4092858792804819
384, 956, 0.3623179592531652
384, 77, 0.340739411730988
384, 172, 0.30736901534746436
384, 530, 0.32439817784030317
384, 869, 0.3348434873003147
384, 1037, 0.1688598643522575
384, 90, 0.24680357167635456
385, 99, 0.5624654289248463
385, 15, 0.5624654289248463
385, 366, 0.4200603691665392
385, 353, 0.43682326950890366
386, 884, 0.4143451445456165
386, 78, 0.3716914074320835
386, 917, 0.4143451445456165
386, 169, 0.4143451445456165
386, 77, 0.30944119483555027
386, 70, 0.31530623398976443
386, 12, 0.3893943078185814
387, 279, 0.53361037625293
387, 1052, 0.580469493461495
387, 1037, 0.22859777436376105
387, 281, 0.47002651619283997
387, 68, 0.32424260230160834
388, 948, 0.5669151630714435
388, 24, 0.5327769383134633
388, 41, 0.5085554823809826
388, 767, 0.2976021700897533
388, 380, 0.21808301533848581
389, 396, 0.6631658315941407
389, 279, 0.5729204867947914
389, 86, 0.4144071740565059
389, 1037, 0.24543815862121318
390, 880, 0.5893135859703533
390, 980, 0.3528595598915544
390, 161, 0.48700008770384995
390, 600, 0.48700008770384995
390, 1037, 0.23208071340976683
391, 935, 0.4758120932041155
391, 553, 0.5304142807531419
391, 526, 0.4212099056550891
391, 940, 0.3716916952672245
391, 1068, 0.3716916952672245
391, 1037, 0.19630671269885216
392, 463, 0.6373527523678928
392, 5, 0.402140837882942
392, 1041, 0.5061313438105451
392, 680, 0.4193987104992198
393, 476, 0.4389178066506977
393, 629, 0.4389178066506977
393, 577, 0.4389178066506977
393, 1079, 0.2956901054925368
393, 668, 0.2769373378752924
393, 770, 0.29216569388235014
393, 353, 0.34087341459069914
393, 90, 0.23742592942368998
394, 75, 0.3463551905340304
394, 124, 0.3463551905340304
394, 831, 0.3463551905340304
394, 113, 0.3254985401730068
394, 469, 0.3254985401730068
394, 1031, 0.29922226826381726
394, 683, 0.22791290967993874
394, 660, 0.20880011543836016
394, 1039, 0.20061801381153074
394, 980, 0.1948966973867944
394, 870, 0.2541891815891283
394, 145, 0.24625985112941942
394, 498, 0.19912692885920627
395, 897, 0.4153176479458812
395, 865, 0.4153176479458812
395, 419, 0.43509837680678176
395, 630, 0.37683903134982893
395, 213, 0.3999745226409679
395, 1037, 0.17134840278029728
395, 498, 0.26617570536294866
395, 969, 0.2520215259420041
396, 788, 0.45099566869233443
396, 297, 0.45099566869233443
396, 97, 0.45099566869233443
396, 900, 0.45099566869233443
396, 851, 0.296769726321224
396, 1039, 0.26122852425325377
396, 380, 0.17349067680630417
397, 32, 0.45181005722517603
397, 812, 0.45181005722517603
397, 897, 0.4052995872466596
397, 865, 0.4052995872466596
397, 630, 0.3677491303822919
397, 498, 0.2597551634327593
397, 969, 0.24594240323463856
398, 880, 0.5229350853341891
398, 773, 0.4083718510525036
398, 980, 0.31311452587512073
398, 380, 0.2140544232206803
398, 161, 0.43214587018528716
398, 600, 0.43214587018528716
398, 1037, 0.20593984350712277
399, 426, 0.47235024774255935
399, 153, 0.49484732250975605
399, 413, 0.47235024774255935
399, 1039, 0.30499456903584
399, 380, 0.20255718381265506
399, 524, 0.4181453269672393
400, 804, 0.6444435467455364
400, 385, 0.5781028981600654
400, 161, 0.5004893147680243
401, 938, 0.5773502691896257
401, 327, 0.5773502691896257
401, 786, 0.5773502691896257
402, 624, 1.0
403, 528, 0.6737687602821376
403, 1058, 0.6044093000478415
403, 5, 0.425117696271926
404, 337, 0.5680957309737944
404, 305, 0.6179831874927592
404, 266, 0.4149040061285048
404, 380, 0.25296071820138705
404, 1037, 0.2433712414629049
405, 375, 0.5991380465478735
405, 511, 0.4820833048611161
405, 870, 0.5661771406026184
405, 380, 0.2967705069780776
406, 462, 0.564166922402658
406, 43, 0.5301941898801151
406, 455, 0.44801338271195845
406, 221, 0.39534410631589034
406, 1037, 0.20879859002483725
407, 827, 0.6175381945905525
407, 829, 0.5894632666211698
407, 1068, 0.4604729556005397
407, 1037, 0.24319599644452244
408, 78, 0.7373372193104076
408, 86, 0.5136307457950559
408, 380, 0.3161911132206511
408, 1037, 0.3042046382189068
409, 302, 0.6019977849281829
409, 274, 0.6019977849281829
409, 1039, 0.38870743871139135
409, 68, 0.3522837790383662
410, 923, 0.6118718694885861
410, 841, 0.49803085237137634
410, 653, 0.49803085237137634
410, 459, 0.35992131848644826
411, 415, 0.5207481907437802
411, 374, 0.5207481907437802
411, 624, 0.3508175907263144
411, 936, 0.40442472652294914
411, 216, 0.4135339191505106
412, 997, 0.6119579803760118
412, 191, 0.6656972103559851
412, 660, 0.42703003919908494
413, 816, 0.4727928115481742
413, 241, 0.4727928115481742
413, 1022, 0.4727928115481742
413, 530, 0.3361574781293005
413, 683, 0.3111129508108701
413, 266, 0.2983109379768839
413, 1037, 0.17498096486181422
414, 902, 0.7769037620607303
414, 1006, 0.5502827502537677
414, 1037, 0.30595659703466704
415, 945, 0.49527062084555995
415, 273, 0.4654466526898178
415, 530, 0.3521392855991262
415, 618, 0.44428621053041245
415, 468, 0.42787289644870147
415, 1037, 0.18330001849961608
416, 579, 0.5442586676484473
416, 589, 0.5701805931630399
416, 5, 0.38281011054664704
416, 1041, 0.4818018401096497
417, 823, 0.6859671706407766
417, 401, 0.5220037644040629
417, 5, 0.43281434297853905
417, 380, 0.26388038059531965
418, 981, 0.6617441578675441
418, 119, 0.5613583045232731
418, 624, 0.49696229582427187
419, 143, 0.2949065441296908
419, 934, 0.2814993086636639
419, 51, 0.2814993086636639
419, 899, 0.2949065441296908
419, 63, 0.2710998489069336
419, 757, 0.2949065441296908
419, 597, 0.2710998489069336
419, 1041, 0.2491956361296811
419, 158, 0.525205743191416
419, 336, 0.20649250383896803
419, 944, 0.2302991990617252
420, 694, 0.5499201464787177
420, 323, 0.5499201464787177
420, 858, 0.516805319459942
420, 767, 0.2886806344735518
420, 380, 0.2115453096892154
421, 540, 0.4976826586206694
421, 894, 0.4976826586206694
421, 622, 0.4677134435337192
421, 172, 0.3352788052786056
421, 158, 0.4164807319496375
422, 436, 0.7071067811865476
422, 435, 0.7071067811865476
423, 413, 0.7373039476169232
423, 1037, 0.30419091125217534
423, 944, 0.6032004462366325
424, 227, 0.5511459166319376
424, 87, 0.5179572767753371
424, 1045, 0.4486031869231532
424, 889, 0.4761445355118641
425, 208, 0.6104979453367902
425, 874, 0.5612147442411887
425, 161, 0.5045065309880603
425, 1037, 0.2404234384918573
426, 334, 0.526567396166137
426, 521, 0.42859759080408155
426, 489, 0.42859759080408155
426, 172, 0.3547378724718869
426, 1037, 0.19488297790360018
426, 790, 0.33224027527829775
426, 90, 0.28483864528752706
427, 521, 0.3977659588746957
427, 489, 0.3977659588746957
427, 49, 0.3977659588746957
427, 459, 0.28746100303932703
427, 1015, 0.3146552680993907
427, 205, 0.37952621866499126
427, 145, 0.34745915959148466
427, 498, 0.28095718825514865
428, 824, 0.5669151630714435
428, 928, 0.5085554823809826
428, 767, 0.2976021700897533
428, 485, 0.5327769383134633
428, 380, 0.21808301533848581
429, 126, 0.5107232733691021
429, 417, 0.5107232733691021
429, 420, 0.491855567606551
429, 683, 0.37463867313729043
429, 969, 0.30991521628127067
430, 940, 0.6624207598396257
430, 1068, 0.6624207598396257
430, 1037, 0.34985350343677524
431, 393, 0.3985348145471498
431, 656, 0.3745360366714979
431, 526, 0.31648245103302497
431, 889, 0.3443011522565336
431, 222, 0.3745360366714979
431, 266, 0.25145749140031065
431, 409, 0.33350985491443547
431, 717, 0.27186800285383705
431, 969, 0.21694207221586226
431, 90, 0.215581362427745
432, 473, 0.446267382520686
432, 622, 0.4193942678131741
432, 635, 0.4193942678131741
432, 475, 0.4193942678131741
432, 683, 0.29365836120058514
432, 1039, 0.25848977684477387
432, 0, 0.3465812600793879
433, 1051, 0.5825369486860175
433, 851, 0.38332814001255344
433, 424, 0.5474580187517248
433, 465, 0.462601295063618
434, 731, 0.37391351178885185
434, 981, 0.33542190920827963
434, 119, 0.28453877833978236
434, 283, 0.3129057651059832
434, 595, 0.28453877833978236
434, 630, 0.3043455244069695
434, 624, 0.25189801842311466
434, 851, 0.24604717575921017
434, 579, 0.33542190920827963
434, 1083, 0.33542190920827963
434, 498, 0.21497079095790003
435, 651, 0.6366430454902856
435, 78, 0.5711054002325358
435, 1045, 0.5181932597536263
436, 312, 0.6030083801964001
436, 669, 0.6030083801964001
436, 1074, 0.5222660115552491
437, 882, 0.7071067811865476
437, 732, 0.7071067811865476
438, 134, 0.5196689653209947
438, 764, 0.5196689653209947
438, 767, 0.27280027397738693
438, 692, 0.39545501264750804
438, 151, 0.4348797517844837
438, 380, 0.19990817377511458
439, 160, 0.43998136662347737
439, 253, 0.43998136662347737
439, 657, 0.41348678019940127
439, 873, 0.36819398554775623
439, 683, 0.28952195957421367
439, 266, 0.27760839624446615
439, 380, 0.1692536544729951
439, 0, 0.34169939912368014
440, 920, 0.6749361895800444
440, 959, 0.6054565512212378
440, 511, 0.4217623792829974
441, 1088, 0.4370891527034606
441, 879, 0.3473430066811136
441, 1079, 0.31332588563512004
441, 668, 0.29345465080974303
441, 511, 0.2906349289124454
441, 380, 0.1789148770122466
441, 524, 0.3693397505801778
441, 918, 0.4018045906931704
441, 1015, 0.29946483938320767
442, 516, 0.36813083693349136
442, 780, 0.3917191951146122
442, 672, 0.36813083693349136
442, 769, 0.35139463045954367
442, 572, 0.36813083693349136
442, 867, 0.35139463045954367
442, 873, 0.32780627227842285
442, 144, 0.29254368579415274
443, 86, 0.5715897003286186
443, 30, 0.8205395873924914
444, 431, 0.5565642761427257
444, 645, 0.5565642761427257
444, 767, 0.2921684709880204
444, 1026, 0.49927014193147745
444, 380, 0.21410119798752175
445, 147, 0.48632521853753574
445, 125, 0.45703992031767493
445, 394, 0.45703992031767493
445, 5, 0.306849276385335
445, 1041, 0.3861981225826424
445, 680, 0.32001771198151435
446, 502, 0.7957883175610678
446, 401, 0.6055748951478465
447, 685, 0.5902584955462171
447, 34, 0.48778094709225206
447, 1060, 0.40026001423580315
447, 1037, 0.23245283326869234
447, 145, 0.4465671924790426
448, 266, 0.6308183819573112
448, 717, 0.6820211746772055
448, 1037, 0.37002065655404237
449, 1075, 0.7921370613643717
449, 1006, 0.6103432444231834
450, 813, 0.48119245339006894
450, 781, 0.48119245339006894
450, 673, 0.569459424308315
450, 281, 0.4611112768815518
451, 215, 0.6088357722258662
451, 231, 0.5811564795114165
451, 693, 0.48382543101778436
451, 1037, 0.23976884927046915
452, 86, 0.5537002486979139
452, 207, 0.8327160588050817
453, 904, 0.6631136453809348
453, 336, 0.5618563056401454
453, 1039, 0.49456828155676863
454, 588, 0.44435453926001783
454, 103, 0.3986115591568318
454, 113, 0.41759661122842
454, 851, 0.29239964851137046
454, 336, 0.29239964851137046
454, 980, 0.25004167553279133
454, 717, 0.3031247879433773
454, 790, 0.2803676709188619
454, 498, 0.2554688283754802
455, 624, 1.0
456, 1036, 0.48695053764378865
456, 107, 0.48695053764378865
456, 242, 0.48695053764378865
456, 512, 0.4368226177360291
456, 1037, 0.18022074963000434
456, 68, 0.2556247321804319
457, 72, 0.553256299218531
457, 150, 0.5199405773578505
457, 507, 0.4963026965181732
457, 806, 0.4210141290035175
458, 439, 0.7668970753175121
458, 409, 0.641770111386816
459, 766, 0.6372822540287718
459, 993, 0.5989066976149372
459, 281, 0.4849557673148947
460, 702, 0.44249640160553966
460, 893, 0.41585036601396086
460, 1019, 0.44249640160553966
460, 690, 0.3018572244716025
460, 14, 0.3018572244716025
460, 459, 0.26028960675131296
460, 1084, 0.3513930041784263
460, 980, 0.24899608735612946
461, 1078, 0.4078866582643579
461, 879, 0.3526006958313781
461, 1079, 0.31806866173169823
461, 668, 0.29789663842423253
461, 511, 0.29503423473705853
461, 380, 0.18162308990150683
461, 524, 0.374930401786723
461, 918, 0.4078866582643579
461, 1015, 0.30399780249639996
462, 690, 0.4095447000887271
462, 14, 0.4095447000887271
462, 449, 0.4207044718371476
462, 1006, 0.39962762169721255
462, 1085, 0.45685647275085545
462, 498, 0.34515786521093844
463, 369, 0.5584612591946185
463, 449, 0.39134582099934734
463, 1006, 0.3717398082891093
463, 1037, 0.20668691990436722
463, 498, 0.32107119647552496
463, 890, 0.5009718447502859
464, 257, 0.6430542743461611
464, 990, 0.6043311411876244
464, 266, 0.40573824107455075
464, 1037, 0.2379948565951068
465, 375, 0.4525474494969339
465, 879, 0.4351811406813874
465, 511, 0.36413239205385467
465, 380, 0.22415991905816937
465, 1015, 0.3751952620033529
465, 790, 0.367665181740324
465, 680, 0.38344353169681883
466, 145, 0.5029778550150502
466, 947, 0.6111518949346633
466, 922, 0.6111518949346633
467, 190, 0.5186005786466596
467, 332, 0.43398568313164876
467, 936, 0.40275684279239826
467, 955, 0.41182846829513875
467, 980, 0.29182048603132954
467, 1037, 0.19193445292101569
467, 498, 0.29815444766770516
468, 239, 0.5049926562286825
468, 758, 0.5373505748241025
468, 193, 0.5373505748241025
468, 770, 0.3576874785499525
468, 1037, 0.19887384020048995
469, 449, 0.3950203211661824
469, 306, 0.4717307578660785
469, 872, 0.4588255024097143
469, 855, 0.4476464616478143
469, 418, 0.4588255024097143
470, 132, 0.6423528223870628
470, 1063, 0.6423528223870628
470, 767, 0.33720317669749256
470, 380, 0.24710265228821124
471, 510, 0.6791353785269482
471, 412, 0.6092234650376396
471, 660, 0.4094165449521929
472, 656, 0.4224648719031582
472, 1054, 0.4224648719031582
472, 526, 0.35698225282533724
472, 650, 0.4032584957596717
472, 534, 0.38836087303327665
472, 266, 0.28363614310015467
472, 717, 0.3066585582015749
472, 1037, 0.16637313511177582
473, 474, 0.5624654289248463
473, 807, 0.5624654289248463
473, 366, 0.4200603691665392
473, 353, 0.43682326950890366
474, 965, 0.32809756892484226
474, 437, 0.32809756892484226
474, 554, 0.32809756892484226
474, 395, 0.32809756892484226
474, 966, 0.32809756892484226
474, 289, 0.32809756892484226
474, 663, 0.29432237537730743
474, 301, 0.29432237537730743
474, 210, 0.29432237537730743
474, 806, 0.24967399811656274
474, 969, 0.17859962014214706
475, 721, 0.32328118264419475
475, 26, 0.32328118264419475
475, 497, 0.32328118264419475
475, 195, 0.32328118264419475
475, 154, 0.32328118264419475
475, 935, 0.2900018000816716
475, 55, 0.30381399179796514
475, 958, 0.30381399179796514
475, 152, 0.25106741838921237
475, 1084, 0.2567224175191484
475, 680, 0.21272946672924445
475, 498, 0.18586119341435337
476, 337, 0.7436806259595506
476, 236, 0.6685350600921472
477, 219, 0.5346763864061552
477, 813, 0.49147582623604086
477, 781, 0.49147582623604086
477, 600, 0.48064975426068596
478, 813, 0.7071067811865476
478, 781, 0.7071067811865476
479, 441, 0.41103235022153906
479, 499, 0.41103235022153906
479, 1067, 0.41103235022153906
479, 481, 0.41103235022153906
479, 239, 0.3862810017505591
479, 661, 0.3439682920632443
479, 1039, 0.23808072166202654
480, 299, 0.6749361895800444
480, 262, 0.6054565512212378
480, 511, 0.4217623792829974
481, 561, 0.44622727458744793
481, 595, 0.33956773309840205
481, 77, 0.66650280730561
481, 86, 0.27884395582354465
481, 1068, 0.31269703359113293
481, 498, 0.25654550354741085
482, 320, 0.7287067664526043
482, 625, 0.6848258526999323
483, 927, 0.6264706468594292
483, 743, 0.48653115754258786
483, 767, 0.32886582710683704
483, 608, 0.4523180126271876
483, 380, 0.24099303844328232
484, 391, 0.3971431976901112
484, 104, 0.3971431976901112
484, 667, 0.3971431976901112
484, 978, 0.3732282195293676
484, 595, 0.3022159850711982
484, 526, 0.31537734729368194
484, 690, 0.27091868529900637
484, 14, 0.27091868529900637
484, 980, 0.22347549491055918
485, 403, 0.75671780591243
485, 213, 0.6537416632088533
486, 1059, 0.598371149163317
486, 201, 0.598371149163317
486, 517, 0.5328263654305619
487, 1074, 0.7157727274449313
487, 429, 0.6983333034060771
488, 1072, 0.5080099693108996
488, 387, 0.5080099693108996
488, 79, 0.38658280991402083
488, 155, 0.45571413824522256
488, 940, 0.35599170979655126
489, 428, 0.3320854729961958
489, 1010, 0.3320854729961958
489, 1059, 0.3120881096260162
489, 201, 0.3120881096260162
489, 516, 0.3120881096260162
489, 1045, 0.2702997464398586
489, 1064, 0.29789975451761574
489, 908, 0.2868944112954508
489, 352, 0.2579050277772565
489, 936, 0.2579050277772565
489, 1060, 0.21162997592459593
489, 980, 0.18686701890419888
489, 68, 0.1743283014049413
490, 228, 0.5337938614981588
490, 153, 0.5016501193559896
490, 162, 0.4788437713598309
490, 767, 0.28021513960179917
490, 5, 0.336799848941006
490, 380, 0.20534179091982094
491, 715, 0.41142849603755094
491, 550, 0.41142849603755094
491, 775, 0.41142849603755094
491, 1047, 0.38665329264826065
491, 593, 0.3690750060980304
491, 449, 0.28831153444115865
491, 266, 0.25959282282969903
491, 498, 0.23653894932193925
492, 672, 0.4420238933565224
492, 769, 0.42192831210270443
492, 515, 0.3095035437928347
492, 889, 0.4063409683086215
492, 380, 0.18093482765977245
492, 278, 0.393605181098629
492, 1048, 0.42192831210270443
493, 74, 0.8163871145375534
493, 660, 0.49215870995033506
493, 1037, 0.30214546734490255
494, 236, 1.0
495, 44, 0.5747984116779783
495, 425, 0.5747984116779783
495, 743, 0.4464013405724318
495, 767, 0.30174048221383054
495, 380, 0.2211155724806545
496, 598, 0.43232106245862134
496, 642, 0.43232106245862134
496, 493, 0.43232106245862134
496, 1047, 0.4062877605482237
496, 659, 0.38781683889163515
496, 626, 0.35188613494247684
497, 130, 0.39318087864924695
497, 830, 0.39318087864924695
497, 482, 0.39318087864924695
497, 34, 0.3648882796971777
497, 955, 0.37310696023107554
497, 542, 0.3648882796971777
497, 980, 0.2643825351050643
497, 68, 0.24664255113753789
498, 183, 0.4403463963592757
498, 637, 0.4403463963592757
498, 632, 0.4403463963592757
498, 841, 0.35841832588377387
498, 692, 0.33509253267410155
498, 1041, 0.3496856528875619
498, 380, 0.16939407545775023
498, 1037, 0.16297252290291614
499, 987, 0.4347875354955787
499, 176, 0.4626469895021698
499, 129, 0.3996887743787519
499, 58, 0.4150209383070158
499, 999, 0.4150209383070158
499, 680, 0.3044366719884439
500, 246, 0.4864895961524551
500, 851, 0.35686217233717776
500, 567, 0.4864895961524551
500, 465, 0.43066210343177047
500, 380, 0.20862053745445386
500, 1085, 0.41268966505786236
501, 862, 0.3708307966074238
501, 539, 0.3708307966074238
501, 62, 0.3708307966074238
501, 724, 0.3708307966074238
501, 198, 0.3708307966074238
501, 125, 0.3485002859659758
501, 53, 0.3485002859659758
501, 145, 0.26366209966694776
502, 648, 0.6532575368561921
502, 713, 0.5860095538369764
502, 773, 0.4794240225023863
503, 256, 0.7071067811865476
503, 549, 0.7071067811865476
504, 770, 0.6686698739951693
504, 1037, 0.7435594122941921
505, 31, 0.694830340734896
505, 1037, 0.3238287092535351
505, 944, 0.6421415456559542
506, 619, 0.5587259828022259
506, 898, 0.5380849076934636
506, 743, 0.4837138598781961
506, 767, 0.3269615031755886
506, 380, 0.23959754893800533
507, 131, 0.6684936098426743
507, 593, 0.599677186936174
507, 683, 0.4398904011999208
508, 177, 0.5669151630714435
508, 41, 0.5085554823809826
508, 345, 0.5327769383134633
508, 767, 0.2976021700897533
508, 380, 0.21808301533848581
509, 591, 0.7138925313713733
509, 767, 0.3747579538990281
509, 277, 0.5239238886880523
509, 380, 0.2746228113314261
510, 37, 0.3770459200511439
510, 128, 0.3770459200511439
510, 1057, 0.3770459200511439
510, 1012, 0.3770459200511439
510, 972, 0.35434115009394435
510, 653, 0.3068951365637571
510, 690, 0.25720895020167595
510, 14, 0.25720895020167595
510, 114, 0.28158539214075523
511, 23, 1.0
512, 876, 0.5007801328493757
512, 676, 0.4459253398815517
512, 530, 0.3788712566837038
512, 503, 0.47801333675255137
512, 1068, 0.3734112479181555
512, 1037, 0.19721488399381254
513, 767, 0.40161405329481953
513, 1049, 0.660941605346997
513, 277, 0.5614695948806605
513, 380, 0.2943029740624234
514, 895, 0.466093229943405
514, 192, 0.466093229943405
514, 644, 0.466093229943405
514, 888, 0.466093229943405
514, 152, 0.3619784579276737
515, 663, 0.4837985362845018
515, 366, 0.4027728221156726
515, 873, 0.451322191536557
515, 5, 0.34028483543968874
515, 266, 0.34028483543968874
515, 1085, 0.4104068359812704
516, 1055, 0.6108221894067614
516, 375, 0.47437821445360256
516, 511, 0.3816980388669655
516, 870, 0.4482808303879858
516, 380, 0.23497333212922886
517, 126, 0.5107232733691021
517, 417, 0.5107232733691021
517, 420, 0.491855567606551
517, 683, 0.37463867313729043
517, 969, 0.30991521628127067
518, 671, 0.4924577749078889
518, 705, 0.4924577749078889
518, 940, 0.34509339556833607
518, 646, 0.44176292606762696
518, 1037, 0.18225898216370054
518, 790, 0.3107186428358225
518, 90, 0.26638756308758654
519, 607, 0.6467496269182827
519, 821, 0.617346669580567
519, 767, 0.36126581057526125
519, 380, 0.2647357621256401
520, 638, 0.5971120774084848
520, 514, 0.5971120774084848
520, 274, 0.5356438499841543
521, 103, 0.5346590124971959
521, 851, 0.3921966228433121
521, 336, 0.3921966228433121
521, 980, 0.33538173254757014
521, 1037, 0.22058529965339527
521, 790, 0.37605809120713335
521, 90, 0.3224048534125751
522, 141, 0.6543532510291267
522, 608, 0.4724495290328365
522, 773, 0.4802281643096576
522, 68, 0.34350280288236384
523, 31, 0.9063957051131951
523, 1037, 0.4224296695928849
524, 164, 0.45350874906189415
524, 1070, 0.45350874906189415
524, 805, 0.42306569192936455
524, 70, 0.3847119758189278
524, 172, 0.3405798848855184
524, 336, 0.3326692259076111
524, 1037, 0.18710497900337741
525, 491, 0.6423528223870628
525, 140, 0.6423528223870628
525, 767, 0.33720317669749256
525, 380, 0.24710265228821124
526, 543, 0.5248191692108245
526, 1086, 0.5248191692108245
526, 649, 0.5248191692108245
526, 351, 0.41676674397866725
527, 578, 0.5197237340511319
527, 817, 0.5197237340511319
527, 660, 0.3133152862488131
527, 1039, 0.3010376229537287
527, 980, 0.2924524941113767
527, 870, 0.38142390881225435
527, 380, 0.1999292424121746
528, 798, 0.7290209806256394
528, 770, 0.5163672642635709
528, 1039, 0.44932533670447145
529, 378, 0.5295094905807608
529, 722, 0.5295094905807608
529, 288, 0.5295094905807608
529, 660, 0.3396686286218217
529, 1037, 0.20852894495700183
530, 568, 0.46772427265437283
530, 91, 0.46772427265437283
530, 749, 0.4395590772517133
530, 890, 0.41957555309040634
530, 490, 0.4395590772517133
531, 59, 0.6212412577512336
531, 655, 0.6212412577512336
531, 770, 0.4135293223217983
531, 380, 0.2389813777586133
532, 654, 0.49074858627541246
532, 659, 0.44022968563574316
532, 595, 0.37344733155734117
532, 1079, 0.33060746009234476
532, 668, 0.30964022190453994
532, 336, 0.32292843091767187
532, 1039, 0.2842544571299462
532, 380, 0.18878297572463004
533, 109, 0.5730288014130478
533, 103, 0.5140397673294973
533, 851, 0.37707147180063305
533, 940, 0.40155413299154435
533, 980, 0.322447660538072
534, 339, 0.43686985614245527
534, 952, 0.43686985614245527
534, 765, 0.43686985614245527
534, 690, 0.29801897089329665
534, 14, 0.29801897089329665
534, 114, 0.32626309744887894
534, 936, 0.33928293028571194
534, 380, 0.1680567071479628
535, 375, 0.5991380465478735
535, 511, 0.4820833048611161
535, 870, 0.5661771406026184
535, 380, 0.2967705069780776
536, 1078, 0.8102552662971256
536, 511, 0.5860771309629595
537, 777, 0.6699099970439499
537, 767, 0.35166931821856257
537, 1026, 0.6009477676567186
537, 380, 0.25770344784785637
538, 776, 0.49554011258938446
538, 100, 0.49554011258938446
538, 515, 0.3469754084406706
538, 455, 0.4187307336597452
538, 221, 0.36950397928657763
538, 68, 0.2768021704166823
539, 733, 0.5089104688174632
539, 684, 0.4041334072927317
539, 692, 0.38726806739045533
539, 805, 0.42587661209123673
539, 1037, 0.18834813619598445
539, 944, 0.373488081328871
539, 68, 0.26715260018964154
540, 515, 0.6736024565767358
540, 608, 0.7390938577026511
541, 95, 0.522331187406065
541, 336, 0.34371080322122977
541, 660, 0.31488718866687915
541, 1039, 0.30254792834966154
541, 646, 0.46856109392940537
541, 790, 0.329567418631969
541, 498, 0.30029925359335113
542, 165, 0.43592415657383304
542, 447, 0.43592415657383304
542, 453, 0.43592415657383304
542, 877, 0.43592415657383304
542, 480, 0.38817360141008955
542, 1015, 0.2986666603923013
543, 891, 0.43113997882252497
543, 935, 0.38675733899215625
543, 630, 0.3509247962711982
543, 690, 0.29411022754966426
543, 14, 0.29411022754966426
543, 851, 0.28370404064475624
543, 569, 0.38675733899215625
543, 668, 0.2720298793476399
543, 459, 0.25360941950105004
544, 665, 0.75671780591243
544, 898, 0.6537416632088533
545, 619, 0.4831656433789714
545, 898, 0.4653160021560233
545, 689, 0.4831656433789714
545, 515, 0.35442390229631165
545, 608, 0.3888829778642104
545, 1037, 0.19934058107275404
546, 785, 0.5012838980365723
546, 309, 0.5012838980365723
546, 77, 0.3743687850629119
546, 277, 0.367890960690554
546, 243, 0.47109782524569094
547, 126, 0.5107232733691021
547, 417, 0.5107232733691021
547, 420, 0.491855567606551
547, 683, 0.37463867313729043
547, 969, 0.30991521628127067
548, 31, 0.7858639198890329
548, 86, 0.618399465892916
549, 85, 0.6402854952232913
549, 401, 0.5431548971548837
549, 281, 0.5431548971548837
550, 699, 0.4213045659335455
550, 414, 0.4213045659335455
550, 501, 0.4213045659335455
550, 607, 0.39593465011495915
550, 66, 0.39593465011495915
550, 767, 0.22116387293515374
550, 380, 0.324137987831808
551, 250, 0.5268675418358184
551, 388, 0.49514088548140184
551, 994, 0.49514088548140184
551, 145, 0.3746048159906639
551, 498, 0.30290729975665787
552, 119, 0.3985624163614572
552, 690, 0.3572875399850307
552, 14, 0.3572875399850307
552, 565, 0.41591961978259895
552, 65, 0.4382969469459998
552, 30, 0.4698360181858349
553, 576, 0.4971586073443801
553, 283, 0.41604218490495437
553, 595, 0.37832519637525197
553, 683, 0.32714643195494686
553, 380, 0.19124880626535865
553, 221, 0.34838753835613134
553, 790, 0.3136846560643442
553, 969, 0.2706278462015819
554, 108, 0.46916337515395934
554, 271, 0.46916337515395934
554, 652, 0.46916337515395934
554, 317, 0.46916337515395934
554, 1060, 0.2989863811045778
554, 1037, 0.17363770780152876
555, 628, 0.451780191460932
555, 876, 0.4245751090748167
555, 244, 0.4245751090748167
555, 676, 0.37806771355360597
555, 503, 0.4052727959397213
555, 1068, 0.3165882807940789
555, 1037, 0.16720417882079858
556, 143, 0.43636769199767556
556, 934, 0.41652925669389107
556, 51, 0.41652925669389107
556, 597, 0.40114137079444684
556, 158, 0.3885685525506253
556, 660, 0.27992022457076876
556, 1039, 0.26895118980738003
557, 330, 0.6371552222979592
557, 52, 0.5987873154198229
557, 770, 0.4241224548485754
557, 1037, 0.23581161312364957
558, 230, 0.5111303521880447
558, 167, 0.5111303521880447
558, 846, 0.5111303521880447
558, 1037, 0.18916971665274543
558, 790, 0.3225001968417923
558, 90, 0.27648821051701483
559, 853, 0.4201198717044805
559, 352, 0.32627451663012885
559, 517, 0.35157309310114476
559, 204, 0.39482129523346465
559, 936, 0.32627451663012885
559, 465, 0.3336234674398407
559, 380, 0.16161326137149856
559, 696, 0.3768716695721606
559, 90, 0.22725747166639618
560, 486, 0.5723624659819445
560, 412, 0.5134420261529227
560, 615, 0.5134420261529227
560, 1006, 0.3809931483570673
561, 893, 0.666396799040195
561, 224, 0.57716676878446
561, 1006, 0.4720104100969465
562, 556, 0.4882289644803761
562, 861, 0.4882289644803761
562, 80, 0.4882289644803761
562, 324, 0.4379694400807467
562, 511, 0.30509048540165246
563, 963, 0.4198213393570348
563, 101, 0.4198213393570348
563, 690, 0.28638900522683663
563, 14, 0.28638900522683663
563, 172, 0.28282519925488286
563, 459, 0.24695145752725162
563, 353, 0.32604266971232865
563, 380, 0.1614984208472933
563, 161, 0.32604266971232865
563, 969, 0.2285293730838633
563, 90, 0.2270959851215777
564, 426, 0.6244877244143315
564, 1039, 0.4032290980817459
564, 524, 0.5528241489450372
564, 90, 0.3765724855312545
565, 682, 0.3951936772933311
565, 54, 0.3951936772933311
565, 1078, 0.34141468571873784
565, 375, 0.3069162748979998
565, 879, 0.29513849818901416
565, 1079, 0.26623403826002623
565, 668, 0.24934938450073146
565, 511, 0.2469534575061709
565, 380, 0.15202456099409883
565, 1015, 0.2544562615510405
565, 790, 0.24934938450073146
565, 90, 0.21377402491306696
566, 924, 0.3669078923321404
566, 46, 0.3669078923321404
566, 152, 0.32983350821067664
566, 1080, 0.35540804071279825
566, 668, 0.2679681365459749
566, 459, 0.2498227169646849
566, 524, 0.33726262113150823
566, 918, 0.3669078923321404
566, 498, 0.24417046965865205
566, 969, 0.23118644231426194
567, 624, 0.6469134665215162
567, 216, 0.7625634182368803
568, 260, 0.5801014501173385
568, 483, 0.5801014501173385
568, 515, 0.3817255032382839
568, 277, 0.42573495900736286
569, 737, 1.0
570, 863, 0.7443822936904264
570, 133, 0.6677536977360586
571, 754, 0.7765546136247382
571, 608, 0.56068012330996
571, 1037, 0.2874034296650989
572, 583, 0.5463936633262617
572, 1073, 0.5463936633262617
572, 119, 0.41579183568858713
572, 624, 0.3680944302129265
572, 980, 0.30745986595773994
573, 426, 0.5567370292142846
573, 366, 0.4634957066117863
573, 353, 0.4819919345574576
573, 524, 0.4928482375697951
574, 961, 0.5561291515294449
574, 225, 0.5561291515294449
574, 693, 0.4153283111857641
574, 1037, 0.20582380515421383
574, 944, 0.40814175086322746
575, 442, 0.9378310947107659
575, 1037, 0.3470919731045454
576, 347, 0.426508094731586
576, 968, 0.426508094731586
576, 283, 0.3569190133499238
576, 595, 0.32456193317636595
576, 690, 0.29095050089269725
576, 14, 0.29095050089269725
576, 624, 0.2873299319682616
576, 114, 0.3185247279427117
576, 68, 0.2238954658846728
577, 681, 0.4788715876062591
577, 762, 0.5095557721350852
577, 381, 0.5095557721350852
577, 773, 0.3739616677703797
577, 1037, 0.18858696342513853
577, 90, 0.27563646532267266
578, 678, 0.510026696839873
578, 375, 0.4214785676175103
578, 879, 0.4053045134437071
578, 511, 0.3391334968224944
578, 380, 0.20877059788298372
578, 1015, 0.3494368640942282
578, 790, 0.34242374879143644
579, 226, 0.4763219099870256
579, 174, 0.427288127891467
579, 908, 0.41150277583632167
579, 841, 0.3877004625695176
579, 5, 0.3005376399059153
579, 717, 0.32493192980102203
579, 498, 0.27384754632325503
580, 509, 0.4699841634798996
580, 678, 0.44168288305790077
580, 931, 0.44168288305790077
580, 940, 0.32934484762466965
580, 5, 0.2965388077345682
580, 806, 0.35764612804666845
580, 90, 0.25423080389498537
581, 71, 0.37271322954556835
581, 794, 0.37271322954556835
581, 1007, 0.37271322954556835
581, 22, 0.37271322954556835
581, 449, 0.2611815276572262
581, 692, 0.2836253937404056
581, 344, 0.35026936346238896
581, 380, 0.14337669946146675
581, 432, 0.33434518705479327
581, 90, 0.2016135677169866
582, 211, 0.5410132130657993
582, 122, 0.4853199446183978
582, 70, 0.41169744836167377
582, 353, 0.4201629974497444
582, 1037, 0.2002293852887777
582, 90, 0.2926528908062018
583, 232, 0.5463994979547726
583, 212, 0.5463994979547726
583, 236, 0.4243461071214004
583, 1049, 0.47204402193064343
584, 308, 0.4557520480488504
584, 456, 0.42830779031210553
584, 401, 0.3468158461492111
584, 772, 0.393732114632936
584, 380, 0.17532037835554992
584, 600, 0.3539472640916358
584, 281, 0.3468158461492111
584, 68, 0.23924708202785316
585, 1034, 0.41282144251548236
585, 181, 0.41282144251548236
585, 571, 0.41282144251548236
585, 653, 0.33601449117935306
585, 565, 0.32782767576967076
585, 114, 0.3083032638546162
585, 660, 0.24886927411065882
585, 380, 0.15880567471929508
585, 145, 0.29351760780644726
586, 411, 0.7443822936904264
586, 162, 0.6677536977360586
587, 1014, 0.6228655627404615
587, 515, 0.40986567149385084
587, 380, 0.23960622139123194
587, 1068, 0.4364776088039076
587, 145, 0.44285977212470096
588, 924, 0.40433489184234606
588, 46, 0.40433489184234606
588, 152, 0.36347867858786626
588, 1080, 0.3916619803081876
588, 668, 0.29530263527127903
588, 459, 0.27530626447314616
588, 790, 0.29530263527127903
588, 498, 0.26907745105453995
588, 969, 0.25476896818543987
589, 350, 0.6335892981886082
589, 581, 0.6335892981886082
589, 1068, 0.44399234502605317
590, 362, 0.5159507162358875
590, 144, 0.446017485184729
590, 703, 0.4861068821253655
590, 459, 0.35130399875193286
590, 221, 0.41850789829634355
591, 1003, 0.7606727062902039
591, 565, 0.6040615618341837
591, 86, 0.2376692311166587
592, 352, 0.5396547996067578
592, 332, 0.581498393022541
592, 956, 0.5518098910233235
592, 1037, 0.2571734052004997
593, 609, 0.7071067811865476
593, 839, 0.7071067811865476
594, 219, 0.795516250176258
594, 515, 0.6059322533959595
595, 292, 0.303528067048764
595, 913, 0.303528067048764
595, 925, 0.607056134097528
595, 508, 0.303528067048764
595, 1029, 0.2852503598215891
595, 321, 0.2852503598215891
595, 152, 0.23572670570954246
595, 209, 0.2852503598215891
595, 980, 0.17079754959292084
595, 380, 0.11676229604307593
595, 1037, 0.11233595929878573
596, 316, 0.523974719231465
596, 815, 0.523974719231465
596, 168, 0.523974719231465
596, 459, 0.3082175880335571
596, 969, 0.2852251728822309
597, 337, 0.65493672135944
597, 904, 0.5887583259354696
597, 86, 0.4737314900411523
598, 94, 0.8061880753932523
598, 944, 0.5916593505504022
599, 312, 0.7233584752369411
599, 1048, 0.6904726760002077
600, 246, 0.7739821161689308
600, 869, 0.6332074571976105
601, 734, 0.8480393778072943
601, 86, 0.52993321625297
602, 444, 0.622825656320315
602, 987, 0.5853206403576003
602, 693, 0.46513858748687725
602, 1037, 0.23050823028961567
603, 707, 0.7286803241815832
603, 670, 0.629519595489949
603, 1037, 0.2696851201768349
604, 494, 0.4366671905252989
604, 85, 0.3917155655431927
604, 854, 0.3772443745506121
604, 1070, 0.3917155655431927
604, 684, 0.34676394056108656
604, 366, 0.32611174273518073
604, 661, 0.36542055058218026
605, 448, 0.6128504231646241
605, 285, 0.6128504231646241
605, 1045, 0.4988273425283363
606, 430, 0.7182734654968278
606, 278, 0.6957608991335869
607, 139, 0.6417584424727135
607, 565, 0.5422850272296834
607, 855, 0.5422850272296834
608, 349, 0.6099485264532908
608, 962, 0.5471588824992001
608, 249, 0.5732189393065148
609, 905, 0.6448943398657391
609, 907, 0.6060604025263149
609, 608, 0.465620101476272
610, 182, 0.6400622935105639
610, 61, 0.6015193300156568
610, 114, 0.4780112509591297
611, 31, 0.7699970900500557
611, 515, 0.6380473973886631
612, 914, 0.5277839496080841
612, 681, 0.49600210945097983
612, 378, 0.49600210945097983
612, 773, 0.38733928023398656
612, 380, 0.20302987585336688
612, 1037, 0.19533322522098384
613, 937, 0.4699182426672902
613, 522, 0.4699182426672902
613, 854, 0.40597053635215596
613, 1039, 0.2721889755783925
613, 480, 0.3932463594471568
613, 691, 0.40597053635215596
614, 997, 0.6767669133759634
614, 389, 0.7361973546268497
615, 39, 0.7765546136247382
615, 608, 0.56068012330996
615, 1037, 0.2874034296650989
616, 1082, 0.42103566356600525
616, 617, 0.42103566356600525
616, 370, 0.42103566356600525
616, 507, 0.3776931875033005
616, 684, 0.33435071144059575
616, 1060, 0.26831576383014705
616, 459, 0.2476657593151863
616, 980, 0.23691996699847181
616, 1037, 0.1558256065923858