col_0,col_1,col_2,col_3,col_4,col_5,col_6,col_7,col_8,col_9
0.009211828566251603,0.009211828566251603,0.009211828566251603,0.009211828566251603,0.009211828566251603,0.009211828566251603,0.009211828566251603,0.009211828566251603,0.009211828566251603,0.009211828566251603
0.009211828566251603,0.009211828566251603,0.009211828566251603,0.009211828566251603,0.009211828566251603,0.009211828566251603,0.009211828566251603,0.009211828566251603,0.009211828566251603,0.009211828566251603
0.009211828566251603,0.009211828566251603,0.009211828566251603,0.009211828566251603,0.009211828566251603,0.009211828566251603,0.009211828566251603,0.009211828566251603,0.009211828566251603,0.009211828566251603
0.009211828566251603,0.009211828566251603,0.009211828566251603,0.009211828566251603,0.009211828566251603,0.009211828566251603,0.009211828566251603,0.009211828566251603,0.009211828566251603,0.009211828566251603
0.009211828566251603,0.009211828566251603,0.009211828566251603,0.009211828566251603,0.009211828566251603,0.009211828566251603,0.009211828566251603,0.009211828566251603,0.009211828566251603,0.009211828566251603
0.009211828566251603,0.009211828566251603,0.009211828566251603,0.009211828566251603,0.009211828566251603,0.009211828566251603,0.009211828566251603,0.009211828566251603,0.009211828566251603,0.009211828566251603
0.009211828566251603,0.009211828566251603,0.009211828566251603,0.009211828566251603,0.009211828566251603,0.009211828566251603,0.009211828566251603,0.009211828566251603,0.009211828566251603,0.009211828566251603
0.009211828566251603,0.009211828566251603,0.009211828566251603,0.009211828566251603,0.009211828566251603,0.009211828566251603,0.009211828566251603,0.009211828566251603,0.009211828566251603,0.009211828566251603
0.009211828566251603,0.009211828566251603,0.009211828566251603,0.009211828566251603,0.009211828566251603,0.009211828566251603,0.009211828566251603,0.009211828566251603,0.009211828566251603,0.009211828566251603
0.009211828566251603,0.009211828566251603,0.009211828566251603,0.009211828566251603,0.009211828566251603,0.009211828566251603,0.009211828566251603,0.009211828566251603,0.009211828566251603,0.009211828566251603
0.009211828566251603,0.009211828566251603,0.009211828566251603,0.009211828566251603,0.009211828566251603,0.009211828566251603,0.009211828566251603,0.009211828566251603,0.009211828566251603,0.009211828566251603
0.009211828566251603,0.009211828566251603,0.009211828566251603,0.009211828566251603,0.009211828566251603,0.009211828566251603,0.009211828566251603,0.009211828566251603,0.009211828566251603,0.009211828566251603
0.009211828566251603,0.009211828566251603,0.009211828566251603,0.009211828566251603,0.009211828566251603,0.009211828566251603,0.009211828566251603,0.009211828566251603,0.009211828566251603,0.009211828566251603
0.009211828566251603,0.009211828566251603,0.009211828566251603,0.009211828566251603,0.009211828566251603,0.009211828566251603,0.009211828566251603,0.009211828566251603,0.009211828566251603,0.009211828566251603
0.009211828566251603,0.009211828566251603,0.009211828566251603,0.009211828566251603,0.009211828566251603,0.009211828566251603,0.009211828566251603,0.009211828566251603,0.009211828566251603,0.009211828566251603
0.009211828566251603,0.009211828566251603,0.009211828566251603,0.009211828566251603,0.009211828566251603,0.009211828566251603,0.009211828566251603,0.009211828566251603,0.009211828566251603,0.009211828566251603
0.009211828566251603,0.009211828566251603,0.009211828566251603,0.009211828566251603,0.009211828566251603,0.009211828566251603,0.009211828566251603,0.009211828566251603,0.009211828566251603,0.009211828566251603
0.009211828566251603,0.009211828566251603,0.009211828566251603,0.009211828566251603,0.009211828566251603,0.009211828566251603,0.009211828566251603,0.009211828566251603,0.009211828566251603,0.009211828566251603
0.009211828566251603,0.009211828566251603,0.009211828566251603,0.009211828566251603,0.009211828566251603,0.009211828566251603,0.009211828566251603,0.009211828566251603,0.009211828566251603,0.009211828566251603
0.009211828566251603,0.009211828566251603,0.009211828566251603,0.009211828566251603,0.009211828566251603,0.009211828566251603,0.009211828566251603,0.009211828566251603,0.009211828566251603,0.009211828566251603
-0.06251473610764964,0.009211828566251603,0.009211828566251603,0.009211828566251603,0.009211828566251603,0.009211828566251603,0.009211828566251603,0.009211828566251603,0.009211828566251603,0.009211828566251603
-0.05244558013364709,-0.06251473610764964,0.009211828566251603,0.009211828566251603,0.009211828566251603,0.009211828566251603,0.009211828566251603,0.009211828566251603,0.009211828566251603,0.009211828566251603
-0.03157501734888549,-0.05244558013364709,-0.06251473610764964,0.009211828566251603,0.009211828566251603,0.009211828566251603,0.009211828566251603,0.009211828566251603,0.009211828566251603,0.009211828566251603
-0.06366352502302766,-0.03157501734888549,-0.05244558013364709,-0.06251473610764964,0.009211828566251603,0.009211828566251603,0.009211828566251603,0.009211828566251603,0.009211828566251603,0.009211828566251603
-0.04248527299072833,-0.06366352502302766,-0.03157501734888549,-0.05244558013364709,-0.06251473610764964,0.009211828566251603,0.009211828566251603,0.009211828566251603,0.009211828566251603,0.009211828566251603
-0.04498188844638194,-0.04248527299072833,-0.06366352502302766,-0.03157501734888549,-0.05244558013364709,-0.06251473610764964,0.009211828566251603,0.009211828566251603,0.009211828566251603,0.009211828566251603
-0.030785129083868986,-0.04498188844638194,-0.04248527299072833,-0.06366352502302766,-0.03157501734888549,-0.05244558013364709,-0.06251473610764964,0.009211828566251603,0.009211828566251603,0.009211828566251603
-0.03317264928548557,-0.030785129083868986,-0.04498188844638194,-0.04248527299072833,-0.06366352502302766,-0.03157501734888549,-0.05244558013364709,-0.06251473610764964,0.009211828566251603,0.009211828566251603
-0.011579128300490567,-0.03317264928548557,-0.030785129083868986,-0.04498188844638194,-0.04248527299072833,-0.06366352502302766,-0.03157501734888549,-0.05244558013364709,-0.06251473610764964,0.009211828566251603
-0.000254747006330574,-0.011579128300490567,-0.03317264928548557,-0.030785129083868986,-0.04498188844638194,-0.04248527299072833,-0.06366352502302766,-0.03157501734888549,-0.05244558013364709,-0.06251473610764964
0.016293927178068112,-0.000254747006330574,-0.011579128300490567,-0.03317264928548557,-0.030785129083868986,-0.04498188844638194,-0.04248527299072833,-0.06366352502302766,-0.03157501734888549,-0.05244558013364709
0.01515433163074679,0.016293927178068112,-0.000254747006330574,-0.011579128300490567,-0.03317264928548557,-0.030785129083868986,-0.04498188844638194,-0.04248527299072833,-0.06366352502302766,-0.03157501734888549
0.019527627759862755,0.01515433163074679,0.016293927178068112,-0.000254747006330574,-0.011579128300490567,-0.03317264928548557,-0.030785129083868986,-0.04498188844638194,-0.04248527299072833,-0.06366352502302766
0.014576276817518748,0.019527627759862755,0.01515433163074679,0.016293927178068112,-0.000254747006330574,-0.011579128300490567,-0.03317264928548557,-0.030785129083868986,-0.04498188844638194,-0.04248527299072833
0.007242209991575013,0.014576276817518748,0.019527627759862755,0.01515433163074679,0.016293927178068112,-0.000254747006330574,-0.011579128300490567,-0.03317264928548557,-0.030785129083868986,-0.04498188844638194
-0.008949302449194781,0.007242209991575013,0.014576276817518748,0.019527627759862755,0.01515433163074679,0.016293927178068112,-0.000254747006330574,-0.011579128300490567,-0.03317264928548557,-0.030785129083868986
0.011533355516559875,-0.008949302449194781,0.007242209991575013,0.014576276817518748,0.019527627759862755,0.01515433163074679,0.016293927178068112,-0.000254747006330574,-0.011579128300490567,-0.03317264928548557
0.020242727803351828,0.011533355516559875,-0.008949302449194781,0.007242209991575013,0.014576276817518748,0.019527627759862755,0.01515433163074679,0.016293927178068112,-0.000254747006330574,-0.011579128300490567
0.03273157119414525,0.020242727803351828,0.011533355516559875,-0.008949302449194781,0.007242209991575013,0.014576276817518748,0.019527627759862755,0.01515433163074679,0.016293927178068112,-0.000254747006330574
0.051279838430676156,0.03273157119414525,0.020242727803351828,0.011533355516559875,-0.008949302449194781,0.007242209991575013,0.014576276817518748,0.019527627759862755,0.01515433163074679,0.016293927178068112
0.04662418985500876,0.051279838430676156,0.03273157119414525,0.020242727803351828,0.011533355516559875,-0.008949302449194781,0.007242209991575013,0.014576276817518748,0.019527627759862755,0.01515433163074679
0.045447729787747096,0.04662418985500876,0.051279838430676156,0.03273157119414525,0.020242727803351828,0.011533355516559875,-0.008949302449194781,0.007242209991575013,0.014576276817518748,0.019527627759862755
0.049553429609931254,0.045447729787747096,0.04662418985500876,0.051279838430676156,0.03273157119414525,0.020242727803351828,0.011533355516559875,-0.008949302449194781,0.007242209991575013,0.014576276817518748
0.08528803069782259,0.049553429609931254,0.045447729787747096,0.04662418985500876,0.051279838430676156,0.03273157119414525,0.020242727803351828,0.011533355516559875,-0.008949302449194781,0.007242209991575013
0.07931813238376156,0.08528803069782259,0.049553429609931254,0.045447729787747096,0.04662418985500876,0.051279838430676156,0.03273157119414525,0.020242727803351828,0.011533355516559875,-0.008949302449194781
0.09166372691016653,0.07931813238376156,0.08528803069782259,0.049553429609931254,0.045447729787747096,0.04662418985500876,0.051279838430676156,0.03273157119414525,0.020242727803351828,0.011533355516559875
0.09301733444449471,0.09166372691016653,0.07931813238376156,0.08528803069782259,0.049553429609931254,0.045447729787747096,0.04662418985500876,0.051279838430676156,0.03273157119414525,0.020242727803351828
0.08795295744091143,0.09301733444449471,0.09166372691016653,0.07931813238376156,0.08528803069782259,0.049553429609931254,0.045447729787747096,0.04662418985500876,0.051279838430676156,0.03273157119414525
0.08586218449375191,0.08795295744091143,0.09301733444449471,0.09166372691016653,0.07931813238376156,0.08528803069782259,0.049553429609931254,0.045447729787747096,0.04662418985500876,0.051279838430676156
0.06558960581442351,0.08586218449375191,0.08795295744091143,0.09301733444449471,0.09166372691016653,0.07931813238376156,0.08528803069782259,0.049553429609931254,0.045447729787747096,0.04662418985500876
0.06304932718875421,0.06558960581442351,0.08586218449375191,0.08795295744091143,0.09301733444449471,0.09166372691016653,0.07931813238376156,0.08528803069782259,0.049553429609931254,0.045447729787747096
0.055723056357378835,0.06304932718875421,0.06558960581442351,0.08586218449375191,0.08795295744091143,0.09301733444449471,0.09166372691016653,0.07931813238376156,0.08528803069782259,0.049553429609931254
0.05268935090302383,0.055723056357378835,0.06304932718875421,0.06558960581442351,0.08586218449375191,0.08795295744091143,0.09301733444449471,0.09166372691016653,0.07931813238376156,0.08528803069782259
0.03557406124216307,0.05268935090302383,0.055723056357378835,0.06304932718875421,0.06558960581442351,0.08586218449375191,0.08795295744091143,0.09301733444449471,0.09166372691016653,0.07931813238376156
0.04164635457327782,0.03557406124216307,0.05268935090302383,0.055723056357378835,0.06304932718875421,0.06558960581442351,0.08586218449375191,0.08795295744091143,0.09301733444449471,0.09166372691016653
0.051276733695891176,0.04164635457327782,0.03557406124216307,0.05268935090302383,0.055723056357378835,0.06304932718875421,0.06558960581442351,0.08586218449375191,0.08795295744091143,0.09301733444449471
0.04888674976407332,0.051276733695891176,0.04164635457327782,0.03557406124216307,0.05268935090302383,0.055723056357378835,0.06304932718875421,0.06558960581442351,0.08586218449375191,0.08795295744091143
0.029665607205482048,0.04888674976407332,0.051276733695891176,0.04164635457327782,0.03557406124216307,0.05268935090302383,0.055723056357378835,0.06304932718875421,0.06558960581442351,0.08586218449375191
0.0434768023042218,0.029665607205482048,0.04888674976407332,0.051276733695891176,0.04164635457327782,0.03557406124216307,0.05268935090302383,0.055723056357378835,0.06304932718875421,0.06558960581442351
0.044765735563987316,0.0434768023042218,0.029665607205482048,0.04888674976407332,0.051276733695891176,0.04164635457327782,0.03557406124216307,0.05268935090302383,0.055723056357378835,0.06304932718875421
0.054447742079819596,0.044765735563987316,0.0434768023042218,0.029665607205482048,0.04888674976407332,0.051276733695891176,0.04164635457327782,0.03557406124216307,0.05268935090302383,0.055723056357378835
0.04413186779580541,0.054447742079819596,0.044765735563987316,0.0434768023042218,0.029665607205482048,0.04888674976407332,0.051276733695891176,0.04164635457327782,0.03557406124216307,0.05268935090302383
0.042519919976914546,0.04413186779580541,0.054447742079819596,0.044765735563987316,0.0434768023042218,0.029665607205482048,0.04888674976407332,0.051276733695891176,0.04164635457327782,0.03557406124216307
0.049499832045538684,0.042519919976914546,0.04413186779580541,0.054447742079819596,0.044765735563987316,0.0434768023042218,0.029665607205482048,0.04888674976407332,0.051276733695891176,0.04164635457327782
0.049402855578104005,0.049499832045538684,0.042519919976914546,0.04413186779580541,0.054447742079819596,0.044765735563987316,0.0434768023042218,0.029665607205482048,0.04888674976407332,0.051276733695891176
0.05004688674919943,0.049402855578104005,0.049499832045538684,0.042519919976914546,0.04413186779580541,0.054447742079819596,0.044765735563987316,0.0434768023042218,0.029665607205482048,0.04888674976407332
0.043432805813048425,0.05004688674919943,0.049402855578104005,0.049499832045538684,0.042519919976914546,0.04413186779580541,0.054447742079819596,0.044765735563987316,0.0434768023042218,0.029665607205482048
0.04796825190056517,0.043432805813048425,0.05004688674919943,0.049402855578104005,0.049499832045538684,0.042519919976914546,0.04413186779580541,0.054447742079819596,0.044765735563987316,0.0434768023042218
0.0465091673664445,0.04796825190056517,0.043432805813048425,0.05004688674919943,0.049402855578104005,0.049499832045538684,0.042519919976914546,0.04413186779580541,0.054447742079819596,0.044765735563987316
0.042740398491745206,0.0465091673664445,0.04796825190056517,0.043432805813048425,0.05004688674919943,0.049402855578104005,0.049499832045538684,0.042519919976914546,0.04413186779580541,0.054447742079819596
0.052478390324933434,0.042740398491745206,0.0465091673664445,0.04796825190056517,0.043432805813048425,0.05004688674919943,0.049402855578104005,0.049499832045538684,0.042519919976914546,0.04413186779580541
0.06115438049387581,0.052478390324933434,0.042740398491745206,0.0465091673664445,0.04796825190056517,0.043432805813048425,0.05004688674919943,0.049402855578104005,0.049499832045538684,0.042519919976914546
0.04896244551483001,0.06115438049387581,0.052478390324933434,0.042740398491745206,0.0465091673664445,0.04796825190056517,0.043432805813048425,0.05004688674919943,0.049402855578104005,0.049499832045538684
0.0417168065989465,0.04896244551483001,0.06115438049387581,0.052478390324933434,0.042740398491745206,0.0465091673664445,0.04796825190056517,0.043432805813048425,0.05004688674919943,0.049402855578104005
0.026177733468678733,0.0417168065989465,0.04896244551483001,0.06115438049387581,0.052478390324933434,0.042740398491745206,0.0465091673664445,0.04796825190056517,0.043432805813048425,0.05004688674919943
0.0836742056072702,0.026177733468678733,0.0417168065989465,0.04896244551483001,0.06115438049387581,0.052478390324933434,0.042740398491745206,0.0465091673664445,0.04796825190056517,0.043432805813048425
0.10671424067197613,0.0836742056072702,0.026177733468678733,0.0417168065989465,0.04896244551483001,0.06115438049387581,0.052478390324933434,0.042740398491745206,0.0465091673664445,0.04796825190056517
0.11511601728890881,0.10671424067197613,0.0836742056072702,0.026177733468678733,0.0417168065989465,0.04896244551483001,0.06115438049387581,0.052478390324933434,0.042740398491745206,0.0465091673664445
0.1001205219253891,0.11511601728890881,0.10671424067197613,0.0836742056072702,0.026177733468678733,0.0417168065989465,0.04896244551483001,0.06115438049387581,0.052478390324933434,0.042740398491745206
0.06120721112953634,0.1001205219253891,0.11511601728890881,0.10671424067197613,0.0836742056072702,0.026177733468678733,0.0417168065989465,0.04896244551483001,0.06115438049387581,0.052478390324933434
0.05354415459907178,0.06120721112953634,0.1001205219253891,0.11511601728890881,0.10671424067197613,0.0836742056072702,0.026177733468678733,0.0417168065989465,0.04896244551483001,0.06115438049387581
0.07583063380647077,0.05354415459907178,0.06120721112953634,0.1001205219253891,0.11511601728890881,0.10671424067197613,0.0836742056072702,0.026177733468678733,0.0417168065989465,0.04896244551483001
0.03844417012700305,0.07583063380647077,0.05354415459907178,0.06120721112953634,0.1001205219253891,0.11511601728890881,0.10671424067197613,0.0836742056072702,0.026177733468678733,0.0417168065989465
0.054376736918455515,0.03844417012700305,0.07583063380647077,0.05354415459907178,0.06120721112953634,0.1001205219253891,0.11511601728890881,0.10671424067197613,0.0836742056072702,0.026177733468678733
0.01832598716769963,0.054376736918455515,0.03844417012700305,0.07583063380647077,0.05354415459907178,0.06120721112953634,0.1001205219253891,0.11511601728890881,0.10671424067197613,0.0836742056072702
0.003975588216993134,0.01832598716769963,0.054376736918455515,0.03844417012700305,0.07583063380647077,0.05354415459907178,0.06120721112953634,0.1001205219253891,0.11511601728890881,0.10671424067197613
-0.03741114294544255,0.003975588216993134,0.01832598716769963,0.054376736918455515,0.03844417012700305,0.07583063380647077,0.05354415459907178,0.06120721112953634,0.1001205219253891,0.11511601728890881
-0.07887070797153971,-0.03741114294544255,0.003975588216993134,0.01832598716769963,0.054376736918455515,0.03844417012700305,0.07583063380647077,0.05354415459907178,0.06120721112953634,0.1001205219253891
-0.006752929618998679,-0.07887070797153971,-0.03741114294544255,0.003975588216993134,0.01832598716769963,0.054376736918455515,0.03844417012700305,0.07583063380647077,0.05354415459907178,0.06120721112953634
0.0007597115489865417,-0.006752929618998679,-0.07887070797153971,-0.03741114294544255,0.003975588216993134,0.01832598716769963,0.054376736918455515,0.03844417012700305,0.07583063380647077,0.05354415459907178
0.020221239021979615,0.0007597115489865417,-0.006752929618998679,-0.07887070797153971,-0.03741114294544255,0.003975588216993134,0.01832598716769963,0.054376736918455515,0.03844417012700305,0.07583063380647077
0.0029954411157743664,0.020221239021979615,0.0007597115489865417,-0.006752929618998679,-0.07887070797153971,-0.03741114294544255,0.003975588216993134,0.01832598716769963,0.054376736918455515,0.03844417012700305
-0.016831372362804575,0.0029954411157743664,0.020221239021979615,0.0007597115489865417,-0.006752929618998679,-0.07887070797153971,-0.03741114294544255,0.003975588216993134,0.01832598716769963,0.054376736918455515
-0.016635154319358976,-0.016831372362804575,0.0029954411157743664,0.020221239021979615,0.0007597115489865417,-0.006752929618998679,-0.07887070797153971,-0.03741114294544255,0.003975588216993134,0.01832598716769963
-0.02573998122771837,-0.016635154319358976,-0.016831372362804575,0.0029954411157743664,0.020221239021979615,0.0007597115489865417,-0.006752929618998679,-0.07887070797153971,-0.03741114294544255,0.003975588216993134
-0.03992139100547702,-0.02573998122771837,-0.016635154319358976,-0.016831372362804575,0.0029954411157743664,0.020221239021979615,0.0007597115489865417,-0.006752929618998679,-0.07887070797153971,-0.03741114294544255
-0.07742014897976371,-0.03992139100547702,-0.02573998122771837,-0.016635154319358976,-0.016831372362804575,0.0029954411157743664,0.020221239021979615,0.0007597115489865417,-0.006752929618998679,-0.07887070797153971
-0.05333243071393437,-0.07742014897976371,-0.03992139100547702,-0.02573998122771837,-0.016635154319358976,-0.016831372362804575,0.0029954411157743664,0.020221239021979615,0.0007597115489865417,-0.006752929618998679
-0.030568997353270146,-0.05333243071393437,-0.07742014897976371,-0.03992139100547702,-0.02573998122771837,-0.016635154319358976,-0.016831372362804575,0.0029954411157743664,0.020221239021979615,0.0007597115489865417
-0.033565626765763974,-0.030568997353270146,-0.05333243071393437,-0.07742014897976371,-0.03992139100547702,-0.02573998122771837,-0.016635154319358976,-0.016831372362804575,0.0029954411157743664,0.020221239021979615
-0.03466041303853552,-0.033565626765763974,-0.030568997353270146,-0.05333243071393437,-0.07742014897976371,-0.03992139100547702,-0.02573998122771837,-0.016635154319358976,-0.016831372362804575,0.0029954411157743664
0.007020759700906285,-0.03466041303853552,-0.033565626765763974,-0.030568997353270146,-0.05333243071393437,-0.07742014897976371,-0.03992139100547702,-0.02573998122771837,-0.016635154319358976,-0.016831372362804575
0.022707921078316404,0.007020759700906285,-0.03466041303853552,-0.033565626765763974,-0.030568997353270146,-0.05333243071393437,-0.07742014897976371,-0.03992139100547702,-0.02573998122771837,-0.016635154319358976
0.040498622820739384,0.022707921078316404,0.007020759700906285,-0.03466041303853552,-0.033565626765763974,-0.030568997353270146,-0.05333243071393437,-0.07742014897976371,-0.03992139100547702,-0.02573998122771837
0.05246974325010173,0.040498622820739384,0.022707921078316404,0.007020759700906285,-0.03466041303853552,-0.033565626765763974,-0.030568997353270146,-0.05333243071393437,-0.07742014897976371,-0.03992139100547702
0.047410489390128326,0.05246974325010173,0.040498622820739384,0.022707921078316404,0.007020759700906285,-0.03466041303853552,-0.033565626765763974,-0.030568997353270146,-0.05333243071393437,-0.07742014897976371
0.015319915111814684,0.047410489390128326,0.05246974325010173,0.040498622820739384,0.022707921078316404,0.007020759700906285,-0.03466041303853552,-0.033565626765763974,-0.030568997353270146,-0.05333243071393437
-0.008752657044982766,0.015319915111814684,0.047410489390128326,0.05246974325010173,0.040498622820739384,0.022707921078316404,0.007020759700906285,-0.03466041303853552,-0.033565626765763974,-0.030568997353270146
-0.014487446510765034,-0.008752657044982766,0.015319915111814684,0.047410489390128326,0.05246974325010173,0.040498622820739384,0.022707921078316404,0.007020759700906285,-0.03466041303853552,-0.033565626765763974
-0.037277121784021976,-0.014487446510765034,-0.008752657044982766,0.015319915111814684,0.047410489390128326,0.05246974325010173,0.040498622820739384,0.022707921078316404,0.007020759700906285,-0.03466041303853552
-0.00442179874197425,-0.037277121784021976,-0.014487446510765034,-0.008752657044982766,0.015319915111814684,0.047410489390128326,0.05246974325010173,0.040498622820739384,0.022707921078316404,0.007020759700906285
0.009157785957575158,-0.00442179874197425,-0.037277121784021976,-0.014487446510765034,-0.008752657044982766,0.015319915111814684,0.047410489390128326,0.05246974325010173,0.040498622820739384,0.022707921078316404
0.012288718517917229,0.009157785957575158,-0.00442179874197425,-0.037277121784021976,-0.014487446510765034,-0.008752657044982766,0.015319915111814684,0.047410489390128326,0.05246974325010173,0.040498622820739384
0.03381294427030084,0.012288718517917229,0.009157785957575158,-0.00442179874197425,-0.037277121784021976,-0.014487446510765034,-0.008752657044982766,0.015319915111814684,0.047410489390128326,0.05246974325010173
0.06227742189592298,0.03381294427030084,0.012288718517917229,0.009157785957575158,-0.00442179874197425,-0.037277121784021976,-0.014487446510765034,-0.008752657044982766,0.015319915111814684,0.047410489390128326
0.07638301200856105,0.06227742189592298,0.03381294427030084,0.012288718517917229,0.009157785957575158,-0.00442179874197425,-0.037277121784021976,-0.014487446510765034,-0.008752657044982766,0.015319915111814684
0.07743514441881083,0.07638301200856105,0.06227742189592298,0.03381294427030084,0.012288718517917229,0.009157785957575158,-0.00442179874197425,-0.037277121784021976,-0.014487446510765034,-0.008752657044982766
0.05517151800533941,0.07743514441881083,0.07638301200856105,0.06227742189592298,0.03381294427030084,0.012288718517917229,0.009157785957575158,-0.00442179874197425,-0.037277121784021976,-0.014487446510765034
0.06442198339869652,0.05517151800533941,0.07743514441881083,0.07638301200856105,0.06227742189592298,0.03381294427030084,0.012288718517917229,0.009157785957575158,-0.00442179874197425,-0.037277121784021976
0.04709497852233136,0.06442198339869652,0.05517151800533941,0.07743514441881083,0.07638301200856105,0.06227742189592298,0.03381294427030084,0.012288718517917229,0.009157785957575158,-0.00442179874197425
0.03383473429981004,0.04709497852233136,0.06442198339869652,0.05517151800533941,0.07743514441881083,0.07638301200856105,0.06227742189592298,0.03381294427030084,0.012288718517917229,0.009157785957575158
0.021760742883892945,0.03383473429981004,0.04709497852233136,0.06442198339869652,0.05517151800533941,0.07743514441881083,0.07638301200856105,0.06227742189592298,0.03381294427030084,0.012288718517917229
0.025859293138828673,0.021760742883892945,0.03383473429981004,0.04709497852233136,0.06442198339869652,0.05517151800533941,0.07743514441881083,0.07638301200856105,0.06227742189592298,0.03381294427030084
-0.02199059641523399,0.025859293138828673,0.021760742883892945,0.03383473429981004,0.04709497852233136,0.06442198339869652,0.05517151800533941,0.07743514441881083,0.07638301200856105,0.06227742189592298
-0.038201677126766684,-0.02199059641523399,0.025859293138828673,0.021760742883892945,0.03383473429981004,0.04709497852233136,0.06442198339869652,0.05517151800533941,0.07743514441881083,0.07638301200856105
-0.04764287087919401,-0.038201677126766684,-0.02199059641523399,0.025859293138828673,0.021760742883892945,0.03383473429981004,0.04709497852233136,0.06442198339869652,0.05517151800533941,0.07743514441881083
-0.052115059611219226,-0.04764287087919401,-0.038201677126766684,-0.02199059641523399,0.025859293138828673,0.021760742883892945,0.03383473429981004,0.04709497852233136,0.06442198339869652,0.05517151800533941
-0.044856095209168584,-0.052115059611219226,-0.04764287087919401,-0.038201677126766684,-0.02199059641523399,0.025859293138828673,0.021760742883892945,0.03383473429981004,0.04709497852233136,0.06442198339869652
-0.006145422600249247,-0.044856095209168584,-0.052115059611219226,-0.04764287087919401,-0.038201677126766684,-0.02199059641523399,0.025859293138828673,0.021760742883892945,0.03383473429981004,0.04709497852233136
-0.011466396831557781,-0.006145422600249247,-0.044856095209168584,-0.052115059611219226,-0.04764287087919401,-0.038201677126766684,-0.02199059641523399,0.025859293138828673,0.021760742883892945,0.03383473429981004
-0.007123386353031293,-0.011466396831557781,-0.006145422600249247,-0.044856095209168584,-0.052115059611219226,-0.04764287087919401,-0.038201677126766684,-0.02199059641523399,0.025859293138828673,0.021760742883892945
-0.017242680559156974,-0.007123386353031293,-0.011466396831557781,-0.006145422600249247,-0.044856095209168584,-0.052115059611219226,-0.04764287087919401,-0.038201677126766684,-0.02199059641523399,0.025859293138828673
-0.038794210963970094,-0.017242680559156974,-0.007123386353031293,-0.011466396831557781,-0.006145422600249247,-0.044856095209168584,-0.052115059611219226,-0.04764287087919401,-0.038201677126766684,-0.02199059641523399
-0.033712295090959084,-0.038794210963970094,-0.017242680559156974,-0.007123386353031293,-0.011466396831557781,-0.006145422600249247,-0.044856095209168584,-0.052115059611219226,-0.04764287087919401,-0.038201677126766684
-0.03578894561745698,-0.033712295090959084,-0.038794210963970094,-0.017242680559156974,-0.007123386353031293,-0.011466396831557781,-0.006145422600249247,-0.044856095209168584,-0.052115059611219226,-0.04764287087919401
-0.03776702383546475,-0.03578894561745698,-0.033712295090959084,-0.038794210963970094,-0.017242680559156974,-0.007123386353031293,-0.011466396831557781,-0.006145422600249247,-0.044856095209168584,-0.052115059611219226
-0.0497464938300684,-0.03776702383546475,-0.03578894561745698,-0.033712295090959084,-0.038794210963970094,-0.017242680559156974,-0.007123386353031293,-0.011466396831557781,-0.006145422600249247,-0.044856095209168584
-0.020424864128788266,-0.0497464938300684,-0.03776702383546475,-0.03578894561745698,-0.033712295090959084,-0.038794210963970094,-0.017242680559156974,-0.007123386353031293,-0.011466396831557781,-0.006145422600249247
-0.0068219128059915845,-0.020424864128788266,-0.0497464938300684,-0.03776702383546475,-0.03578894561745698,-0.033712295090959084,-0.038794210963970094,-0.017242680559156974,-0.007123386353031293,-0.011466396831557781
0.015343484822239496,-0.0068219128059915845,-0.020424864128788266,-0.0497464938300684,-0.03776702383546475,-0.03578894561745698,-0.033712295090959084,-0.038794210963970094,-0.017242680559156974,-0.007123386353031293
0.02105215768223025,0.015343484822239496,-0.0068219128059915845,-0.020424864128788266,-0.0497464938300684,-0.03776702383546475,-0.03578894561745698,-0.033712295090959084,-0.038794210963970094,-0.017242680559156974
0.019885041858776965,0.02105215768223025,0.015343484822239496,-0.0068219128059915845,-0.020424864128788266,-0.0497464938300684,-0.03776702383546475,-0.03578894561745698,-0.033712295090959084,-0.038794210963970094
0.0407093950738917,0.019885041858776965,0.02105215768223025,0.015343484822239496,-0.0068219128059915845,-0.020424864128788266,-0.0497464938300684,-0.03776702383546475,-0.03578894561745698,-0.033712295090959084
0.026729249354524375,0.0407093950738917,0.019885041858776965,0.02105215768223025,0.015343484822239496,-0.0068219128059915845,-0.020424864128788266,-0.0497464938300684,-0.03776702383546475,-0.03578894561745698
0.013536975041837606,0.026729249354524375,0.0407093950738917,0.019885041858776965,0.02105215768223025,0.015343484822239496,-0.0068219128059915845,-0.020424864128788266,-0.0497464938300684,-0.03776702383546475
0.008153510380684336,0.013536975041837606,0.026729249354524375,0.0407093950738917,0.019885041858776965,0.02105215768223025,0.015343484822239496,-0.0068219128059915845,-0.020424864128788266,-0.0497464938300684
0.02400313779517887,0.008153510380684336,0.013536975041837606,0.026729249354524375,0.0407093950738917,0.019885041858776965,0.02105215768223025,0.015343484822239496,-0.0068219128059915845,-0.020424864128788266
0.02153640783954804,0.02400313779517887,0.008153510380684336,0.013536975041837606,0.026729249354524375,0.0407093950738917,0.019885041858776965,0.02105215768223025,0.015343484822239496,-0.0068219128059915845
0.024945632937152067,0.02153640783954804,0.02400313779517887,0.008153510380684336,0.013536975041837606,0.026729249354524375,0.0407093950738917,0.019885041858776965,0.02105215768223025,0.015343484822239496
0.01893484183653526,0.024945632937152067,0.02153640783954804,0.02400313779517887,0.008153510380684336,0.013536975041837606,0.026729249354524375,0.0407093950738917,0.019885041858776965,0.02105215768223025
0.012234828806155932,0.01893484183653526,0.024945632937152067,0.02153640783954804,0.02400313779517887,0.008153510380684336,0.013536975041837606,0.026729249354524375,0.0407093950738917,0.019885041858776965
0.01811133236554074,0.012234828806155932,0.01893484183653526,0.024945632937152067,0.02153640783954804,0.02400313779517887,0.008153510380684336,0.013536975041837606,0.026729249354524375,0.0407093950738917
0.006958478537544524,0.01811133236554074,0.012234828806155932,0.01893484183653526,0.024945632937152067,0.02153640783954804,0.02400313779517887,0.008153510380684336,0.013536975041837606,0.026729249354524375
-0.030154600554401986,0.006958478537544524,0.01811133236554074,0.012234828806155932,0.01893484183653526,0.024945632937152067,0.02153640783954804,0.02400313779517887,0.008153510380684336,0.013536975041837606
-0.02370128853774833,-0.030154600554401986,0.006958478537544524,0.01811133236554074,0.012234828806155932,0.01893484183653526,0.024945632937152067,0.02153640783954804,0.02400313779517887,0.008153510380684336
-0.03450406166561643,-0.02370128853774833,-0.030154600554401986,0.006958478537544524,0.01811133236554074,0.012234828806155932,0.01893484183653526,0.024945632937152067,0.02153640783954804,0.02400313779517887
-0.04085158172029709,-0.03450406166561643,-0.02370128853774833,-0.030154600554401986,0.006958478537544524,0.01811133236554074,0.012234828806155932,0.01893484183653526,0.024945632937152067,0.02153640783954804
-0.02323455722071889,-0.04085158172029709,-0.03450406166561643,-0.02370128853774833,-0.030154600554401986,0.006958478537544524,0.01811133236554074,0.012234828806155932,0.01893484183653526,0.024945632937152067
-0.018515835846313868,-0.02323455722071889,-0.04085158172029709,-0.03450406166561643,-0.02370128853774833,-0.030154600554401986,0.006958478537544524,0.01811133236554074,0.012234828806155932,0.01893484183653526
-0.02970923174965534,-0.018515835846313868,-0.02323455722071889,-0.04085158172029709,-0.03450406166561643,-0.02370128853774833,-0.030154600554401986,0.006958478537544524,0.01811133236554074,0.012234828806155932
-0.028644114113399025,-0.02970923174965534,-0.018515835846313868,-0.02323455722071889,-0.04085158172029709,-0.03450406166561643,-0.02370128853774833,-0.030154600554401986,0.006958478537544524,0.01811133236554074
-0.04169380947666243,-0.028644114113399025,-0.02970923174965534,-0.018515835846313868,-0.02323455722071889,-0.04085158172029709,-0.03450406166561643,-0.02370128853774833,-0.030154600554401986,0.006958478537544524
-0.06105730855767497,-0.04169380947666243,-0.028644114113399025,-0.02970923174965534,-0.018515835846313868,-0.02323455722071889,-0.04085158172029709,-0.03450406166561643,-0.02370128853774833,-0.030154600554401986
-0.04533855256562935,-0.06105730855767497,-0.04169380947666243,-0.028644114113399025,-0.02970923174965534,-0.018515835846313868,-0.02323455722071889,-0.04085158172029709,-0.03450406166561643,-0.02370128853774833
-0.05261411536090467,-0.04533855256562935,-0.06105730855767497,-0.04169380947666243,-0.028644114113399025,-0.02970923174965534,-0.018515835846313868,-0.02323455722071889,-0.04085158172029709,-0.03450406166561643
-0.04396393489425439,-0.05261411536090467,-0.04533855256562935,-0.06105730855767497,-0.04169380947666243,-0.028644114113399025,-0.02970923174965534,-0.018515835846313868,-0.02323455722071889,-0.04085158172029709
-0.0364225221855655,-0.04396393489425439,-0.05261411536090467,-0.04533855256562935,-0.06105730855767497,-0.04169380947666243,-0.028644114113399025,-0.02970923174965534,-0.018515835846313868,-0.02323455722071889
-0.030097212403896633,-0.0364225221855655,-0.04396393489425439,-0.05261411536090467,-0.04533855256562935,-0.06105730855767497,-0.04169380947666243,-0.028644114113399025,-0.02970923174965534,-0.018515835846313868
0.0029352535954663785,-0.030097212403896633,-0.0364225221855655,-0.04396393489425439,-0.05261411536090467,-0.04533855256562935,-0.06105730855767497,-0.04169380947666243,-0.028644114113399025,-0.02970923174965534
0.012735161973306767,0.0029352535954663785,-0.030097212403896633,-0.0364225221855655,-0.04396393489425439,-0.05261411536090467,-0.04533855256562935,-0.06105730855767497,-0.04169380947666243,-0.028644114113399025
0.04098405282786499,0.012735161973306767,0.0029352535954663785,-0.030097212403896633,-0.0364225221855655,-0.04396393489425439,-0.05261411536090467,-0.04533855256562935,-0.06105730855767497,-0.04169380947666243
0.03777694935914865,0.04098405282786499,0.012735161973306767,0.0029352535954663785,-0.030097212403896633,-0.0364225221855655,-0.04396393489425439,-0.05261411536090467,-0.04533855256562935,-0.06105730855767497
0.05870537708155685,0.03777694935914865,0.04098405282786499,0.012735161973306767,0.0029352535954663785,-0.030097212403896633,-0.0364225221855655,-0.04396393489425439,-0.05261411536090467,-0.04533855256562935
0.056459118517374,0.05870537708155685,0.03777694935914865,0.04098405282786499,0.012735161973306767,0.0029352535954663785,-0.030097212403896633,-0.0364225221855655,-0.04396393489425439,-0.05261411536090467
0.055308516976744944,0.056459118517374,0.05870537708155685,0.03777694935914865,0.04098405282786499,0.012735161973306767,0.0029352535954663785,-0.030097212403896633,-0.0364225221855655,-0.04396393489425439
0.06663300472350196,0.055308516976744944,0.056459118517374,0.05870537708155685,0.03777694935914865,0.04098405282786499,0.012735161973306767,0.0029352535954663785,-0.030097212403896633,-0.0364225221855655
0.06635815722737243,0.06663300472350196,0.055308516976744944,0.056459118517374,0.05870537708155685,0.03777694935914865,0.04098405282786499,0.012735161973306767,0.0029352535954663785,-0.030097212403896633
0.07134162887590817,0.06635815722737243,0.06663300472350196,0.055308516976744944,0.056459118517374,0.05870537708155685,0.03777694935914865,0.04098405282786499,0.012735161973306767,0.0029352535954663785
0.09260740520491187,0.07134162887590817,0.06635815722737243,0.06663300472350196,0.055308516976744944,0.056459118517374,0.05870537708155685,0.03777694935914865,0.04098405282786499,0.012735161973306767
0.08186292725987822,0.09260740520491187,0.07134162887590817,0.06635815722737243,0.06663300472350196,0.055308516976744944,0.056459118517374,0.05870537708155685,0.03777694935914865,0.04098405282786499
0.10685419814978647,0.08186292725987822,0.09260740520491187,0.07134162887590817,0.06635815722737243,0.06663300472350196,0.055308516976744944,0.056459118517374,0.05870537708155685,0.03777694935914865
0.10049208542482364,0.10685419814978647,0.08186292725987822,0.09260740520491187,0.07134162887590817,0.06635815722737243,0.06663300472350196,0.055308516976744944,0.056459118517374,0.05870537708155685
0.10603000333359415,0.10049208542482364,0.10685419814978647,0.08186292725987822,0.09260740520491187,0.07134162887590817,0.06635815722737243,0.06663300472350196,0.055308516976744944,0.056459118517374
0.1005394618073695,0.10603000333359415,0.10049208542482364,0.10685419814978647,0.08186292725987822,0.09260740520491187,0.07134162887590817,0.06635815722737243,0.06663300472350196,0.055308516976744944
0.10273730290385394,0.1005394618073695,0.10603000333359415,0.10049208542482364,0.10685419814978647,0.08186292725987822,0.09260740520491187,0.07134162887590817,0.06635815722737243,0.06663300472350196
0.08741516632456803,0.10273730290385394,0.1005394618073695,0.10603000333359415,0.10049208542482364,0.10685419814978647,0.08186292725987822,0.09260740520491187,0.07134162887590817,0.06635815722737243
0.06120533275153797,0.08741516632456803,0.10273730290385394,0.1005394618073695,0.10603000333359415,0.10049208542482364,0.10685419814978647,0.08186292725987822,0.09260740520491187,0.07134162887590817
0.05411071044644638,0.06120533275153797,0.08741516632456803,0.10273730290385394,0.1005394618073695,0.10603000333359415,0.10049208542482364,0.10685419814978647,0.08186292725987822,0.09260740520491187
0.03344200202403852,0.05411071044644638,0.06120533275153797,0.08741516632456803,0.10273730290385394,0.1005394618073695,0.10603000333359415,0.10049208542482364,0.10685419814978647,0.08186292725987822
0.0227709037589416,0.03344200202403852,0.05411071044644638,0.06120533275153797,0.08741516632456803,0.10273730290385394,0.1005394618073695,0.10603000333359415,0.10049208542482364,0.10685419814978647
0.004180477536536887,0.0227709037589416,0.03344200202403852,0.05411071044644638,0.06120533275153797,0.08741516632456803,0.10273730290385394,0.1005394618073695,0.10603000333359415,0.10049208542482364
0.03720229809058585,0.004180477536536887,0.0227709037589416,0.03344200202403852,0.05411071044644638,0.06120533275153797,0.08741516632456803,0.10273730290385394,0.1005394618073695,0.10603000333359415
0.03302148423566131,0.03720229809058585,0.004180477536536887,0.0227709037589416,0.03344200202403852,0.05411071044644638,0.06120533275153797,0.08741516632456803,0.10273730290385394,0.1005394618073695
0.02807998111808762,0.03302148423566131,0.03720229809058585,0.004180477536536887,0.0227709037589416,0.03344200202403852,0.05411071044644638,0.06120533275153797,0.08741516632456803,0.10273730290385394
0.04029675969893411,0.02807998111808762,0.03302148423566131,0.03720229809058585,0.004180477536536887,0.0227709037589416,0.03344200202403852,0.05411071044644638,0.06120533275153797,0.08741516632456803
0.03962818709446363,0.04029675969893411,0.02807998111808762,0.03302148423566131,0.03720229809058585,0.004180477536536887,0.0227709037589416,0.03344200202403852,0.05411071044644638,0.06120533275153797
0.045533560254223386,0.03962818709446363,0.04029675969893411,0.02807998111808762,0.03302148423566131,0.03720229809058585,0.004180477536536887,0.0227709037589416,0.03344200202403852,0.05411071044644638
0.045678543295893326,0.045533560254223386,0.03962818709446363,0.04029675969893411,0.02807998111808762,0.03302148423566131,0.03720229809058585,0.004180477536536887,0.0227709037589416,0.03344200202403852
0.04870623194620518,0.045678543295893326,0.045533560254223386,0.03962818709446363,0.04029675969893411,0.02807998111808762,0.03302148423566131,0.03720229809058585,0.004180477536536887,0.0227709037589416
0.08648160671856386,0.04870623194620518,0.045678543295893326,0.045533560254223386,0.03962818709446363,0.04029675969893411,0.02807998111808762,0.03302148423566131,0.03720229809058585,0.004180477536536887
0.09148649041923435,0.08648160671856386,0.04870623194620518,0.045678543295893326,0.045533560254223386,0.03962818709446363,0.04029675969893411,0.02807998111808762,0.03302148423566131,0.03720229809058585
0.0557488542404414,0.09148649041923435,0.08648160671856386,0.04870623194620518,0.045678543295893326,0.045533560254223386,0.03962818709446363,0.04029675969893411,0.02807998111808762,0.03302148423566131
0.05517798707613014,0.0557488542404414,0.09148649041923435,0.08648160671856386,0.04870623194620518,0.045678543295893326,0.045533560254223386,0.03962818709446363,0.04029675969893411,0.02807998111808762
0.047696969472993594,0.05517798707613014,0.0557488542404414,0.09148649041923435,0.08648160671856386,0.04870623194620518,0.045678543295893326,0.045533560254223386,0.03962818709446363,0.04029675969893411
0.037578496817309175,0.047696969472993594,0.05517798707613014,0.0557488542404414,0.09148649041923435,0.08648160671856386,0.04870623194620518,0.045678543295893326,0.045533560254223386,0.03962818709446363
0.039191296121161824,0.037578496817309175,0.047696969472993594,0.05517798707613014,0.0557488542404414,0.09148649041923435,0.08648160671856386,0.04870623194620518,0.045678543295893326,0.045533560254223386
0.03251394213044437,0.039191296121161824,0.037578496817309175,0.047696969472993594,0.05517798707613014,0.0557488542404414,0.09148649041923435,0.08648160671856386,0.04870623194620518,0.045678543295893326
0.028026238434423305,0.03251394213044437,0.039191296121161824,0.037578496817309175,0.047696969472993594,0.05517798707613014,0.0557488542404414,0.09148649041923435,0.08648160671856386,0.04870623194620518
0.015080312902813668,0.028026238434423305,0.03251394213044437,0.039191296121161824,0.037578496817309175,0.047696969472993594,0.05517798707613014,0.0557488542404414,0.09148649041923435,0.08648160671856386
-0.003050831780402599,0.015080312902813668,0.028026238434423305,0.03251394213044437,0.039191296121161824,0.037578496817309175,0.047696969472993594,0.05517798707613014,0.0557488542404414,0.09148649041923435
0.0036398492330849495,-0.003050831780402599,0.015080312902813668,0.028026238434423305,0.03251394213044437,0.039191296121161824,0.037578496817309175,0.047696969472993594,0.05517798707613014,0.0557488542404414
0.018036983914666162,0.0036398492330849495,-0.003050831780402599,0.015080312902813668,0.028026238434423305,0.03251394213044437,0.039191296121161824,0.037578496817309175,0.047696969472993594,0.05517798707613014
0.025773812947779393,0.018036983914666162,0.0036398492330849495,-0.003050831780402599,0.015080312902813668,0.028026238434423305,0.03251394213044437,0.039191296121161824,0.037578496817309175,0.047696969472993594
0.03948125230993494,0.025773812947779393,0.018036983914666162,0.0036398492330849495,-0.003050831780402599,0.015080312902813668,0.028026238434423305,0.03251394213044437,0.039191296121161824,0.037578496817309175
0.03146717265914318,0.03948125230993494,0.025773812947779393,0.018036983914666162,0.0036398492330849495,-0.003050831780402599,0.015080312902813668,0.028026238434423305,0.03251394213044437,0.039191296121161824
0.032465709439013814,0.03146717265914318,0.03948125230993494,0.025773812947779393,0.018036983914666162,0.0036398492330849495,-0.003050831780402599,0.015080312902813668,0.028026238434423305,0.03251394213044437
0.020739353877661706,0.032465709439013814,0.03146717265914318,0.03948125230993494,0.025773812947779393,0.018036983914666162,0.0036398492330849495,-0.003050831780402599,0.015080312902813668,0.028026238434423305
0.02426164057082656,0.020739353877661706,0.032465709439013814,0.03146717265914318,0.03948125230993494,0.025773812947779393,0.018036983914666162,0.0036398492330849495,-0.003050831780402599,0.015080312902813668
0.01710688880374361,0.02426164057082656,0.020739353877661706,0.032465709439013814,0.03146717265914318,0.03948125230993494,0.025773812947779393,0.018036983914666162,0.0036398492330849495,-0.003050831780402599
-0.010900704097841085,0.01710688880374361,0.02426164057082656,0.020739353877661706,0.032465709439013814,0.03146717265914318,0.03948125230993494,0.025773812947779393,0.018036983914666162,0.0036398492330849495
-0.0124155482805964,-0.010900704097841085,0.01710688880374361,0.02426164057082656,0.020739353877661706,0.032465709439013814,0.03146717265914318,0.03948125230993494,0.025773812947779393,0.018036983914666162
-0.029542816469373494,-0.0124155482805964,-0.010900704097841085,0.01710688880374361,0.02426164057082656,0.020739353877661706,0.032465709439013814,0.03146717265914318,0.03948125230993494,0.025773812947779393
-0.031584017701006176,-0.029542816469373494,-0.0124155482805964,-0.010900704097841085,0.01710688880374361,0.02426164057082656,0.020739353877661706,0.032465709439013814,0.03146717265914318,0.03948125230993494
-0.004505088103092977,-0.031584017701006176,-0.029542816469373494,-0.0124155482805964,-0.010900704097841085,0.01710688880374361,0.02426164057082656,0.020739353877661706,0.032465709439013814,0.03146717265914318
-0.010153417279165966,-0.004505088103092977,-0.031584017701006176,-0.029542816469373494,-0.0124155482805964,-0.010900704097841085,0.01710688880374361,0.02426164057082656,0.020739353877661706,0.032465709439013814
0.011604678087249297,-0.010153417279165966,-0.004505088103092977,-0.031584017701006176,-0.029542816469373494,-0.0124155482805964,-0.010900704097841085,0.01710688880374361,0.02426164057082656,0.020739353877661706
-0.0042404641131930714,0.011604678087249297,-0.010153417279165966,-0.004505088103092977,-0.031584017701006176,-0.029542816469373494,-0.0124155482805964,-0.010900704097841085,0.01710688880374361,0.02426164057082656
0.015182232132559231,-0.0042404641131930714,0.011604678087249297,-0.010153417279165966,-0.004505088103092977,-0.031584017701006176,-0.029542816469373494,-0.0124155482805964,-0.010900704097841085,0.01710688880374361
0.0141815979985949,0.015182232132559231,-0.0042404641131930714,0.011604678087249297,-0.010153417279165966,-0.004505088103092977,-0.031584017701006176,-0.029542816469373494,-0.0124155482805964,-0.010900704097841085
0.017784310107247618,0.0141815979985949,0.015182232132559231,-0.0042404641131930714,0.011604678087249297,-0.010153417279165966,-0.004505088103092977,-0.031584017701006176,-0.029542816469373494,-0.0124155482805964
-0.0027277082380102696,0.017784310107247618,0.0141815979985949,0.015182232132559231,-0.0042404641131930714,0.011604678087249297,-0.010153417279165966,-0.004505088103092977,-0.031584017701006176,-0.029542816469373494
0.013793037202040975,-0.0027277082380102696,0.017784310107247618,0.0141815979985949,0.015182232132559231,-0.0042404641131930714,0.011604678087249297,-0.010153417279165966,-0.004505088103092977,-0.031584017701006176
0.01878179459510262,0.013793037202040975,-0.0027277082380102696,0.017784310107247618,0.0141815979985949,0.015182232132559231,-0.0042404641131930714,0.011604678087249297,-0.010153417279165966,-0.004505088103092977
0.016528778120382392,0.01878179459510262,0.013793037202040975,-0.0027277082380102696,0.017784310107247618,0.0141815979985949,0.015182232132559231,-0.0042404641131930714,0.011604678087249297,-0.010153417279165966
0.02515335800786325,0.016528778120382392,0.01878179459510262,0.013793037202040975,-0.0027277082380102696,0.017784310107247618,0.0141815979985949,0.015182232132559231,-0.0042404641131930714,0.011604678087249297
0.018678637392850434,0.02515335800786325,0.016528778120382392,0.01878179459510262,0.013793037202040975,-0.0027277082380102696,0.017784310107247618,0.0141815979985949,0.015182232132559231,-0.0042404641131930714
0.027273494502974022,0.018678637392850434,0.02515335800786325,0.016528778120382392,0.01878179459510262,0.013793037202040975,-0.0027277082380102696,0.017784310107247618,0.0141815979985949,0.015182232132559231
0.022760031455018797,0.027273494502974022,0.018678637392850434,0.02515335800786325,0.016528778120382392,0.01878179459510262,0.013793037202040975,-0.0027277082380102696,0.017784310107247618,0.0141815979985949
0.024782301761376427,0.022760031455018797,0.027273494502974022,0.018678637392850434,0.02515335800786325,0.016528778120382392,0.01878179459510262,0.013793037202040975,-0.0027277082380102696,0.017784310107247618
0.026167436885900966,0.024782301761376427,0.022760031455018797,0.027273494502974022,0.018678637392850434,0.02515335800786325,0.016528778120382392,0.01878179459510262,0.013793037202040975,-0.0027277082380102696
0.01926133914535587,0.026167436885900966,0.024782301761376427,0.022760031455018797,0.027273494502974022,0.018678637392850434,0.02515335800786325,0.016528778120382392,0.01878179459510262,0.013793037202040975
0.016300946029175284,0.01926133914535587,0.026167436885900966,0.024782301761376427,0.022760031455018797,0.027273494502974022,0.018678637392850434,0.02515335800786325,0.016528778120382392,0.01878179459510262
0.015756168919398,0.016300946029175284,0.01926133914535587,0.026167436885900966,0.024782301761376427,0.022760031455018797,0.027273494502974022,0.018678637392850434,0.02515335800786325,0.016528778120382392
0.011574464159400225,0.015756168919398,0.016300946029175284,0.01926133914535587,0.026167436885900966,0.024782301761376427,0.022760031455018797,0.027273494502974022,0.018678637392850434,0.02515335800786325
0.014284810391099266,0.011574464159400225,0.015756168919398,0.016300946029175284,0.01926133914535587,0.026167436885900966,0.024782301761376427,0.022760031455018797,0.027273494502974022,0.018678637392850434
0.0190549516728836,0.014284810391099266,0.011574464159400225,0.015756168919398,0.016300946029175284,0.01926133914535587,0.026167436885900966,0.024782301761376427,0.022760031455018797,0.027273494502974022
0.01946338306812563,0.0190549516728836,0.014284810391099266,0.011574464159400225,0.015756168919398,0.016300946029175284,0.01926133914535587,0.026167436885900966,0.024782301761376427,0.022760031455018797
0.012840925813198125,0.01946338306812563,0.0190549516728836,0.014284810391099266,0.011574464159400225,0.015756168919398,0.016300946029175284,0.01926133914535587,0.026167436885900966,0.024782301761376427
0.014783584601283565,0.012840925813198125,0.01946338306812563,0.0190549516728836,0.014284810391099266,0.011574464159400225,0.015756168919398,0.016300946029175284,0.01926133914535587,0.026167436885900966
0.015947506577835998,0.014783584601283565,0.012840925813198125,0.01946338306812563,0.0190549516728836,0.014284810391099266,0.011574464159400225,0.015756168919398,0.016300946029175284,0.01926133914535587
0.0130024283507392,0.015947506577835998,0.014783584601283565,0.012840925813198125,0.01946338306812563,0.0190549516728836,0.014284810391099266,0.011574464159400225,0.015756168919398,0.016300946029175284
0.0064598588685991385,0.0130024283507392,0.015947506577835998,0.014783584601283565,0.012840925813198125,0.01946338306812563,0.0190549516728836,0.014284810391099266,0.011574464159400225,0.015756168919398
0.0021355655467856123,0.0064598588685991385,0.0130024283507392,0.015947506577835998,0.014783584601283565,0.012840925813198125,0.01946338306812563,0.0190549516728836,0.014284810391099266,0.011574464159400225
0.02305781416666687,0.0021355655467856123,0.0064598588685991385,0.0130024283507392,0.015947506577835998,0.014783584601283565,0.012840925813198125,0.01946338306812563,0.0190549516728836,0.014284810391099266
0.026816797873607974,0.02305781416666687,0.0021355655467856123,0.0064598588685991385,0.0130024283507392,0.015947506577835998,0.014783584601283565,0.012840925813198125,0.01946338306812563,0.0190549516728836
0.03301212846407058,0.026816797873607974,0.02305781416666687,0.0021355655467856123,0.0064598588685991385,0.0130024283507392,0.015947506577835998,0.014783584601283565,0.012840925813198125,0.01946338306812563
0.029999027028090115,0.03301212846407058,0.026816797873607974,0.02305781416666687,0.0021355655467856123,0.0064598588685991385,0.0130024283507392,0.015947506577835998,0.014783584601283565,0.012840925813198125
0.035026645887428334,0.029999027028090115,0.03301212846407058,0.026816797873607974,0.02305781416666687,0.0021355655467856123,0.0064598588685991385,0.0130024283507392,0.015947506577835998,0.014783584601283565
0.051866227560794474,0.035026645887428334,0.029999027028090115,0.03301212846407058,0.026816797873607974,0.02305781416666687,0.0021355655467856123,0.0064598588685991385,0.0130024283507392,0.015947506577835998
0.04586479847043581,0.051866227560794474,0.035026645887428334,0.029999027028090115,0.03301212846407058,0.026816797873607974,0.02305781416666687,0.0021355655467856123,0.0064598588685991385,0.0130024283507392
0.05076070661877985,0.04586479847043581,0.051866227560794474,0.035026645887428334,0.029999027028090115,0.03301212846407058,0.026816797873607974,0.02305781416666687,0.0021355655467856123,0.0064598588685991385
0.05054616698994993,0.05076070661877985,0.04586479847043581,0.051866227560794474,0.035026645887428334,0.029999027028090115,0.03301212846407058,0.026816797873607974,0.02305781416666687,0.0021355655467856123
0.05493325249029498,0.05054616698994993,0.05076070661877985,0.04586479847043581,0.051866227560794474,0.035026645887428334,0.029999027028090115,0.03301212846407058,0.026816797873607974,0.02305781416666687
0.02667109557788787,0.05493325249029498,0.05054616698994993,0.05076070661877985,0.04586479847043581,0.051866227560794474,0.035026645887428334,0.029999027028090115,0.03301212846407058,0.026816797873607974
0.018237629244223442,0.02667109557788787,0.05493325249029498,0.05054616698994993,0.05076070661877985,0.04586479847043581,0.051866227560794474,0.035026645887428334,0.029999027028090115,0.03301212846407058
-0.002583126029359961,0.018237629244223442,0.02667109557788787,0.05493325249029498,0.05054616698994993,0.05076070661877985,0.04586479847043581,0.051866227560794474,0.035026645887428334,0.029999027028090115
-0.021612953845333988,-0.002583126029359961,0.018237629244223442,0.02667109557788787,0.05493325249029498,0.05054616698994993,0.05076070661877985,0.04586479847043581,0.051866227560794474,0.035026645887428334
0.010022128161122234,-0.021612953845333988,-0.002583126029359961,0.018237629244223442,0.02667109557788787,0.05493325249029498,0.05054616698994993,0.05076070661877985,0.04586479847043581,0.051866227560794474
0.019793375785235868,0.010022128161122234,-0.021612953845333988,-0.002583126029359961,0.018237629244223442,0.02667109557788787,0.05493325249029498,0.05054616698994993,0.05076070661877985,0.04586479847043581
0.024545889055386228,0.019793375785235868,0.010022128161122234,-0.021612953845333988,-0.002583126029359961,0.018237629244223442,0.02667109557788787,0.05493325249029498,0.05054616698994993,0.05076070661877985
0.019670998184378213,0.024545889055386228,0.019793375785235868,0.010022128161122234,-0.021612953845333988,-0.002583126029359961,0.018237629244223442,0.02667109557788787,0.05493325249029498,0.05054616698994993
-0.004495895209104527,0.019670998184378213,0.024545889055386228,0.019793375785235868,0.010022128161122234,-0.021612953845333988,-0.002583126029359961,0.018237629244223442,0.02667109557788787,0.05493325249029498
0.0029245611460549446,-0.004495895209104527,0.019670998184378213,0.024545889055386228,0.019793375785235868,0.010022128161122234,-0.021612953845333988,-0.002583126029359961,0.018237629244223442,0.02667109557788787
0.018257151892479954,0.0029245611460549446,-0.004495895209104527,0.019670998184378213,0.024545889055386228,0.019793375785235868,0.010022128161122234,-0.021612953845333988,-0.002583126029359961,0.018237629244223442
0.013997718420841954,0.018257151892479954,0.0029245611460549446,-0.004495895209104527,0.019670998184378213,0.024545889055386228,0.019793375785235868,0.010022128161122234,-0.021612953845333988,-0.002583126029359961
0.009790977513855091,0.013997718420841954,0.018257151892479954,0.0029245611460549446,-0.004495895209104527,0.019670998184378213,0.024545889055386228,0.019793375785235868,0.010022128161122234,-0.021612953845333988
0.017259489695784374,0.009790977513855091,0.013997718420841954,0.018257151892479954,0.0029245611460549446,-0.004495895209104527,0.019670998184378213,0.024545889055386228,0.019793375785235868,0.010022128161122234
0.03139989602673838,0.017259489695784374,0.009790977513855091,0.013997718420841954,0.018257151892479954,0.0029245611460549446,-0.004495895209104527,0.019670998184378213,0.024545889055386228,0.019793375785235868
0.039618862995100104,0.03139989602673838,0.017259489695784374,0.009790977513855091,0.013997718420841954,0.018257151892479954,0.0029245611460549446,-0.004495895209104527,0.019670998184378213,0.024545889055386228
0.046097175375970426,0.039618862995100104,0.03139989602673838,0.017259489695784374,0.009790977513855091,0.013997718420841954,0.018257151892479954,0.0029245611460549446,-0.004495895209104527,0.019670998184378213
0.03334145002765124,0.046097175375970426,0.039618862995100104,0.03139989602673838,0.017259489695784374,0.009790977513855091,0.013997718420841954,0.018257151892479954,0.0029245611460549446,-0.004495895209104527
0.038662540234323764,0.03334145002765124,0.046097175375970426,0.039618862995100104,0.03139989602673838,0.017259489695784374,0.009790977513855091,0.013997718420841954,0.018257151892479954,0.0029245611460549446
0.04410552487677698,0.038662540234323764,0.03334145002765124,0.046097175375970426,0.039618862995100104,0.03139989602673838,0.017259489695784374,0.009790977513855091,0.013997718420841954,0.018257151892479954
0.04324096043510668,0.04410552487677698,0.038662540234323764,0.03334145002765124,0.046097175375970426,0.039618862995100104,0.03139989602673838,0.017259489695784374,0.009790977513855091,0.013997718420841954
0.04923253311284323,0.04324096043510668,0.04410552487677698,0.038662540234323764,0.03334145002765124,0.046097175375970426,0.039618862995100104,0.03139989602673838,0.017259489695784374,0.009790977513855091
0.03050477684455349,0.04923253311284323,0.04324096043510668,0.04410552487677698,0.038662540234323764,0.03334145002765124,0.046097175375970426,0.039618862995100104,0.03139989602673838,0.017259489695784374
0.003446981354950546,0.03050477684455349,0.04923253311284323,0.04324096043510668,0.04410552487677698,0.038662540234323764,0.03334145002765124,0.046097175375970426,0.039618862995100104,0.03139989602673838
-0.03266943481899031,0.003446981354950546,0.03050477684455349,0.04923253311284323,0.04324096043510668,0.04410552487677698,0.038662540234323764,0.03334145002765124,0.046097175375970426,0.039618862995100104
-0.02080302963741331,-0.03266943481899031,0.003446981354950546,0.03050477684455349,0.04923253311284323,0.04324096043510668,0.04410552487677698,0.038662540234323764,0.03334145002765124,0.046097175375970426
-0.01987860063073904,-0.02080302963741331,-0.03266943481899031,0.003446981354950546,0.03050477684455349,0.04923253311284323,0.04324096043510668,0.04410552487677698,0.038662540234323764,0.03334145002765124
-0.004736285586571167,-0.01987860063073904,-0.02080302963741331,-0.03266943481899031,0.003446981354950546,0.03050477684455349,0.04923253311284323,0.04324096043510668,0.04410552487677698,0.038662540234323764
0.007871062257195168,-0.004736285586571167,-0.01987860063073904,-0.02080302963741331,-0.03266943481899031,0.003446981354950546,0.03050477684455349,0.04923253311284323,0.04324096043510668,0.04410552487677698
-0.005332370734482275,0.007871062257195168,-0.004736285586571167,-0.01987860063073904,-0.02080302963741331,-0.03266943481899031,0.003446981354950546,0.03050477684455349,0.04923253311284323,0.04324096043510668
0.0020264150856325464,-0.005332370734482275,0.007871062257195168,-0.004736285586571167,-0.01987860063073904,-0.02080302963741331,-0.03266943481899031,0.003446981354950546,0.03050477684455349,0.04923253311284323
0.022004482779225173,0.0020264150856325464,-0.005332370734482275,0.007871062257195168,-0.004736285586571167,-0.01987860063073904,-0.02080302963741331,-0.03266943481899031,0.003446981354950546,0.03050477684455349
0.020793408196636897,0.022004482779225173,0.0020264150856325464,-0.005332370734482275,0.007871062257195168,-0.004736285586571167,-0.01987860063073904,-0.02080302963741331,-0.03266943481899031,0.003446981354950546
0.005610489148630977,0.020793408196636897,0.022004482779225173,0.0020264150856325464,-0.005332370734482275,0.007871062257195168,-0.004736285586571167,-0.01987860063073904,-0.02080302963741331,-0.03266943481899031
0.006220918018257684,0.005610489148630977,0.020793408196636897,0.022004482779225173,0.0020264150856325464,-0.005332370734482275,0.007871062257195168,-0.004736285586571167,-0.01987860063073904,-0.02080302963741331
-0.0031675383779810134,0.006220918018257684,0.005610489148630977,0.020793408196636897,0.022004482779225173,0.0020264150856325464,-0.005332370734482275,0.007871062257195168,-0.004736285586571167,-0.01987860063073904
-0.018739632690088825,-0.0031675383779810134,0.006220918018257684,0.005610489148630977,0.020793408196636897,0.022004482779225173,0.0020264150856325464,-0.005332370734482275,0.007871062257195168,-0.004736285586571167
-0.00251167280099787,-0.018739632690088825,-0.0031675383779810134,0.006220918018257684,0.005610489148630977,0.020793408196636897,0.022004482779225173,0.0020264150856325464,-0.005332370734482275,0.007871062257195168
0.0026642688892157067,-0.00251167280099787,-0.018739632690088825,-0.0031675383779810134,0.006220918018257684,0.005610489148630977,0.020793408196636897,0.022004482779225173,0.0020264150856325464,-0.005332370734482275
-0.019569295573946616,0.0026642688892157067,-0.00251167280099787,-0.018739632690088825,-0.0031675383779810134,0.006220918018257684,0.005610489148630977,0.020793408196636897,0.022004482779225173,0.0020264150856325464
-0.061306611161411034,-0.019569295573946616,0.0026642688892157067,-0.00251167280099787,-0.018739632690088825,-0.0031675383779810134,0.006220918018257684,0.005610489148630977,0.020793408196636897,0.022004482779225173
-0.04339375319109136,-0.061306611161411034,-0.019569295573946616,0.0026642688892157067,-0.00251167280099787,-0.018739632690088825,-0.0031675383779810134,0.006220918018257684,0.005610489148630977,0.020793408196636897
-0.051365561964163475,-0.04339375319109136,-0.061306611161411034,-0.019569295573946616,0.0026642688892157067,-0.00251167280099787,-0.018739632690088825,-0.0031675383779810134,0.006220918018257684,0.005610489148630977
-0.023675501870012505,-0.051365561964163475,-0.04339375319109136,-0.061306611161411034,-0.019569295573946616,0.0026642688892157067,-0.00251167280099787,-0.018739632690088825,-0.0031675383779810134,0.006220918018257684
-0.018310850221388796,-0.023675501870012505,-0.051365561964163475,-0.04339375319109136,-0.061306611161411034,-0.019569295573946616,0.0026642688892157067,-0.00251167280099787,-0.018739632690088825,-0.0031675383779810134
-0.023884080180122034,-0.018310850221388796,-0.023675501870012505,-0.051365561964163475,-0.04339375319109136,-0.061306611161411034,-0.019569295573946616,0.0026642688892157067,-0.00251167280099787,-0.018739632690088825
-0.006695332820159204,-0.023884080180122034,-0.018310850221388796,-0.023675501870012505,-0.051365561964163475,-0.04339375319109136,-0.061306611161411034,-0.019569295573946616,0.0026642688892157067,-0.00251167280099787
0.012711880709181325,-0.006695332820159204,-0.023884080180122034,-0.018310850221388796,-0.023675501870012505,-0.051365561964163475,-0.04339375319109136,-0.061306611161411034,-0.019569295573946616,0.0026642688892157067
0.009798704710699515,0.012711880709181325,-0.006695332820159204,-0.023884080180122034,-0.018310850221388796,-0.023675501870012505,-0.051365561964163475,-0.04339375319109136,-0.061306611161411034,-0.019569295573946616
0.011123767540556453,0.009798704710699515,0.012711880709181325,-0.006695332820159204,-0.023884080180122034,-0.018310850221388796,-0.023675501870012505,-0.051365561964163475,-0.04339375319109136,-0.061306611161411034
0.004587725598313586,0.011123767540556453,0.009798704710699515,0.012711880709181325,-0.006695332820159204,-0.023884080180122034,-0.018310850221388796,-0.023675501870012505,-0.051365561964163475,-0.04339375319109136
0.005909366244059009,0.004587725598313586,0.011123767540556453,0.009798704710699515,0.012711880709181325,-0.006695332820159204,-0.023884080180122034,-0.018310850221388796,-0.023675501870012505,-0.051365561964163475
-0.003752658217926917,0.005909366244059009,0.004587725598313586,0.011123767540556453,0.009798704710699515,0.012711880709181325,-0.006695332820159204,-0.023884080180122034,-0.018310850221388796,-0.023675501870012505
-0.011872578705332251,-0.003752658217926917,0.005909366244059009,0.004587725598313586,0.011123767540556453,0.009798704710699515,0.012711880709181325,-0.006695332820159204,-0.023884080180122034,-0.018310850221388796
-0.01634909836001626,-0.011872578705332251,-0.003752658217926917,0.005909366244059009,0.004587725598313586,0.011123767540556453,0.009798704710699515,0.012711880709181325,-0.006695332820159204,-0.023884080180122034
-0.016776531609884925,-0.01634909836001626,-0.011872578705332251,-0.003752658217926917,0.005909366244059009,0.004587725598313586,0.011123767540556453,0.009798704710699515,0.012711880709181325,-0.006695332820159204
-0.015359359275608228,-0.016776531609884925,-0.01634909836001626,-0.011872578705332251,-0.003752658217926917,0.005909366244059009,0.004587725598313586,0.011123767540556453,0.009798704710699515,0.012711880709181325
-0.02206975921379558,-0.015359359275608228,-0.016776531609884925,-0.01634909836001626,-0.011872578705332251,-0.003752658217926917,0.005909366244059009,0.004587725598313586,0.011123767540556453,0.009798704710699515
-0.03175172126453433,-0.02206975921379558,-0.015359359275608228,-0.016776531609884925,-0.01634909836001626,-0.011872578705332251,-0.003752658217926917,0.005909366244059009,0.004587725598313586,0.011123767540556453
-0.02487077870991167,-0.03175172126453433,-0.02206975921379558,-0.015359359275608228,-0.016776531609884925,-0.01634909836001626,-0.011872578705332251,-0.003752658217926917,0.005909366244059009,0.004587725598313586
-0.01429220792928657,-0.02487077870991167,-0.03175172126453433,-0.02206975921379558,-0.015359359275608228,-0.016776531609884925,-0.01634909836001626,-0.011872578705332251,-0.003752658217926917,0.005909366244059009
-0.02539596230759076,-0.01429220792928657,-0.02487077870991167,-0.03175172126453433,-0.02206975921379558,-0.015359359275608228,-0.016776531609884925,-0.01634909836001626,-0.011872578705332251,-0.003752658217926917
-0.04019711957559234,-0.02539596230759076,-0.01429220792928657,-0.02487077870991167,-0.03175172126453433,-0.02206975921379558,-0.015359359275608228,-0.016776531609884925,-0.01634909836001626,-0.011872578705332251
-0.025549929694628257,-0.04019711957559234,-0.02539596230759076,-0.01429220792928657,-0.02487077870991167,-0.03175172126453433,-0.02206975921379558,-0.015359359275608228,-0.016776531609884925,-0.01634909836001626
-0.006466403810340384,-0.025549929694628257,-0.04019711957559234,-0.02539596230759076,-0.01429220792928657,-0.02487077870991167,-0.03175172126453433,-0.02206975921379558,-0.015359359275608228,-0.016776531609884925
0.007120976859435995,-0.006466403810340384,-0.025549929694628257,-0.04019711957559234,-0.02539596230759076,-0.01429220792928657,-0.02487077870991167,-0.03175172126453433,-0.02206975921379558,-0.015359359275608228
0.031913035719381436,0.007120976859435995,-0.006466403810340384,-0.025549929694628257,-0.04019711957559234,-0.02539596230759076,-0.01429220792928657,-0.02487077870991167,-0.03175172126453433,-0.02206975921379558
0.03884524936594763,0.031913035719381436,0.007120976859435995,-0.006466403810340384,-0.025549929694628257,-0.04019711957559234,-0.02539596230759076,-0.01429220792928657,-0.02487077870991167,-0.03175172126453433
0.030813047221073687,0.03884524936594763,0.031913035719381436,0.007120976859435995,-0.006466403810340384,-0.025549929694628257,-0.04019711957559234,-0.02539596230759076,-0.01429220792928657,-0.02487077870991167
0.03010486217890143,0.030813047221073687,0.03884524936594763,0.031913035719381436,0.007120976859435995,-0.006466403810340384,-0.025549929694628257,-0.04019711957559234,-0.02539596230759076,-0.01429220792928657
0.019862398262653434,0.03010486217890143,0.030813047221073687,0.03884524936594763,0.031913035719381436,0.007120976859435995,-0.006466403810340384,-0.025549929694628257,-0.04019711957559234,-0.02539596230759076
0.030084308270374085,0.019862398262653434,0.03010486217890143,0.030813047221073687,0.03884524936594763,0.031913035719381436,0.007120976859435995,-0.006466403810340384,-0.025549929694628257,-0.04019711957559234
0.01787971247646891,0.030084308270374085,0.019862398262653434,0.03010486217890143,0.030813047221073687,0.03884524936594763,0.031913035719381436,0.007120976859435995,-0.006466403810340384,-0.025549929694628257
0.022718187344549962,0.01787971247646891,0.030084308270374085,0.019862398262653434,0.03010486217890143,0.030813047221073687,0.03884524936594763,0.031913035719381436,0.007120976859435995,-0.006466403810340384
0.0252664964411526,0.022718187344549962,0.01787971247646891,0.030084308270374085,0.019862398262653434,0.03010486217890143,0.030813047221073687,0.03884524936594763,0.031913035719381436,0.007120976859435995
0.015188717161287876,0.0252664964411526,0.022718187344549962,0.01787971247646891,0.030084308270374085,0.019862398262653434,0.03010486217890143,0.030813047221073687,0.03884524936594763,0.031913035719381436
0.013571159434205175,0.015188717161287876,0.0252664964411526,0.022718187344549962,0.01787971247646891,0.030084308270374085,0.019862398262653434,0.03010486217890143,0.030813047221073687,0.03884524936594763
0.014508564733459243,0.013571159434205175,0.015188717161287876,0.0252664964411526,0.022718187344549962,0.01787971247646891,0.030084308270374085,0.019862398262653434,0.03010486217890143,0.030813047221073687
0.017282733060466224,0.014508564733459243,0.013571159434205175,0.015188717161287876,0.0252664964411526,0.022718187344549962,0.01787971247646891,0.030084308270374085,0.019862398262653434,0.03010486217890143
0.008186392073451147,0.017282733060466224,0.014508564733459243,0.013571159434205175,0.015188717161287876,0.0252664964411526,0.022718187344549962,0.01787971247646891,0.030084308270374085,0.019862398262653434
0.004566021478859149,0.008186392073451147,0.017282733060466224,0.014508564733459243,0.013571159434205175,0.015188717161287876,0.0252664964411526,0.022718187344549962,0.01787971247646891,0.030084308270374085
-0.015154402050224915,0.004566021478859149,0.008186392073451147,0.017282733060466224,0.014508564733459243,0.013571159434205175,0.015188717161287876,0.0252664964411526,0.022718187344549962,0.01787971247646891
-0.03788919731890524,-0.015154402050224915,0.004566021478859149,0.008186392073451147,0.017282733060466224,0.014508564733459243,0.013571159434205175,0.015188717161287876,0.0252664964411526,0.022718187344549962
-0.029904867530987783,-0.03788919731890524,-0.015154402050224915,0.004566021478859149,0.008186392073451147,0.017282733060466224,0.014508564733459243,0.013571159434205175,0.015188717161287876,0.0252664964411526
-0.018883843182656332,-0.029904867530987783,-0.03788919731890524,-0.015154402050224915,0.004566021478859149,0.008186392073451147,0.017282733060466224,0.014508564733459243,0.013571159434205175,0.015188717161287876
-0.01659904529528442,-0.018883843182656332,-0.029904867530987783,-0.03788919731890524,-0.015154402050224915,0.004566021478859149,0.008186392073451147,0.017282733060466224,0.014508564733459243,0.013571159434205175
-0.03043483922479634,-0.01659904529528442,-0.018883843182656332,-0.029904867530987783,-0.03788919731890524,-0.015154402050224915,0.004566021478859149,0.008186392073451147,0.017282733060466224,0.014508564733459243
-0.030180204063132845,-0.03043483922479634,-0.01659904529528442,-0.018883843182656332,-0.029904867530987783,-0.03788919731890524,-0.015154402050224915,0.004566021478859149,0.008186392073451147,0.017282733060466224
-0.03422793922730488,-0.030180204063132845,-0.03043483922479634,-0.01659904529528442,-0.018883843182656332,-0.029904867530987783,-0.03788919731890524,-0.015154402050224915,0.004566021478859149,0.008186392073451147
-0.018185356504909454,-0.03422793922730488,-0.030180204063132845,-0.03043483922479634,-0.01659904529528442,-0.018883843182656332,-0.029904867530987783,-0.03788919731890524,-0.015154402050224915,0.004566021478859149
-0.02187825549483811,-0.018185356504909454,-0.03422793922730488,-0.030180204063132845,-0.03043483922479634,-0.01659904529528442,-0.018883843182656332,-0.029904867530987783,-0.03788919731890524,-0.015154402050224915
-0.012545769270362817,-0.02187825549483811,-0.018185356504909454,-0.03422793922730488,-0.030180204063132845,-0.03043483922479634,-0.01659904529528442,-0.018883843182656332,-0.029904867530987783,-0.03788919731890524
0.019341765192086392,-0.012545769270362817,-0.02187825549483811,-0.018185356504909454,-0.03422793922730488,-0.030180204063132845,-0.03043483922479634,-0.01659904529528442,-0.018883843182656332,-0.029904867530987783
0.012600626469723769,0.019341765192086392,-0.012545769270362817,-0.02187825549483811,-0.018185356504909454,-0.03422793922730488,-0.030180204063132845,-0.03043483922479634,-0.01659904529528442,-0.018883843182656332
0.01496539166490852,0.012600626469723769,0.019341765192086392,-0.012545769270362817,-0.02187825549483811,-0.018185356504909454,-0.03422793922730488,-0.030180204063132845,-0.03043483922479634,-0.01659904529528442
0.007265842735386809,0.01496539166490852,0.012600626469723769,0.019341765192086392,-0.012545769270362817,-0.02187825549483811,-0.018185356504909454,-0.03422793922730488,-0.030180204063132845,-0.03043483922479634
-0.008078691554399761,0.007265842735386809,0.01496539166490852,0.012600626469723769,0.019341765192086392,-0.012545769270362817,-0.02187825549483811,-0.018185356504909454,-0.03422793922730488,-0.030180204063132845
-0.024244052687410998,-0.008078691554399761,0.007265842735386809,0.01496539166490852,0.012600626469723769,0.019341765192086392,-0.012545769270362817,-0.02187825549483811,-0.018185356504909454,-0.03422793922730488
-0.02102015449483551,-0.024244052687410998,-0.008078691554399761,0.007265842735386809,0.01496539166490852,0.012600626469723769,0.019341765192086392,-0.012545769270362817,-0.02187825549483811,-0.018185356504909454
-0.02095411478786649,-0.02102015449483551,-0.024244052687410998,-0.008078691554399761,0.007265842735386809,0.01496539166490852,0.012600626469723769,0.019341765192086392,-0.012545769270362817,-0.02187825549483811
-0.035202354500205146,-0.02095411478786649,-0.02102015449483551,-0.024244052687410998,-0.008078691554399761,0.007265842735386809,0.01496539166490852,0.012600626469723769,0.019341765192086392,-0.012545769270362817
-0.030925611520264237,-0.035202354500205146,-0.02095411478786649,-0.02102015449483551,-0.024244052687410998,-0.008078691554399761,0.007265842735386809,0.01496539166490852,0.012600626469723769,0.019341765192086392
-0.012564228061117216,-0.030925611520264237,-0.035202354500205146,-0.02095411478786649,-0.02102015449483551,-0.024244052687410998,-0.008078691554399761,0.007265842735386809,0.01496539166490852,0.012600626469723769
-0.028903377806183458,-0.012564228061117216,-0.030925611520264237,-0.035202354500205146,-0.02095411478786649,-0.02102015449483551,-0.024244052687410998,-0.008078691554399761,0.007265842735386809,0.01496539166490852
-0.03164152766109319,-0.028903377806183458,-0.012564228061117216,-0.030925611520264237,-0.035202354500205146,-0.02095411478786649,-0.02102015449483551,-0.024244052687410998,-0.008078691554399761,0.007265842735386809
-0.04393093251153388,-0.03164152766109319,-0.028903377806183458,-0.012564228061117216,-0.030925611520264237,-0.035202354500205146,-0.02095411478786649,-0.02102015449483551,-0.024244052687410998,-0.008078691554399761
-0.056460392240705454,-0.04393093251153388,-0.03164152766109319,-0.028903377806183458,-0.012564228061117216,-0.030925611520264237,-0.035202354500205146,-0.02095411478786649,-0.02102015449483551,-0.024244052687410998
-0.02366322073228527,-0.056460392240705454,-0.04393093251153388,-0.03164152766109319,-0.028903377806183458,-0.012564228061117216,-0.030925611520264237,-0.035202354500205146,-0.02095411478786649,-0.02102015449483551
-0.03068182489601425,-0.02366322073228527,-0.056460392240705454,-0.04393093251153388,-0.03164152766109319,-0.028903377806183458,-0.012564228061117216,-0.030925611520264237,-0.035202354500205146,-0.02095411478786649
-0.002546931613773742,-0.03068182489601425,-0.02366322073228527,-0.056460392240705454,-0.04393093251153388,-0.03164152766109319,-0.028903377806183458,-0.012564228061117216,-0.030925611520264237,-0.035202354500205146
-0.016654822596036064,-0.002546931613773742,-0.03068182489601425,-0.02366322073228527,-0.056460392240705454,-0.04393093251153388,-0.03164152766109319,-0.028903377806183458,-0.012564228061117216,-0.030925611520264237
0.0022479310283528586,-0.016654822596036064,-0.002546931613773742,-0.03068182489601425,-0.02366322073228527,-0.056460392240705454,-0.04393093251153388,-0.03164152766109319,-0.028903377806183458,-0.012564228061117216
0.014512320763491841,0.0022479310283528586,-0.016654822596036064,-0.002546931613773742,-0.03068182489601425,-0.02366322073228527,-0.056460392240705454,-0.04393093251153388,-0.03164152766109319,-0.028903377806183458
0.012473372954108402,0.014512320763491841,0.0022479310283528586,-0.016654822596036064,-0.002546931613773742,-0.03068182489601425,-0.02366322073228527,-0.056460392240705454,-0.04393093251153388,-0.03164152766109319
0.019375040785717744,0.012473372954108402,0.014512320763491841,0.0022479310283528586,-0.016654822596036064,-0.002546931613773742,-0.03068182489601425,-0.02366322073228527,-0.056460392240705454,-0.04393093251153388
0.04372083670255809,0.019375040785717744,0.012473372954108402,0.014512320763491841,0.0022479310283528586,-0.016654822596036064,-0.002546931613773742,-0.03068182489601425,-0.02366322073228527,-0.056460392240705454
0.061594575884835995,0.04372083670255809,0.019375040785717744,0.012473372954108402,0.014512320763491841,0.0022479310283528586,-0.016654822596036064,-0.002546931613773742,-0.03068182489601425,-0.02366322073228527
0.0657098958169163,0.061594575884835995,0.04372083670255809,0.019375040785717744,0.012473372954108402,0.014512320763491841,0.0022479310283528586,-0.016654822596036064,-0.002546931613773742,-0.03068182489601425
0.07883330997294467,0.0657098958169163,0.061594575884835995,0.04372083670255809,0.019375040785717744,0.012473372954108402,0.014512320763491841,0.0022479310283528586,-0.016654822596036064,-0.002546931613773742
0.0819921379145118,0.07883330997294467,0.0657098958169163,0.061594575884835995,0.04372083670255809,0.019375040785717744,0.012473372954108402,0.014512320763491841,0.0022479310283528586,-0.016654822596036064
0.05914758266392766,0.0819921379145118,0.07883330997294467,0.0657098958169163,0.061594575884835995,0.04372083670255809,0.019375040785717744,0.012473372954108402,0.014512320763491841,0.0022479310283528586
0.05385248537984766,0.05914758266392766,0.0819921379145118,0.07883330997294467,0.0657098958169163,0.061594575884835995,0.04372083670255809,0.019375040785717744,0.012473372954108402,0.014512320763491841
0.06302135380382286,0.05385248537984766,0.05914758266392766,0.0819921379145118,0.07883330997294467,0.0657098958169163,0.061594575884835995,0.04372083670255809,0.019375040785717744,0.012473372954108402
0.057113365118542175,0.06302135380382286,0.05385248537984766,0.05914758266392766,0.0819921379145118,0.07883330997294467,0.0657098958169163,0.061594575884835995,0.04372083670255809,0.019375040785717744
0.0727992144010369,0.057113365118542175,0.06302135380382286,0.05385248537984766,0.05914758266392766,0.0819921379145118,0.07883330997294467,0.0657098958169163,0.061594575884835995,0.04372083670255809
0.09136341004049321,0.0727992144010369,0.057113365118542175,0.06302135380382286,0.05385248537984766,0.05914758266392766,0.0819921379145118,0.07883330997294467,0.0657098958169163,0.061594575884835995
0.09046891031178235,0.09136341004049321,0.0727992144010369,0.057113365118542175,0.06302135380382286,0.05385248537984766,0.05914758266392766,0.0819921379145118,0.07883330997294467,0.0657098958169163
0.11082900577886043,0.09046891031178235,0.09136341004049321,0.0727992144010369,0.057113365118542175,0.06302135380382286,0.05385248537984766,0.05914758266392766,0.0819921379145118,0.07883330997294467
0.10125026444149583,0.11082900577886043,0.09046891031178235,0.09136341004049321,0.0727992144010369,0.057113365118542175,0.06302135380382286,0.05385248537984766,0.05914758266392766,0.0819921379145118
0.10903500506092527,0.10125026444149583,0.11082900577886043,0.09046891031178235,0.09136341004049321,0.0727992144010369,0.057113365118542175,0.06302135380382286,0.05385248537984766,0.05914758266392766
0.11264263943836024,0.10903500506092527,0.10125026444149583,0.11082900577886043,0.09046891031178235,0.09136341004049321,0.0727992144010369,0.057113365118542175,0.06302135380382286,0.05385248537984766
0.11545779031094495,0.11264263943836024,0.10903500506092527,0.10125026444149583,0.11082900577886043,0.09046891031178235,0.09136341004049321,0.0727992144010369,0.057113365118542175,0.06302135380382286
0.07487917058749999,0.11545779031094495,0.11264263943836024,0.10903500506092527,0.10125026444149583,0.11082900577886043,0.09046891031178235,0.09136341004049321,0.0727992144010369,0.057113365118542175
0.06379560371916242,0.07487917058749999,0.11545779031094495,0.11264263943836024,0.10903500506092527,0.10125026444149583,0.11082900577886043,0.09046891031178235,0.09136341004049321,0.0727992144010369
0.05171893697500859,0.06379560371916242,0.07487917058749999,0.11545779031094495,0.11264263943836024,0.10903500506092527,0.10125026444149583,0.11082900577886043,0.09046891031178235,0.09136341004049321
0.06150106607365062,0.05171893697500859,0.06379560371916242,0.07487917058749999,0.11545779031094495,0.11264263943836024,0.10903500506092527,0.10125026444149583,0.11082900577886043,0.09046891031178235
0.03363771423981449,0.06150106607365062,0.05171893697500859,0.06379560371916242,0.07487917058749999,0.11545779031094495,0.11264263943836024,0.10903500506092527,0.10125026444149583,0.11082900577886043