time,data_values
2010-01-04 00:00:00,214.009998
2010-01-05 00:00:00,214.379993
2010-01-06 00:00:00,210.969995
2010-01-07 00:00:00,210.58
2010-01-08 00:00:00,211.980005
2010-01-11 00:00:00,210.110003
2010-01-12 00:00:00,207.720001
2010-01-13 00:00:00,210.650002
2010-01-14 00:00:00,209.43
2010-01-15 00:00:00,205.93
2010-01-19 00:00:00,215.039995
2010-01-20 00:00:00,211.73
2010-01-21 00:00:00,208.069996
2010-01-22 00:00:00,197.75
2010-01-25 00:00:00,203.070002
2010-01-26 00:00:00,205.940001
2010-01-27 00:00:00,207.880005
2010-01-28 00:00:00,199.289995
2010-01-29 00:00:00,192.060003
2010-02-01 00:00:00,194.729998
2010-02-02 00:00:00,195.859997
2010-02-03 00:00:00,199.229994
2010-02-04 00:00:00,192.050003
2010-02-05 00:00:00,195.460001
2010-02-08 00:00:00,194.119997
2010-02-09 00:00:00,196.190004
2010-02-10 00:00:00,195.120007
2010-02-11 00:00:00,198.669994
2010-02-12 00:00:00,200.379993
2010-02-16 00:00:00,203.399996
2010-02-17 00:00:00,202.550003
2010-02-18 00:00:00,202.929998
2010-02-19 00:00:00,201.669996
2010-02-22 00:00:00,200.419994
2010-02-23 00:00:00,197.059998
2010-02-24 00:00:00,200.66
2010-02-25 00:00:00,202.000004
2010-02-26 00:00:00,204.619997
2010-03-01 00:00:00,208.990004
2010-03-02 00:00:00,208.85
2010-03-03 00:00:00,209.329998
2010-03-04 00:00:00,210.710003
2010-03-05 00:00:00,218.950005
2010-03-08 00:00:00,219.079994
2010-03-09 00:00:00,223.020004
2010-03-10 00:00:00,224.839993
2010-03-11 00:00:00,225.500008
2010-03-12 00:00:00,226.600006
2010-03-15 00:00:00,223.839996
2010-03-16 00:00:00,224.449997
2010-03-17 00:00:00,224.120003
2010-03-18 00:00:00,224.650002
2010-03-19 00:00:00,222.25
2010-03-22 00:00:00,224.750004
2010-03-23 00:00:00,228.359993
2010-03-24 00:00:00,229.370003
2010-03-25 00:00:00,226.649994
2010-03-26 00:00:00,230.899998
2010-03-29 00:00:00,232.389992
2010-03-30 00:00:00,235.849991
2010-03-31 00:00:00,235.000011
2010-04-01 00:00:00,235.969994
2010-04-05 00:00:00,238.489998
2010-04-06 00:00:00,239.540009
2010-04-07 00:00:00,240.600006
2010-04-08 00:00:00,239.950005
2010-04-09 00:00:00,241.789993
2010-04-12 00:00:00,242.290005
2010-04-13 00:00:00,242.430008
2010-04-14 00:00:00,245.690002
2010-04-15 00:00:00,248.92001
2010-04-16 00:00:00,247.400002
2010-04-19 00:00:00,247.070007
2010-04-20 00:00:00,244.590004
2010-04-21 00:00:00,259.220005
2010-04-22 00:00:00,266.46999700000003
2010-04-23 00:00:00,270.82999
2010-04-26 00:00:00,269.5
2010-04-27 00:00:00,262.039989
2010-04-28 00:00:00,261.600006
2010-04-29 00:00:00,268.640007
2010-04-30 00:00:00,261.090008
2010-05-03 00:00:00,266.34999500000004
2010-05-04 00:00:00,258.679993
2010-05-05 00:00:00,255.989998
2010-05-06 00:00:00,246.249989
2010-05-07 00:00:00,235.860004
2010-05-10 00:00:00,253.990005
2010-05-11 00:00:00,256.51999700000005
2010-05-12 00:00:00,262.090004
2010-05-13 00:00:00,258.360012
2010-05-14 00:00:00,253.819988
2010-05-17 00:00:00,254.219997
2010-05-18 00:00:00,252.360008
2010-05-19 00:00:00,248.339996
2010-05-20 00:00:00,237.75999500000003
2010-05-21 00:00:00,242.319992
2010-05-24 00:00:00,246.759987
2010-05-25 00:00:00,245.220005
2010-05-26 00:00:00,244.109993
2010-05-27 00:00:00,253.349991
2010-05-28 00:00:00,256.880005
2010-06-01 00:00:00,260.830002
2010-06-02 00:00:00,263.949993
2010-06-03 00:00:00,263.11998700000004
2010-06-04 00:00:00,255.960011
2010-06-07 00:00:00,250.940002
2010-06-08 00:00:00,249.330006
2010-06-09 00:00:00,243.200012
2010-06-10 00:00:00,250.510006
2010-06-11 00:00:00,253.50999500000003
2010-06-14 00:00:00,254.27999900000003
2010-06-15 00:00:00,259.690002
2010-06-16 00:00:00,267.249989
2010-06-17 00:00:00,271.86998700000004
2010-06-18 00:00:00,274.070011
2010-06-21 00:00:00,270.170002
2010-06-22 00:00:00,273.850006
2010-06-23 00:00:00,270.969994
2010-06-24 00:00:00,268.999989
2010-06-25 00:00:00,266.699989
2010-06-28 00:00:00,268.299999
2010-06-29 00:00:00,256.170002
2010-06-30 00:00:00,251.530003
2010-07-01 00:00:00,248.48
2010-07-02 00:00:00,246.939991
2010-07-06 00:00:00,248.62999
2010-07-07 00:00:00,258.670006
2010-07-08 00:00:00,258.089993
2010-07-09 00:00:00,259.61998700000004
2010-07-12 00:00:00,257.290001
2010-07-13 00:00:00,251.799995
2010-07-14 00:00:00,252.730003
2010-07-15 00:00:00,251.450001
2010-07-16 00:00:00,249.900005
2010-07-19 00:00:00,245.580013
2010-07-20 00:00:00,251.890011
2010-07-21 00:00:00,254.239998
2010-07-22 00:00:00,259.02
2010-07-23 00:00:00,259.939995
2010-07-26 00:00:00,259.280006
2010-07-27 00:00:00,264.080009
2010-07-28 00:00:00,260.959991
2010-07-29 00:00:00,258.10999300000003
2010-07-30 00:00:00,257.25
2010-08-02 00:00:00,261.849998
2010-08-03 00:00:00,261.93
2010-08-04 00:00:00,262.980011
2010-08-05 00:00:00,261.700008
2010-08-06 00:00:00,260.090012
2010-08-09 00:00:00,261.749996
2010-08-10 00:00:00,259.409996
2010-08-11 00:00:00,250.18999900000003
2010-08-12 00:00:00,251.790009
2010-08-13 00:00:00,249.099987
2010-08-16 00:00:00,247.640007
2010-08-17 00:00:00,251.970013
2010-08-18 00:00:00,253.070011
2010-08-19 00:00:00,249.880005
2010-08-20 00:00:00,249.639999
2010-08-23 00:00:00,245.799992
2010-08-24 00:00:00,239.930004
2010-08-25 00:00:00,242.889992
2010-08-26 00:00:00,240.27999900000003
2010-08-27 00:00:00,241.620003
2010-08-30 00:00:00,242.499996
2010-08-31 00:00:00,243.10001
2010-09-01 00:00:00,250.330002
2010-09-02 00:00:00,252.169991
2010-09-03 00:00:00,258.770008
2010-09-07 00:00:00,257.810013
2010-09-08 00:00:00,262.92001
2010-09-09 00:00:00,263.07
2010-09-10 00:00:00,263.410007
2010-09-13 00:00:00,267.039997
2010-09-14 00:00:00,268.059994
2010-09-15 00:00:00,270.21999
2010-09-16 00:00:00,276.569988
2010-09-17 00:00:00,275.36998700000004
2010-09-20 00:00:00,283.230007
2010-09-21 00:00:00,283.769993
2010-09-22 00:00:00,287.750004
2010-09-23 00:00:00,288.91999100000004
2010-09-24 00:00:00,292.319988
2010-09-27 00:00:00,291.159988
2010-09-28 00:00:00,286.859997
2010-09-29 00:00:00,287.369995
2010-09-30 00:00:00,283.749992
2010-10-01 00:00:00,282.52000400000003
2010-10-04 00:00:00,278.639996
2010-10-05 00:00:00,288.939991
2010-10-06 00:00:00,289.19001000000003
2010-10-07 00:00:00,289.21999700000003
2010-10-08 00:00:00,294.069988
2010-10-11 00:00:00,295.360004
2010-10-12 00:00:00,298.539997
2010-10-13 00:00:00,300.140007
2010-10-14 00:00:00,302.30999
2010-10-15 00:00:00,314.739994
2010-10-18 00:00:00,317.999989
2010-10-19 00:00:00,309.489994
2010-10-20 00:00:00,310.529991
2010-10-21 00:00:00,309.520008
2010-10-22 00:00:00,307.470001
2010-10-25 00:00:00,308.839993
2010-10-26 00:00:00,308.049988
2010-10-27 00:00:00,307.830009
2010-10-28 00:00:00,305.23999
2010-10-29 00:00:00,300.98
2010-11-01 00:00:00,304.179993
2010-11-02 00:00:00,309.360004
2010-11-03 00:00:00,312.800003
2010-11-04 00:00:00,318.270008
2010-11-05 00:00:00,317.130009
2010-11-08 00:00:00,318.620003
2010-11-09 00:00:00,316.079998
2010-11-10 00:00:00,318.030003
2010-11-11 00:00:00,316.649998
2010-11-12 00:00:00,308.029987
2010-11-15 00:00:00,307.040005
2010-11-16 00:00:00,301.59
2010-11-17 00:00:00,300.499989
2010-11-18 00:00:00,308.429996
2010-11-19 00:00:00,306.730011
2010-11-22 00:00:00,313.35998900000004
2010-11-23 00:00:00,308.73000299999995
2010-11-24 00:00:00,314.799995
2010-11-26 00:00:00,315.0
2010-11-29 00:00:00,316.870003
2010-11-30 00:00:00,311.150005
2010-12-01 00:00:00,316.400005
2010-12-02 00:00:00,318.150005
2010-12-03 00:00:00,317.440002
2010-12-06 00:00:00,320.149998
2010-12-07 00:00:00,318.210007
2010-12-08 00:00:00,321.009991
2010-12-09 00:00:00,319.760002
2010-12-10 00:00:00,320.559994
2010-12-13 00:00:00,321.670006
2010-12-14 00:00:00,320.290001
2010-12-15 00:00:00,320.35998900000004
2010-12-16 00:00:00,321.249996
2010-12-17 00:00:00,320.610008
2010-12-20 00:00:00,322.209991
2010-12-21 00:00:00,324.199997
2010-12-22 00:00:00,325.159992
2010-12-23 00:00:00,323.60001
2010-12-27 00:00:00,324.680008
2010-12-28 00:00:00,325.470013
2010-12-29 00:00:00,325.290009
2010-12-30 00:00:00,323.660011
2010-12-31 00:00:00,322.560013
2011-01-03 00:00:00,329.57
2011-01-04 00:00:00,331.290012
2011-01-05 00:00:00,334.000008
2011-01-06 00:00:00,333.729988
2011-01-07 00:00:00,336.120003
2011-01-10 00:00:00,342.450001
2011-01-11 00:00:00,341.639996
2011-01-12 00:00:00,344.420006
2011-01-13 00:00:00,345.680008
2011-01-14 00:00:00,348.479992
2011-01-18 00:00:00,340.650013
2011-01-19 00:00:00,338.840012
2011-01-20 00:00:00,332.680004
2011-01-21 00:00:00,326.720001
2011-01-24 00:00:00,337.449993
2011-01-25 00:00:00,341.39999
2011-01-26 00:00:00,343.850006
2011-01-27 00:00:00,343.209991
2011-01-28 00:00:00,336.100002
2011-01-31 00:00:00,339.319996
2011-02-01 00:00:00,345.030006
2011-02-02 00:00:00,344.320004
2011-02-03 00:00:00,343.44001000000003
2011-02-04 00:00:00,346.5
2011-02-07 00:00:00,351.87999
2011-02-08 00:00:00,355.200012
2011-02-09 00:00:00,358.16
2011-02-10 00:00:00,354.539997
2011-02-11 00:00:00,356.85001
2011-02-14 00:00:00,359.179996
2011-02-15 00:00:00,359.900013
2011-02-16 00:00:00,363.129993
2011-02-17 00:00:00,358.300003
2011-02-18 00:00:00,350.560013
2011-02-22 00:00:00,338.60999300000003
2011-02-23 00:00:00,342.619991
2011-02-24 00:00:00,342.879997
2011-02-25 00:00:00,348.160011
2011-02-28 00:00:00,353.210007
2011-03-01 00:00:00,349.309998
2011-03-02 00:00:00,352.119995
2011-03-03 00:00:00,359.560005
2011-03-04 00:00:00,359.999989
2011-03-07 00:00:00,355.35998900000004
2011-03-08 00:00:00,355.759998
2011-03-09 00:00:00,352.46999
2011-03-10 00:00:00,346.66999100000004
2011-03-11 00:00:00,351.990005
2011-03-14 00:00:00,353.560001
2011-03-15 00:00:00,345.42998900000003
2011-03-16 00:00:00,330.01001
2011-03-17 00:00:00,334.639996
2011-03-18 00:00:00,330.669998
2011-03-21 00:00:00,339.299995
2011-03-22 00:00:00,341.200012
2011-03-23 00:00:00,339.190006
2011-03-24 00:00:00,344.970005
2011-03-25 00:00:00,351.540009
2011-03-28 00:00:00,350.44001000000003
2011-03-29 00:00:00,350.959995
2011-03-30 00:00:00,348.630009
2011-03-31 00:00:00,348.51000600000003
2011-04-01 00:00:00,344.560009
2011-04-04 00:00:00,341.189999
2011-04-05 00:00:00,338.88999900000005
2011-04-06 00:00:00,338.03999300000004
2011-04-07 00:00:00,338.079994
2011-04-08 00:00:00,335.060005
2011-04-11 00:00:00,330.799988
2011-04-12 00:00:00,332.399998
2011-04-13 00:00:00,336.12999
2011-04-14 00:00:00,332.419998
2011-04-15 00:00:00,327.459991
2011-04-18 00:00:00,331.849998
2011-04-19 00:00:00,337.85998900000004
2011-04-20 00:00:00,342.41
2011-04-21 00:00:00,350.699989
2011-04-25 00:00:00,353.010002
2011-04-26 00:00:00,350.42001
2011-04-27 00:00:00,350.14999
2011-04-28 00:00:00,346.749992
2011-04-29 00:00:00,350.12999
2011-05-02 00:00:00,346.27999500000004
2011-05-03 00:00:00,348.200012
2011-05-04 00:00:00,349.570004
2011-05-05 00:00:00,346.749992
2011-05-06 00:00:00,346.660004
2011-05-09 00:00:00,347.599998
2011-05-10 00:00:00,349.450001
2011-05-11 00:00:00,347.23000299999995
2011-05-12 00:00:00,346.569988
2011-05-13 00:00:00,340.499996
2011-05-16 00:00:00,333.299992
2011-05-17 00:00:00,336.140003
2011-05-18 00:00:00,339.869995
2011-05-19 00:00:00,340.53001
2011-05-20 00:00:00,335.220009
2011-05-23 00:00:00,334.39999
2011-05-24 00:00:00,332.190006
2011-05-25 00:00:00,336.779991
2011-05-26 00:00:00,335.000004
2011-05-27 00:00:00,337.409992
2011-05-31 00:00:00,347.82999
2011-06-01 00:00:00,345.509991
2011-06-02 00:00:00,346.099991
2011-06-03 00:00:00,343.44001000000003
2011-06-06 00:00:00,338.03999300000004
2011-06-07 00:00:00,332.039989
2011-06-08 00:00:00,332.239994
2011-06-09 00:00:00,331.48999
2011-06-10 00:00:00,325.900009
2011-06-13 00:00:00,326.599998
2011-06-14 00:00:00,332.439999
2011-06-15 00:00:00,326.749989
2011-06-16 00:00:00,325.159992
2011-06-17 00:00:00,320.259987
2011-06-20 00:00:00,315.320007
2011-06-21 00:00:00,325.299995
2011-06-22 00:00:00,322.61000099999995
2011-06-23 00:00:00,331.230011
2011-06-24 00:00:00,326.350006
2011-06-27 00:00:00,332.039989
2011-06-28 00:00:00,335.26001
2011-06-29 00:00:00,334.040009
2011-06-30 00:00:00,335.670006
2011-07-01 00:00:00,343.26000600000003
2011-07-05 00:00:00,349.43
2011-07-06 00:00:00,351.759987
2011-07-07 00:00:00,357.200005
2011-07-08 00:00:00,359.709995
2011-07-11 00:00:00,354.000011
2011-07-12 00:00:00,353.749992
2011-07-13 00:00:00,358.01999700000005
2011-07-14 00:00:00,357.77000400000003
2011-07-15 00:00:00,364.919994
2011-07-18 00:00:00,373.800011
2011-07-19 00:00:00,376.849987
2011-07-20 00:00:00,386.89999
2011-07-21 00:00:00,387.290012
2011-07-22 00:00:00,393.300003
2011-07-25 00:00:00,398.499989
2011-07-26 00:00:00,403.410007
2011-07-27 00:00:00,392.59
2011-07-28 00:00:00,391.819996
2011-07-29 00:00:00,390.479992
2011-08-01 00:00:00,396.749989
2011-08-02 00:00:00,388.909996
2011-08-03 00:00:00,392.57
2011-08-04 00:00:00,377.369999
2011-08-05 00:00:00,373.620007
2011-08-08 00:00:00,353.210007
2011-08-09 00:00:00,374.010002
2011-08-10 00:00:00,363.690006
2011-08-11 00:00:00,373.700008
2011-08-12 00:00:00,376.98999
2011-08-15 00:00:00,383.410004
2011-08-16 00:00:00,380.480003
2011-08-17 00:00:00,380.440002
2011-08-18 00:00:00,366.050007
2011-08-19 00:00:00,356.029991
2011-08-22 00:00:00,356.43998700000003
2011-08-23 00:00:00,373.600006
2011-08-24 00:00:00,376.180012
2011-08-25 00:00:00,373.720009
2011-08-26 00:00:00,383.579994
2011-08-29 00:00:00,389.969994
2011-08-30 00:00:00,389.989994
2011-08-31 00:00:00,384.830009
2011-09-01 00:00:00,381.030003
2011-09-02 00:00:00,374.050003
2011-09-06 00:00:00,379.740013
2011-09-07 00:00:00,383.929989
2011-09-08 00:00:00,384.140007
2011-09-09 00:00:00,377.479988
2011-09-12 00:00:00,379.939991
2011-09-13 00:00:00,384.619991
2011-09-14 00:00:00,389.299992
2011-09-15 00:00:00,392.959995
2011-09-16 00:00:00,400.500008
2011-09-19 00:00:00,411.630009
2011-09-20 00:00:00,413.449997
2011-09-21 00:00:00,412.140007
2011-09-22 00:00:00,401.820011
2011-09-23 00:00:00,404.299988
2011-09-26 00:00:00,403.170002
2011-09-27 00:00:00,399.260006
2011-09-28 00:00:00,397.009995
2011-09-29 00:00:00,390.570007
2011-09-30 00:00:00,381.319996
2011-10-03 00:00:00,374.600002
2011-10-04 00:00:00,372.500008
2011-10-05 00:00:00,378.249992
2011-10-06 00:00:00,377.369999
2011-10-07 00:00:00,369.799999
2011-10-10 00:00:00,388.809994
2011-10-11 00:00:00,400.289989
2011-10-12 00:00:00,402.190006
2011-10-13 00:00:00,408.429989
2011-10-14 00:00:00,421.999992
2011-10-17 00:00:00,419.990013
2011-10-18 00:00:00,422.23999800000007
2011-10-19 00:00:00,398.619991
2011-10-20 00:00:00,395.310009
2011-10-21 00:00:00,392.870007
2011-10-24 00:00:00,405.770008
2011-10-25 00:00:00,397.770012
2011-10-26 00:00:00,400.60001
2011-10-27 00:00:00,404.69001
2011-10-28 00:00:00,404.949989
2011-10-31 00:00:00,404.779999
2011-11-01 00:00:00,396.51001
2011-11-02 00:00:00,397.410004
2011-11-03 00:00:00,403.07
2011-11-04 00:00:00,400.240002
2011-11-07 00:00:00,399.730003
2011-11-08 00:00:00,406.229992
2011-11-09 00:00:00,395.279995
2011-11-10 00:00:00,385.220005
2011-11-11 00:00:00,384.619991
2011-11-14 00:00:00,379.260002
2011-11-15 00:00:00,388.829994
2011-11-16 00:00:00,384.770008
2011-11-17 00:00:00,377.41
2011-11-18 00:00:00,374.94001
2011-11-21 00:00:00,369.009995
2011-11-22 00:00:00,376.510006
2011-11-23 00:00:00,366.990002
2011-11-25 00:00:00,363.570004
2011-11-28 00:00:00,376.12001
2011-11-29 00:00:00,373.199997
2011-11-30 00:00:00,382.199989
2011-12-01 00:00:00,387.93
2011-12-02 00:00:00,389.700001
2011-12-05 00:00:00,393.01001
2011-12-06 00:00:00,390.949989
2011-12-07 00:00:00,389.09
2011-12-08 00:00:00,390.659996
2011-12-09 00:00:00,393.62001
2011-12-12 00:00:00,391.839996
2011-12-13 00:00:00,388.809994
2011-12-14 00:00:00,380.19001
2011-12-15 00:00:00,378.939995
2011-12-16 00:00:00,381.019989
2011-12-19 00:00:00,382.210003
2011-12-20 00:00:00,395.949997
2011-12-21 00:00:00,396.450008
2011-12-22 00:00:00,398.550003
2011-12-23 00:00:00,403.330006
2011-12-27 00:00:00,406.529999
2011-12-28 00:00:00,402.640003
2011-12-29 00:00:00,405.120007
2011-12-30 00:00:00,405.000004
2012-01-03 00:00:00,411.23
2012-01-04 00:00:00,413.44001
2012-01-05 00:00:00,418.029995
2012-01-06 00:00:00,422.400002
2012-01-09 00:00:00,421.73
2012-01-10 00:00:00,423.239994
2012-01-11 00:00:00,422.549992
2012-01-12 00:00:00,421.389992
2012-01-13 00:00:00,419.810009
2012-01-17 00:00:00,424.700001
2012-01-18 00:00:00,429.110008
2012-01-19 00:00:00,427.750004
2012-01-20 00:00:00,420.3000070000001
2012-01-23 00:00:00,427.409996
2012-01-24 00:00:00,420.409996
2012-01-25 00:00:00,446.659996
2012-01-26 00:00:00,444.62999
2012-01-27 00:00:00,447.28001
2012-01-30 00:00:00,453.009995
2012-01-31 00:00:00,456.47998
2012-02-01 00:00:00,456.189987
2012-02-02 00:00:00,455.12000300000005
2012-02-03 00:00:00,459.68
2012-02-06 00:00:00,463.969978
2012-02-07 00:00:00,468.830009
2012-02-08 00:00:00,476.680016
2012-02-09 00:00:00,493.170006
2012-02-10 00:00:00,493.419998
2012-02-13 00:00:00,502.600021
2012-02-14 00:00:00,509.459991
2012-02-15 00:00:00,497.669975
2012-02-16 00:00:00,502.209999
2012-02-17 00:00:00,502.12001
2012-02-21 00:00:00,514.850021
2012-02-22 00:00:00,513.039993
2012-02-23 00:00:00,516.3899769999999
2012-02-24 00:00:00,522.4099809999999
2012-02-27 00:00:00,525.760017
2012-02-28 00:00:00,535.410011
2012-02-29 00:00:00,542.440025
2012-03-01 00:00:00,544.4699780000001
2012-03-02 00:00:00,545.180008
2012-03-05 00:00:00,533.1600269999999
2012-03-06 00:00:00,530.259987
2012-03-07 00:00:00,530.6900099999999
2012-03-08 00:00:00,541.989975
2012-03-09 00:00:00,545.170021
2012-03-12 00:00:00,551.999977
2012-03-13 00:00:00,568.099998
2012-03-14 00:00:00,589.580009
2012-03-15 00:00:00,585.5599980000001
2012-03-16 00:00:00,585.569984
2012-03-19 00:00:00,601.100006
2012-03-20 00:00:00,605.959984
2012-03-21 00:00:00,602.4999849999999
2012-03-22 00:00:00,599.3400190000001
2012-03-23 00:00:00,596.050011
2012-03-26 00:00:00,606.97998
2012-03-27 00:00:00,614.4800190000001
2012-03-28 00:00:00,617.62001
2012-03-29 00:00:00,609.8599929999999
2012-03-30 00:00:00,599.550011
2012-04-02 00:00:00,618.6300200000001
2012-04-03 00:00:00,629.319984
2012-04-04 00:00:00,624.3099900000001
2012-04-05 00:00:00,633.679977
2012-04-09 00:00:00,636.229996
2012-04-10 00:00:00,628.440018
2012-04-11 00:00:00,626.20002
2012-04-12 00:00:00,622.7699809999999
2012-04-13 00:00:00,605.22998
2012-04-16 00:00:00,580.1300200000001
2012-04-17 00:00:00,609.699989
2012-04-18 00:00:00,608.340012
2012-04-19 00:00:00,587.439987
2012-04-20 00:00:00,572.980003
2012-04-23 00:00:00,571.699974
2012-04-24 00:00:00,560.280006
2012-04-25 00:00:00,610.000023
2012-04-26 00:00:00,607.6999969999999
2012-04-27 00:00:00,603.000023
2012-04-30 00:00:00,583.9799879999999
2012-05-01 00:00:00,582.130013
2012-05-02 00:00:00,585.97998
2012-05-03 00:00:00,581.819992
2012-05-04 00:00:00,565.25
2012-05-07 00:00:00,569.480003
2012-05-08 00:00:00,568.18
2012-05-09 00:00:00,569.180023
2012-05-10 00:00:00,570.519974
2012-05-11 00:00:00,566.710007
2012-05-14 00:00:00,558.2199860000001
2012-05-15 00:00:00,553.169991
2012-05-16 00:00:00,546.0800019999999
2012-05-17 00:00:00,530.12001
2012-05-18 00:00:00,530.37999
2012-05-21 00:00:00,561.279976
2012-05-22 00:00:00,556.970024
2012-05-23 00:00:00,570.559975
2012-05-24 00:00:00,565.320015
2012-05-25 00:00:00,562.289986
2012-05-29 00:00:00,572.269974
2012-05-30 00:00:00,579.1699980000001
2012-05-31 00:00:00,577.7300190000001
2012-06-01 00:00:00,560.989983
2012-06-04 00:00:00,564.289978
2012-06-05 00:00:00,562.830025
2012-06-06 00:00:00,571.460022
2012-06-07 00:00:00,571.720001
2012-06-08 00:00:00,580.319984
2012-06-11 00:00:00,571.169975
2012-06-12 00:00:00,576.159996
2012-06-13 00:00:00,572.160011
2012-06-14 00:00:00,571.529984
2012-06-15 00:00:00,574.12999
2012-06-18 00:00:00,585.779976
2012-06-19 00:00:00,587.4100269999999
2012-06-20 00:00:00,585.739975
2012-06-21 00:00:00,577.669991
2012-06-22 00:00:00,582.099998
2012-06-25 00:00:00,570.77002
2012-06-26 00:00:00,572.0300219999999
2012-06-27 00:00:00,574.4999849999999
2012-06-28 00:00:00,569.04998
2012-06-29 00:00:00,584.0000150000001
2012-07-02 00:00:00,592.519997
2012-07-03 00:00:00,599.4099809999999
2012-07-05 00:00:00,609.9399950000001
2012-07-06 00:00:00,605.879982
2012-07-09 00:00:00,613.889992
2012-07-10 00:00:00,608.210022
2012-07-11 00:00:00,604.430016
2012-07-12 00:00:00,598.900009
2012-07-13 00:00:00,604.970001
2012-07-16 00:00:00,606.910019
2012-07-17 00:00:00,606.93998
2012-07-18 00:00:00,606.260017
2012-07-19 00:00:00,614.320015
2012-07-20 00:00:00,604.300026
2012-07-23 00:00:00,603.8300019999999
2012-07-24 00:00:00,600.919975
2012-07-25 00:00:00,574.970009
2012-07-26 00:00:00,574.8800200000001
2012-07-27 00:00:00,585.159988
2012-07-30 00:00:00,595.0300139999999
2012-07-31 00:00:00,610.759987
2012-08-01 00:00:00,606.8099900000001
2012-08-02 00:00:00,607.789986
2012-08-03 00:00:00,615.70002
2012-08-06 00:00:00,622.5500030000001
2012-08-07 00:00:00,620.910019
2012-08-08 00:00:00,619.860008
2012-08-09 00:00:00,620.7299879999999
2012-08-10 00:00:00,621.6999969999999
2012-08-13 00:00:00,630.0
2012-08-14 00:00:00,631.690025
2012-08-15 00:00:00,630.829979
2012-08-16 00:00:00,636.340012
2012-08-17 00:00:00,648.110001
2012-08-20 00:00:00,665.150017
2012-08-21 00:00:00,656.059982
2012-08-22 00:00:00,668.869995
2012-08-23 00:00:00,662.630013
2012-08-24 00:00:00,663.2199860000001
2012-08-27 00:00:00,675.679977
2012-08-28 00:00:00,674.800011
2012-08-29 00:00:00,673.469994
2012-08-30 00:00:00,663.869987
2012-08-31 00:00:00,665.240005
2012-09-04 00:00:00,674.970001
2012-09-05 00:00:00,670.230026
2012-09-06 00:00:00,676.270004
2012-09-07 00:00:00,680.43998
2012-09-10 00:00:00,662.739975
2012-09-11 00:00:00,660.5900190000001
2012-09-12 00:00:00,669.790016
2012-09-13 00:00:00,682.980011
2012-09-14 00:00:00,691.2800139999999
2012-09-17 00:00:00,699.7800219999999
2012-09-18 00:00:00,701.910004
2012-09-19 00:00:00,702.100021
2012-09-20 00:00:00,698.6999969999999
2012-09-21 00:00:00,700.089989
2012-09-24 00:00:00,690.790016
2012-09-25 00:00:00,673.5400089999999
2012-09-26 00:00:00,665.179977
2012-09-27 00:00:00,681.32
2012-09-28 00:00:00,667.100021
2012-10-01 00:00:00,659.389992
2012-10-02 00:00:00,661.309982
2012-10-03 00:00:00,671.449974
2012-10-04 00:00:00,666.799988
2012-10-05 00:00:00,652.589996
2012-10-08 00:00:00,638.170013
2012-10-09 00:00:00,635.850014
2012-10-10 00:00:00,640.909996
2012-10-11 00:00:00,628.099983
2012-10-12 00:00:00,629.710007
2012-10-15 00:00:00,634.760002
2012-10-16 00:00:00,649.789986
2012-10-17 00:00:00,644.610001
2012-10-18 00:00:00,632.6400070000001
2012-10-19 00:00:00,609.8400190000001
2012-10-22 00:00:00,634.029999
2012-10-23 00:00:00,613.3599929999999
2012-10-24 00:00:00,616.829979
2012-10-25 00:00:00,609.539986
2012-10-26 00:00:00,603.999992
2012-10-31 00:00:00,595.320007
2012-11-01 00:00:00,596.5400089999999
2012-11-02 00:00:00,576.800011
2012-11-05 00:00:00,584.620003
2012-11-06 00:00:00,582.849976
2012-11-07 00:00:00,558.000008
2012-11-08 00:00:00,537.7499849999999
2012-11-09 00:00:00,547.0599980000001
2012-11-12 00:00:00,542.829994
2012-11-13 00:00:00,542.900009
2012-11-14 00:00:00,536.880005
2012-11-15 00:00:00,525.619987
2012-11-16 00:00:00,527.680008
2012-11-19 00:00:00,565.730011
2012-11-20 00:00:00,560.9099809999999
2012-11-21 00:00:00,561.700012
2012-11-23 00:00:00,571.500023
2012-11-26 00:00:00,589.5300219999999
2012-11-27 00:00:00,584.780006
2012-11-28 00:00:00,582.940018
2012-11-29 00:00:00,589.3599780000001
2012-11-30 00:00:00,585.279991
2012-12-03 00:00:00,586.190025
2012-12-04 00:00:00,575.849976
2012-12-05 00:00:00,538.7900089999999
2012-12-06 00:00:00,547.239975
2012-12-07 00:00:00,533.2500150000001
2012-12-10 00:00:00,529.819977
2012-12-11 00:00:00,541.3900150000001
2012-12-12 00:00:00,539.0
2012-12-13 00:00:00,529.689987
2012-12-14 00:00:00,509.78998600000006
2012-12-17 00:00:00,518.829979
2012-12-18 00:00:00,533.900017
2012-12-19 00:00:00,526.3099900000001
2012-12-20 00:00:00,521.7300190000001
2012-12-21 00:00:00,519.330017
2012-12-24 00:00:00,520.169983
2012-12-26 00:00:00,512.999992
2012-12-27 00:00:00,515.060013
2012-12-28 00:00:00,509.589981
2012-12-31 00:00:00,532.169991
2013-01-02 00:00:00,549.029976
2013-01-03 00:00:00,542.099991
2013-01-04 00:00:00,526.999992
2013-01-07 00:00:00,523.900002
2013-01-08 00:00:00,525.31002
2013-01-09 00:00:00,517.100006
2013-01-10 00:00:00,523.509979
2013-01-11 00:00:00,520.300026
2013-01-14 00:00:00,501.750015
2013-01-15 00:00:00,485.920013
2013-01-16 00:00:00,506.089981
2013-01-17 00:00:00,502.68002300000006
2013-01-18 00:00:00,500.000015
2013-01-22 00:00:00,504.770004
2013-01-23 00:00:00,514.010002
2013-01-24 00:00:00,450.499977
2013-01-25 00:00:00,439.880001
2013-01-28 00:00:00,449.830002
2013-01-29 00:00:00,458.269981
2013-01-30 00:00:00,456.830002
2013-01-31 00:00:00,455.48999800000007
2013-02-01 00:00:00,453.619995
2013-02-04 00:00:00,442.320004
2013-02-05 00:00:00,457.840012
2013-02-06 00:00:00,457.350014
2013-02-07 00:00:00,468.220009
2013-02-08 00:00:00,474.980003
2013-02-11 00:00:00,479.93002300000006
2013-02-12 00:00:00,467.900002
2013-02-13 00:00:00,467.009995
2013-02-14 00:00:00,466.590012
2013-02-15 00:00:00,460.16001100000005
2013-02-19 00:00:00,459.990021
2013-02-20 00:00:00,448.850006
2013-02-21 00:00:00,446.060009
2013-02-22 00:00:00,450.80999800000006
2013-02-25 00:00:00,442.799988
2013-02-26 00:00:00,448.970009
2013-02-27 00:00:00,444.569988
2013-02-28 00:00:00,441.400009
2013-03-01 00:00:00,430.470013
2013-03-04 00:00:00,420.049988
2013-03-05 00:00:00,431.139988
2013-03-06 00:00:00,425.659996
2013-03-07 00:00:00,430.580002
2013-03-08 00:00:00,431.720001
2013-03-11 00:00:00,437.869995
2013-03-12 00:00:00,428.429993
2013-03-13 00:00:00,428.349991
2013-03-14 00:00:00,432.499992
2013-03-15 00:00:00,443.660007
2013-03-18 00:00:00,455.720016
2013-03-19 00:00:00,454.489975
2013-03-20 00:00:00,452.079987
2013-03-21 00:00:00,452.729988
2013-03-22 00:00:00,461.91001100000005
2013-03-25 00:00:00,463.580009
2013-03-26 00:00:00,461.140007
2013-03-27 00:00:00,452.079987
2013-03-28 00:00:00,442.66001100000005
2013-04-01 00:00:00,428.910004
2013-04-02 00:00:00,429.789997
2013-04-03 00:00:00,431.989994
2013-04-04 00:00:00,427.71999000000005
2013-04-05 00:00:00,423.199993
2013-04-08 00:00:00,426.209995
2013-04-09 00:00:00,426.98
2013-04-10 00:00:00,435.689999
2013-04-11 00:00:00,434.32999400000006
2013-04-12 00:00:00,429.800011
2013-04-15 00:00:00,419.85001
2013-04-16 00:00:00,426.240009
2013-04-17 00:00:00,402.800007
2013-04-18 00:00:00,392.049988
2013-04-19 00:00:00,390.530006
2013-04-22 00:00:00,398.670006
2013-04-23 00:00:00,406.12999
2013-04-24 00:00:00,405.459988
2013-04-25 00:00:00,408.380001
2013-04-26 00:00:00,417.199989
2013-04-29 00:00:00,430.119991
2013-04-30 00:00:00,442.779987
2013-05-01 00:00:00,439.290001
2013-05-02 00:00:00,445.519997
2013-05-03 00:00:00,449.980019
2013-05-06 00:00:00,460.709984
2013-05-07 00:00:00,458.660004
2013-05-08 00:00:00,463.839989
2013-05-09 00:00:00,456.7699740000001
2013-05-10 00:00:00,452.969994
2013-05-13 00:00:00,454.740021
2013-05-14 00:00:00,443.860012
2013-05-15 00:00:00,428.850002
2013-05-16 00:00:00,434.580013
2013-05-17 00:00:00,433.26001
2013-05-20 00:00:00,442.930004
2013-05-21 00:00:00,439.659996
2013-05-22 00:00:00,441.349995
2013-05-23 00:00:00,442.1399990000001
2013-05-24 00:00:00,445.150002
2013-05-28 00:00:00,441.44001
2013-05-29 00:00:00,444.949997
2013-05-30 00:00:00,451.580002
2013-05-31 00:00:00,449.730026
2013-06-03 00:00:00,450.720009
2013-06-04 00:00:00,449.30999
2013-06-05 00:00:00,445.110001
2013-06-06 00:00:00,438.459995
2013-06-07 00:00:00,441.810005
2013-06-10 00:00:00,438.889992
2013-06-11 00:00:00,437.600002
2013-06-12 00:00:00,432.189999
2013-06-13 00:00:00,435.959991
2013-06-14 00:00:00,430.050003
2013-06-17 00:00:00,432.000008
2013-06-18 00:00:00,431.769989
2013-06-19 00:00:00,422.999989
2013-06-20 00:00:00,416.840008
2013-06-21 00:00:00,413.500011
2013-06-24 00:00:00,402.540001
2013-06-25 00:00:00,402.62999
2013-06-26 00:00:00,398.069992
2013-06-27 00:00:00,393.779987
2013-06-28 00:00:00,396.53001
2013-07-01 00:00:00,409.219994
2013-07-02 00:00:00,418.490005
2013-07-03 00:00:00,420.799992
2013-07-05 00:00:00,417.419994
2013-07-08 00:00:00,415.050007
2013-07-09 00:00:00,422.349987
2013-07-10 00:00:00,420.730003
2013-07-11 00:00:00,427.289993
2013-07-12 00:00:00,426.51000199999993
2013-07-15 00:00:00,427.44001
2013-07-16 00:00:00,430.199993
2013-07-17 00:00:00,430.310009
2013-07-18 00:00:00,431.76000199999993
2013-07-19 00:00:00,424.949993
2013-07-22 00:00:00,426.30999800000006
2013-07-23 00:00:00,418.98999
2013-07-24 00:00:00,440.51000199999993
2013-07-25 00:00:00,438.499996
2013-07-26 00:00:00,440.990013
2013-07-29 00:00:00,447.790009
2013-07-30 00:00:00,453.320015
2013-07-31 00:00:00,452.529984
2013-08-01 00:00:00,456.679985
2013-08-02 00:00:00,462.53998600000006
2013-08-05 00:00:00,469.449997
2013-08-06 00:00:00,465.250008
2013-08-07 00:00:00,464.979988
2013-08-08 00:00:00,461.010017
2013-08-09 00:00:00,454.449974
2013-08-12 00:00:00,467.360016
2013-08-13 00:00:00,489.569977
2013-08-14 00:00:00,498.500008
2013-08-15 00:00:00,497.909981
2013-08-16 00:00:00,502.330002
2013-08-19 00:00:00,507.740005
2013-08-20 00:00:00,501.07
2013-08-21 00:00:00,502.360016
2013-08-22 00:00:00,502.959976
2013-08-23 00:00:00,501.020012
2013-08-26 00:00:00,502.970016
2013-08-27 00:00:00,488.589981
2013-08-28 00:00:00,490.8999940000001
2013-08-29 00:00:00,491.700012
2013-08-30 00:00:00,487.220016
2013-09-03 00:00:00,488.57999400000006
2013-09-04 00:00:00,498.690025
2013-09-05 00:00:00,495.2699740000001
2013-09-06 00:00:00,498.220001
2013-09-09 00:00:00,506.169983
2013-09-10 00:00:00,494.6399990000001
2013-09-11 00:00:00,467.709984
2013-09-12 00:00:00,472.690018
2013-09-13 00:00:00,464.899986
2013-09-16 00:00:00,450.119995
2013-09-17 00:00:00,455.320007
2013-09-18 00:00:00,464.680008
2013-09-19 00:00:00,472.299995
2013-09-20 00:00:00,467.410004
2013-09-23 00:00:00,490.64001500000006
2013-09-24 00:00:00,489.100006
2013-09-25 00:00:00,481.530006
2013-09-26 00:00:00,486.219994
2013-09-27 00:00:00,482.750008
2013-09-30 00:00:00,476.749977
2013-10-01 00:00:00,487.960007
2013-10-02 00:00:00,489.55999
2013-10-03 00:00:00,483.409996
2013-10-04 00:00:00,483.030014
2013-10-07 00:00:00,487.750015
2013-10-08 00:00:00,480.93998
2013-10-09 00:00:00,486.589989
2013-10-10 00:00:00,489.639992
2013-10-11 00:00:00,492.80999800000006
2013-10-14 00:00:00,496.039978
2013-10-15 00:00:00,498.679985
2013-10-16 00:00:00,501.110001
2013-10-17 00:00:00,504.499985
2013-10-18 00:00:00,508.889992
2013-10-21 00:00:00,521.3600230000001
2013-10-22 00:00:00,519.870003
2013-10-23 00:00:00,524.959999
2013-10-24 00:00:00,531.910011
2013-10-25 00:00:00,525.960022
2013-10-28 00:00:00,529.880005
2013-10-29 00:00:00,516.680023
2013-10-30 00:00:00,524.900024
2013-10-31 00:00:00,522.699974
2013-11-01 00:00:00,520.030006
2013-11-04 00:00:00,526.75
2013-11-05 00:00:00,525.4499969999999
2013-11-06 00:00:00,520.920013
2013-11-07 00:00:00,512.490021
2013-11-08 00:00:00,520.5600049999999
2013-11-11 00:00:00,519.050011
2013-11-12 00:00:00,520.009979
2013-11-13 00:00:00,520.6300200000001
2013-11-14 00:00:00,528.160019
2013-11-15 00:00:00,524.990013
2013-11-18 00:00:00,518.6299740000001
2013-11-19 00:00:00,519.549995
2013-11-20 00:00:00,514.9999849999999
2013-11-21 00:00:00,521.139992
2013-11-22 00:00:00,519.799988
2013-11-25 00:00:00,523.739998
2013-11-26 00:00:00,533.399979
2013-11-27 00:00:00,545.959999
2013-11-29 00:00:00,556.069977
2013-12-02 00:00:00,551.230026
2013-12-03 00:00:00,566.319984
2013-12-04 00:00:00,565.000008
2013-12-05 00:00:00,567.899994
2013-12-06 00:00:00,560.019974
2013-12-09 00:00:00,566.43
2013-12-10 00:00:00,565.54998
2013-12-11 00:00:00,561.3599780000001
2013-12-12 00:00:00,560.539986
2013-12-13 00:00:00,554.429993
2013-12-16 00:00:00,557.500023
2013-12-17 00:00:00,554.990005
2013-12-18 00:00:00,550.769989
2013-12-19 00:00:00,544.4599910000001
2013-12-20 00:00:00,549.019989
2013-12-23 00:00:00,570.090004
2013-12-24 00:00:00,567.669975
2013-12-26 00:00:00,563.900009
2013-12-27 00:00:00,560.089989
2013-12-30 00:00:00,554.5199809999999
2013-12-31 00:00:00,561.019997
2014-01-02 00:00:00,553.12999
2014-01-03 00:00:00,540.9800190000001
2014-01-06 00:00:00,543.929993
2014-01-07 00:00:00,540.040024
2014-01-08 00:00:00,543.460022
2014-01-09 00:00:00,536.519997
2014-01-10 00:00:00,532.9399950000001
2014-01-13 00:00:00,535.7300190000001
2014-01-14 00:00:00,546.3900219999999
2014-01-15 00:00:00,557.3599929999999
2014-01-16 00:00:00,554.2500150000001
2014-01-17 00:00:00,540.6699980000001
2014-01-21 00:00:00,549.069977
2014-01-22 00:00:00,551.509979
2014-01-23 00:00:00,556.179993
2014-01-24 00:00:00,546.070015
2014-01-27 00:00:00,550.500023
2014-01-28 00:00:00,506.499977
2014-01-29 00:00:00,500.749992
2014-01-30 00:00:00,499.779984
2014-01-31 00:00:00,500.599976
2014-02-03 00:00:00,501.529984
2014-02-04 00:00:00,508.790016
2014-02-05 00:00:00,512.589996
2014-02-06 00:00:00,512.509995
2014-02-07 00:00:00,519.679985
2014-02-10 00:00:00,528.989998
2014-02-11 00:00:00,535.959984
2014-02-12 00:00:00,535.919983
2014-02-13 00:00:00,544.429977
2014-02-14 00:00:00,543.990021
2014-02-18 00:00:00,545.990013
2014-02-19 00:00:00,537.370003
2014-02-20 00:00:00,531.149994
2014-02-21 00:00:00,525.249992
2014-02-24 00:00:00,527.550018
2014-02-25 00:00:00,522.060013
2014-02-26 00:00:00,517.349998
2014-02-27 00:00:00,527.670021
2014-02-28 00:00:00,526.239975
2014-03-03 00:00:00,527.76001
2014-03-04 00:00:00,531.239983
2014-03-05 00:00:00,532.360008
2014-03-06 00:00:00,530.7499849999999
2014-03-07 00:00:00,530.440018
2014-03-10 00:00:00,530.919975
2014-03-11 00:00:00,536.0899730000001
2014-03-12 00:00:00,536.6099849999999
2014-03-13 00:00:00,530.650009
2014-03-14 00:00:00,524.68998
2014-03-17 00:00:00,526.740013
2014-03-18 00:00:00,531.399986
2014-03-19 00:00:00,531.26001
2014-03-20 00:00:00,528.700005
2014-03-21 00:00:00,532.8699799999999
2014-03-24 00:00:00,539.190018
2014-03-25 00:00:00,544.98999
2014-03-26 00:00:00,539.779991
2014-03-27 00:00:00,537.4599910000001
2014-03-28 00:00:00,536.8599780000001
2014-03-31 00:00:00,536.739975
2014-04-01 00:00:00,541.649994
2014-04-02 00:00:00,542.549988
2014-04-03 00:00:00,538.7900089999999
2014-04-04 00:00:00,531.820023
2014-04-07 00:00:00,523.4699780000001
2014-04-08 00:00:00,523.440018
2014-04-09 00:00:00,530.320015
2014-04-10 00:00:00,523.4800190000001
2014-04-11 00:00:00,519.6100230000001
2014-04-14 00:00:00,521.679977
2014-04-15 00:00:00,517.959999
2014-04-16 00:00:00,519.01001
2014-04-17 00:00:00,524.940025
2014-04-21 00:00:00,531.170021
2014-04-22 00:00:00,531.70002
2014-04-23 00:00:00,524.750008
2014-04-24 00:00:00,567.770004
2014-04-25 00:00:00,571.93998
2014-04-28 00:00:00,594.0900190000001
2014-04-29 00:00:00,592.329979
2014-04-30 00:00:00,590.089981
2014-05-01 00:00:00,591.480026
2014-05-02 00:00:00,592.580025
2014-05-05 00:00:00,600.959976
2014-05-06 00:00:00,594.4100269999999
2014-05-07 00:00:00,592.329979
2014-05-08 00:00:00,587.990013
2014-05-09 00:00:00,585.540024
2014-05-12 00:00:00,592.830017
2014-05-13 00:00:00,593.760025
2014-05-14 00:00:00,593.869987
2014-05-15 00:00:00,588.819992
2014-05-16 00:00:00,597.510017
2014-05-19 00:00:00,604.5900190000001
2014-05-20 00:00:00,604.710022
2014-05-21 00:00:00,606.3100049999999
2014-05-22 00:00:00,607.269974
2014-05-23 00:00:00,614.129997
2014-05-27 00:00:00,625.6300200000001
2014-05-28 00:00:00,624.01001
2014-05-29 00:00:00,635.37999
2014-05-30 00:00:00,633.0000150000001
2014-06-02 00:00:00,628.650009
2014-06-03 00:00:00,637.539986
2014-06-04 00:00:00,644.819992
2014-06-05 00:00:00,647.349983
2014-06-06 00:00:00,645.570023
2014-06-09 00:00:00,93.699997
2014-06-10 00:00:00,94.25
2014-06-11 00:00:00,93.860001
2014-06-12 00:00:00,92.290001
2014-06-13 00:00:00,91.279999
2014-06-16 00:00:00,92.199997
2014-06-17 00:00:00,92.080002
2014-06-18 00:00:00,92.18
2014-06-19 00:00:00,91.860001
2014-06-20 00:00:00,90.910004
2014-06-23 00:00:00,90.830002
2014-06-24 00:00:00,90.279999
2014-06-25 00:00:00,90.360001
2014-06-26 00:00:00,90.900002
2014-06-27 00:00:00,91.980003
2014-06-30 00:00:00,92.93
2014-07-01 00:00:00,93.519997
2014-07-02 00:00:00,93.480003
2014-07-03 00:00:00,94.029999
2014-07-07 00:00:00,95.970001
2014-07-08 00:00:00,95.349998
2014-07-09 00:00:00,95.389999
2014-07-10 00:00:00,95.040001
2014-07-11 00:00:00,95.220001
2014-07-14 00:00:00,96.449997
2014-07-15 00:00:00,95.32
2014-07-16 00:00:00,94.779999
2014-07-17 00:00:00,93.089996
2014-07-18 00:00:00,94.43
2014-07-21 00:00:00,93.940002
2014-07-22 00:00:00,94.720001
2014-07-23 00:00:00,97.190002
2014-07-24 00:00:00,97.029999
2014-07-25 00:00:00,97.669998
2014-07-28 00:00:00,99.019997
2014-07-29 00:00:00,98.379997
2014-07-30 00:00:00,98.150002
2014-07-31 00:00:00,95.599998
2014-08-01 00:00:00,96.129997
2014-08-04 00:00:00,95.589996
2014-08-05 00:00:00,95.120003
2014-08-06 00:00:00,94.959999
2014-08-07 00:00:00,94.480003
2014-08-08 00:00:00,94.739998
2014-08-11 00:00:00,95.989998
2014-08-12 00:00:00,95.970001
2014-08-13 00:00:00,97.239998
2014-08-14 00:00:00,97.5
2014-08-15 00:00:00,97.980003
2014-08-18 00:00:00,99.160004
2014-08-19 00:00:00,100.529999
2014-08-20 00:00:00,100.57
2014-08-21 00:00:00,100.580002
2014-08-22 00:00:00,101.32
2014-08-25 00:00:00,101.540001
2014-08-26 00:00:00,100.889999
2014-08-27 00:00:00,102.129997
2014-08-28 00:00:00,102.25
2014-08-29 00:00:00,102.5
2014-09-02 00:00:00,103.300003
2014-09-03 00:00:00,98.940002
2014-09-04 00:00:00,98.120003
2014-09-05 00:00:00,98.970001
2014-09-08 00:00:00,98.360001
2014-09-09 00:00:00,97.989998
2014-09-10 00:00:00,101.0
2014-09-11 00:00:00,101.43
2014-09-12 00:00:00,101.660004
2014-09-15 00:00:00,101.629997
2014-09-16 00:00:00,100.860001
2014-09-17 00:00:00,101.580002
2014-09-18 00:00:00,101.790001
2014-09-19 00:00:00,100.959999
2014-09-22 00:00:00,101.059998
2014-09-23 00:00:00,102.639999
2014-09-24 00:00:00,101.75
2014-09-25 00:00:00,97.870003
2014-09-26 00:00:00,100.75
2014-09-29 00:00:00,100.110001
2014-09-30 00:00:00,100.75
2014-10-01 00:00:00,99.18
2014-10-02 00:00:00,99.900002
2014-10-03 00:00:00,99.620003
2014-10-06 00:00:00,99.620003
2014-10-07 00:00:00,98.75
2014-10-08 00:00:00,100.800003
2014-10-09 00:00:00,101.019997
2014-10-10 00:00:00,100.730003
2014-10-13 00:00:00,99.809998
2014-10-14 00:00:00,98.75
2014-10-15 00:00:00,97.540001
2014-10-16 00:00:00,96.260002
2014-10-17 00:00:00,97.669998
2014-10-20 00:00:00,99.760002
2014-10-21 00:00:00,102.470001
2014-10-22 00:00:00,102.989998
2014-10-23 00:00:00,104.830002
2014-10-24 00:00:00,105.220001
2014-10-27 00:00:00,105.110001
2014-10-28 00:00:00,106.739998
2014-10-29 00:00:00,107.339996
2014-10-30 00:00:00,106.980003
2014-10-31 00:00:00,108.0
2014-11-03 00:00:00,109.400002
2014-11-04 00:00:00,108.599998
2014-11-05 00:00:00,108.860001
2014-11-06 00:00:00,108.699997
2014-11-07 00:00:00,109.010002
2014-11-10 00:00:00,108.830002
2014-11-11 00:00:00,109.699997
2014-11-12 00:00:00,111.25
2014-11-13 00:00:00,112.82
2014-11-14 00:00:00,114.18
2014-11-17 00:00:00,113.989998
2014-11-18 00:00:00,115.470001
2014-11-19 00:00:00,114.669998
2014-11-20 00:00:00,116.309998
2014-11-21 00:00:00,116.470001
2014-11-24 00:00:00,118.629997
2014-11-25 00:00:00,117.599998
2014-11-26 00:00:00,119.0
2014-11-28 00:00:00,118.93
2014-12-01 00:00:00,115.07
2014-12-02 00:00:00,114.629997
2014-12-03 00:00:00,115.93
2014-12-04 00:00:00,115.489998
2014-12-05 00:00:00,115.0
2014-12-08 00:00:00,112.400002
2014-12-09 00:00:00,114.120003
2014-12-10 00:00:00,111.949997
2014-12-11 00:00:00,111.620003
2014-12-12 00:00:00,109.730003
2014-12-15 00:00:00,108.230003
2014-12-16 00:00:00,106.75
2014-12-17 00:00:00,109.410004
2014-12-18 00:00:00,112.650002
2014-12-19 00:00:00,111.779999
2014-12-22 00:00:00,112.940002
2014-12-23 00:00:00,112.540001
2014-12-24 00:00:00,112.010002
2014-12-26 00:00:00,113.989998
2014-12-29 00:00:00,113.910004
2014-12-30 00:00:00,112.519997
2014-12-31 00:00:00,110.379997
2015-01-02 00:00:00,109.330002
2015-01-05 00:00:00,106.25
2015-01-06 00:00:00,106.260002
2015-01-07 00:00:00,107.75
2015-01-08 00:00:00,111.889999
2015-01-09 00:00:00,112.010002
2015-01-12 00:00:00,109.25
2015-01-13 00:00:00,110.220001
2015-01-14 00:00:00,109.800003
2015-01-15 00:00:00,106.82
2015-01-16 00:00:00,105.989998
2015-01-20 00:00:00,108.720001
2015-01-21 00:00:00,109.550003
2015-01-22 00:00:00,112.400002
2015-01-23 00:00:00,112.980003
2015-01-26 00:00:00,113.099998
2015-01-27 00:00:00,109.139999
2015-01-28 00:00:00,115.309998
2015-01-29 00:00:00,118.900002
2015-01-30 00:00:00,117.160004
2015-02-02 00:00:00,118.629997
2015-02-03 00:00:00,118.650002
2015-02-04 00:00:00,119.559998
2015-02-05 00:00:00,119.940002
2015-02-06 00:00:00,118.93
2015-02-09 00:00:00,119.720001
2015-02-10 00:00:00,122.019997
2015-02-11 00:00:00,124.879997
2015-02-12 00:00:00,126.459999
2015-02-13 00:00:00,127.080002
2015-02-17 00:00:00,127.830002
2015-02-18 00:00:00,128.720001
2015-02-19 00:00:00,128.449997
2015-02-20 00:00:00,129.5
2015-02-23 00:00:00,133.0
2015-02-24 00:00:00,132.169998
2015-02-25 00:00:00,128.78999299999998
2015-02-26 00:00:00,130.419998
2015-02-27 00:00:00,128.46000700000002
2015-03-02 00:00:00,129.089996
2015-03-03 00:00:00,129.360001
2015-03-04 00:00:00,128.53999299999998
2015-03-05 00:00:00,126.410004
2015-03-06 00:00:00,126.599998
2015-03-09 00:00:00,127.139999
2015-03-10 00:00:00,124.510002
2015-03-11 00:00:00,122.239998
2015-03-12 00:00:00,124.449997
2015-03-13 00:00:00,123.589996
2015-03-16 00:00:00,124.949997
2015-03-17 00:00:00,127.040001
2015-03-18 00:00:00,128.470001
2015-03-19 00:00:00,127.5
2015-03-20 00:00:00,125.900002
2015-03-23 00:00:00,127.209999
2015-03-24 00:00:00,126.690002
2015-03-25 00:00:00,123.379997
2015-03-26 00:00:00,124.239998
2015-03-27 00:00:00,123.25
2015-03-30 00:00:00,126.370003
2015-03-31 00:00:00,124.43
2015-04-01 00:00:00,124.25
2015-04-02 00:00:00,125.32
2015-04-06 00:00:00,127.349998
2015-04-07 00:00:00,126.010002
2015-04-08 00:00:00,125.599998
2015-04-09 00:00:00,126.559998
2015-04-10 00:00:00,127.099998
2015-04-13 00:00:00,126.849998
2015-04-14 00:00:00,126.300003
2015-04-15 00:00:00,126.779999
2015-04-16 00:00:00,126.169998
2015-04-17 00:00:00,124.75
2015-04-20 00:00:00,127.599998
2015-04-21 00:00:00,126.910004
2015-04-22 00:00:00,128.619995
2015-04-23 00:00:00,129.669998
2015-04-24 00:00:00,130.279999
2015-04-27 00:00:00,132.649994
2015-04-28 00:00:00,130.559998
2015-04-29 00:00:00,128.639999
2015-04-30 00:00:00,125.150002
2015-05-01 00:00:00,128.949997
2015-05-04 00:00:00,128.699997
2015-05-05 00:00:00,125.800003
2015-05-06 00:00:00,125.010002
2015-05-07 00:00:00,125.260002
2015-05-08 00:00:00,127.620003
2015-05-11 00:00:00,126.32
2015-05-12 00:00:00,125.870003
2015-05-13 00:00:00,126.010002
2015-05-14 00:00:00,128.949997
2015-05-15 00:00:00,128.770004
2015-05-18 00:00:00,130.190002
2015-05-19 00:00:00,130.070007
2015-05-20 00:00:00,130.059998
2015-05-21 00:00:00,131.389999
2015-05-22 00:00:00,132.53999299999998
2015-05-26 00:00:00,129.619995
2015-05-27 00:00:00,132.03999299999998
2015-05-28 00:00:00,131.779999
2015-05-29 00:00:00,130.279999
2015-06-01 00:00:00,130.53999299999998
2015-06-02 00:00:00,129.96000700000002
2015-06-03 00:00:00,130.119995
2015-06-04 00:00:00,129.360001
2015-06-05 00:00:00,128.649994
2015-06-08 00:00:00,127.800003
2015-06-09 00:00:00,127.419998
2015-06-10 00:00:00,128.880005
2015-06-11 00:00:00,128.589996
2015-06-12 00:00:00,127.169998
2015-06-15 00:00:00,126.919998
2015-06-16 00:00:00,127.599998
2015-06-17 00:00:00,127.300003
2015-06-18 00:00:00,127.879997
2015-06-19 00:00:00,126.599998
2015-06-22 00:00:00,127.610001
2015-06-23 00:00:00,127.029999
2015-06-24 00:00:00,128.110001
2015-06-25 00:00:00,127.5
2015-06-26 00:00:00,126.75
2015-06-29 00:00:00,124.529999
2015-06-30 00:00:00,125.43
2015-07-01 00:00:00,126.599998
2015-07-02 00:00:00,126.440002
2015-07-06 00:00:00,126.0
2015-07-07 00:00:00,125.690002
2015-07-08 00:00:00,122.57
2015-07-09 00:00:00,120.07
2015-07-10 00:00:00,123.279999
2015-07-13 00:00:00,125.660004
2015-07-14 00:00:00,125.610001
2015-07-15 00:00:00,126.82
2015-07-16 00:00:00,128.509995
2015-07-17 00:00:00,129.619995
2015-07-20 00:00:00,132.070007
2015-07-21 00:00:00,130.75
2015-07-22 00:00:00,125.220001
2015-07-23 00:00:00,125.160004
2015-07-24 00:00:00,124.5
2015-07-27 00:00:00,122.769997
2015-07-28 00:00:00,123.379997
2015-07-29 00:00:00,122.989998
2015-07-30 00:00:00,122.370003
2015-07-31 00:00:00,121.300003
2015-08-03 00:00:00,118.440002
2015-08-04 00:00:00,114.639999
2015-08-05 00:00:00,115.400002
2015-08-06 00:00:00,115.129997
2015-08-07 00:00:00,115.519997
2015-08-10 00:00:00,119.720001
2015-08-11 00:00:00,113.489998
2015-08-12 00:00:00,115.239998
2015-08-13 00:00:00,115.150002
2015-08-14 00:00:00,115.959999
2015-08-17 00:00:00,117.160004
2015-08-18 00:00:00,116.5
2015-08-19 00:00:00,115.010002
2015-08-20 00:00:00,112.650002
2015-08-21 00:00:00,105.760002
2015-08-24 00:00:00,103.120003
2015-08-25 00:00:00,103.739998
2015-08-26 00:00:00,109.690002
2015-08-27 00:00:00,112.919998
2015-08-28 00:00:00,113.290001
2015-08-31 00:00:00,112.760002
2015-09-01 00:00:00,107.720001
2015-09-02 00:00:00,112.339996
2015-09-03 00:00:00,110.370003
2015-09-04 00:00:00,109.269997
2015-09-08 00:00:00,112.309998
2015-09-09 00:00:00,110.150002
2015-09-10 00:00:00,112.57
2015-09-11 00:00:00,114.209999
2015-09-14 00:00:00,115.309998
2015-09-15 00:00:00,116.279999
2015-09-16 00:00:00,116.410004
2015-09-17 00:00:00,113.919998
2015-09-18 00:00:00,113.449997
2015-09-21 00:00:00,115.209999
2015-09-22 00:00:00,113.400002
2015-09-23 00:00:00,114.32
2015-09-24 00:00:00,115.0
2015-09-25 00:00:00,114.709999
2015-09-28 00:00:00,112.440002
2015-09-29 00:00:00,109.059998
2015-09-30 00:00:00,110.300003
2015-10-01 00:00:00,109.580002
2015-10-02 00:00:00,110.379997
2015-10-05 00:00:00,110.779999
2015-10-06 00:00:00,111.309998
2015-10-07 00:00:00,110.779999
2015-10-08 00:00:00,109.5
2015-10-09 00:00:00,112.120003
2015-10-12 00:00:00,111.599998
2015-10-13 00:00:00,111.790001
2015-10-14 00:00:00,110.209999
2015-10-15 00:00:00,111.860001
2015-10-16 00:00:00,111.040001
2015-10-19 00:00:00,111.730003
2015-10-20 00:00:00,113.769997
2015-10-21 00:00:00,113.760002
2015-10-22 00:00:00,115.5
2015-10-23 00:00:00,119.080002
2015-10-26 00:00:00,115.279999
2015-10-27 00:00:00,114.550003
2015-10-28 00:00:00,119.269997
2015-10-29 00:00:00,120.529999
2015-10-30 00:00:00,119.5
2015-11-02 00:00:00,121.18
2015-11-03 00:00:00,122.57
2015-11-04 00:00:00,122.0
2015-11-05 00:00:00,120.919998
2015-11-06 00:00:00,121.059998
2015-11-09 00:00:00,120.57
2015-11-10 00:00:00,116.769997
2015-11-11 00:00:00,116.110001
2015-11-12 00:00:00,115.720001
2015-11-13 00:00:00,112.339996
2015-11-16 00:00:00,114.18
2015-11-17 00:00:00,113.690002
2015-11-18 00:00:00,117.290001
2015-11-19 00:00:00,118.779999
2015-11-20 00:00:00,119.300003
2015-11-23 00:00:00,117.75
2015-11-24 00:00:00,118.879997
2015-11-25 00:00:00,118.029999
2015-11-27 00:00:00,117.809998
2015-11-30 00:00:00,118.300003
2015-12-01 00:00:00,117.339996
2015-12-02 00:00:00,116.279999
2015-12-03 00:00:00,115.199997
2015-12-04 00:00:00,119.029999
2015-12-07 00:00:00,118.279999
2015-12-08 00:00:00,118.230003
2015-12-09 00:00:00,115.620003
2015-12-10 00:00:00,116.169998
2015-12-11 00:00:00,113.18
2015-12-14 00:00:00,112.480003
2015-12-15 00:00:00,110.489998
2015-12-16 00:00:00,111.339996
2015-12-17 00:00:00,108.980003
2015-12-18 00:00:00,106.029999
2015-12-21 00:00:00,107.330002
2015-12-22 00:00:00,107.230003
2015-12-23 00:00:00,108.610001
2015-12-24 00:00:00,108.029999
2015-12-28 00:00:00,106.82
2015-12-29 00:00:00,108.739998
2015-12-30 00:00:00,107.32
2015-12-31 00:00:00,105.260002
2016-01-04 00:00:00,105.349998
2016-01-05 00:00:00,102.709999
2016-01-06 00:00:00,100.699997
2016-01-07 00:00:00,96.449997
2016-01-08 00:00:00,96.959999
2016-01-11 00:00:00,98.529999
2016-01-12 00:00:00,99.959999
2016-01-13 00:00:00,97.389999
2016-01-14 00:00:00,99.519997
2016-01-15 00:00:00,97.129997
2016-01-19 00:00:00,96.660004
2016-01-20 00:00:00,96.790001
2016-01-21 00:00:00,96.300003
2016-01-22 00:00:00,101.419998
2016-01-25 00:00:00,99.440002
2016-01-26 00:00:00,99.989998
2016-01-27 00:00:00,93.419998
2016-01-28 00:00:00,94.089996
2016-01-29 00:00:00,97.339996
2016-02-01 00:00:00,96.43
2016-02-02 00:00:00,94.480003
2016-02-03 00:00:00,96.349998
2016-02-04 00:00:00,96.599998
2016-02-05 00:00:00,94.019997
2016-02-08 00:00:00,95.010002
2016-02-09 00:00:00,94.989998
2016-02-10 00:00:00,94.269997
2016-02-11 00:00:00,93.699997
2016-02-12 00:00:00,93.989998
2016-02-16 00:00:00,96.639999
2016-02-17 00:00:00,98.120003
2016-02-18 00:00:00,96.260002
2016-02-19 00:00:00,96.040001
2016-02-22 00:00:00,96.879997
2016-02-23 00:00:00,94.690002
2016-02-24 00:00:00,96.099998
2016-02-25 00:00:00,96.760002
2016-02-26 00:00:00,96.910004
2016-02-29 00:00:00,96.690002
2016-03-01 00:00:00,100.529999
2016-03-02 00:00:00,100.75
2016-03-03 00:00:00,101.5
2016-03-04 00:00:00,103.010002
2016-03-07 00:00:00,101.870003
2016-03-08 00:00:00,101.029999
2016-03-09 00:00:00,101.120003
2016-03-10 00:00:00,101.169998
2016-03-11 00:00:00,102.260002
2016-03-14 00:00:00,102.519997
2016-03-15 00:00:00,104.580002
2016-03-16 00:00:00,105.970001
2016-03-17 00:00:00,105.800003
2016-03-18 00:00:00,105.919998
2016-03-21 00:00:00,105.910004
2016-03-22 00:00:00,106.720001
2016-03-23 00:00:00,106.129997
2016-03-24 00:00:00,105.669998
2016-03-28 00:00:00,105.190002
2016-03-29 00:00:00,107.68
2016-03-30 00:00:00,109.559998
2016-03-31 00:00:00,108.989998
2016-04-01 00:00:00,109.989998
2016-04-04 00:00:00,111.120003
2016-04-05 00:00:00,109.809998
2016-04-06 00:00:00,110.959999
2016-04-07 00:00:00,108.540001
2016-04-08 00:00:00,108.660004
2016-04-11 00:00:00,109.019997
2016-04-12 00:00:00,110.440002
2016-04-13 00:00:00,112.040001
2016-04-14 00:00:00,112.099998
2016-04-15 00:00:00,109.849998
2016-04-18 00:00:00,107.480003
2016-04-19 00:00:00,106.910004
2016-04-20 00:00:00,107.129997
2016-04-21 00:00:00,105.970001
2016-04-22 00:00:00,105.68
2016-04-25 00:00:00,105.080002
2016-04-26 00:00:00,104.349998
2016-04-27 00:00:00,97.82
2016-04-28 00:00:00,94.830002
2016-04-29 00:00:00,93.739998
2016-05-02 00:00:00,93.639999
2016-05-03 00:00:00,95.18
2016-05-04 00:00:00,94.190002
2016-05-05 00:00:00,93.239998
2016-05-06 00:00:00,92.720001
2016-05-09 00:00:00,92.790001
2016-05-10 00:00:00,93.419998
2016-05-11 00:00:00,92.510002
2016-05-12 00:00:00,90.339996
2016-05-13 00:00:00,90.519997
2016-05-16 00:00:00,93.879997
2016-05-17 00:00:00,93.489998
2016-05-18 00:00:00,94.559998
2016-05-19 00:00:00,94.199997
2016-05-20 00:00:00,95.220001
2016-05-23 00:00:00,96.43
2016-05-24 00:00:00,97.900002
2016-05-25 00:00:00,99.620003
2016-05-26 00:00:00,100.410004
2016-05-27 00:00:00,100.349998
2016-05-31 00:00:00,99.860001
2016-06-01 00:00:00,98.459999
2016-06-02 00:00:00,97.720001
2016-06-03 00:00:00,97.919998
2016-06-06 00:00:00,98.629997
2016-06-07 00:00:00,99.029999
2016-06-08 00:00:00,98.940002
2016-06-09 00:00:00,99.650002
2016-06-10 00:00:00,98.830002
2016-06-13 00:00:00,97.339996
2016-06-14 00:00:00,97.459999
2016-06-15 00:00:00,97.139999
2016-06-16 00:00:00,97.550003
2016-06-17 00:00:00,95.330002
2016-06-20 00:00:00,95.099998
2016-06-21 00:00:00,95.910004
2016-06-22 00:00:00,95.550003
2016-06-23 00:00:00,96.099998
2016-06-24 00:00:00,93.400002
2016-06-27 00:00:00,92.040001
2016-06-28 00:00:00,93.589996
2016-06-29 00:00:00,94.400002
2016-06-30 00:00:00,95.599998
2016-07-01 00:00:00,95.889999
2016-07-05 00:00:00,94.989998
2016-07-06 00:00:00,95.529999
2016-07-07 00:00:00,95.940002
2016-07-08 00:00:00,96.68
2016-07-11 00:00:00,96.980003
2016-07-12 00:00:00,97.419998
2016-07-13 00:00:00,96.870003
2016-07-14 00:00:00,98.790001
2016-07-15 00:00:00,98.779999
2016-07-18 00:00:00,99.830002
2016-07-19 00:00:00,99.870003
2016-07-20 00:00:00,99.959999
2016-07-21 00:00:00,99.43
2016-07-22 00:00:00,98.660004
2016-07-25 00:00:00,97.339996
2016-07-26 00:00:00,96.669998
2016-07-27 00:00:00,102.949997
2016-07-28 00:00:00,104.339996
2016-07-29 00:00:00,104.209999
2016-08-01 00:00:00,106.050003
2016-08-02 00:00:00,104.480003
2016-08-03 00:00:00,105.790001
2016-08-04 00:00:00,105.870003
2016-08-05 00:00:00,107.480003
2016-08-08 00:00:00,108.370003
2016-08-09 00:00:00,108.809998
2016-08-10 00:00:00,108.0
2016-08-11 00:00:00,107.93
2016-08-12 00:00:00,108.18
2016-08-15 00:00:00,109.480003
2016-08-16 00:00:00,109.379997
2016-08-17 00:00:00,109.220001
2016-08-18 00:00:00,109.080002
2016-08-19 00:00:00,109.360001
2016-08-22 00:00:00,108.510002
2016-08-23 00:00:00,108.849998
2016-08-24 00:00:00,108.029999
2016-08-25 00:00:00,107.57
2016-08-26 00:00:00,106.940002
2016-08-29 00:00:00,106.82
2016-08-30 00:00:00,106.0
2016-08-31 00:00:00,106.099998
2016-09-01 00:00:00,106.730003
2016-09-02 00:00:00,107.730003
2016-09-06 00:00:00,107.699997
2016-09-07 00:00:00,108.360001
2016-09-08 00:00:00,105.519997
2016-09-09 00:00:00,103.129997
2016-09-12 00:00:00,105.440002
2016-09-13 00:00:00,107.949997
2016-09-14 00:00:00,111.769997
2016-09-15 00:00:00,115.57
2016-09-16 00:00:00,114.919998
2016-09-19 00:00:00,113.580002
2016-09-20 00:00:00,113.57
2016-09-21 00:00:00,113.550003
2016-09-22 00:00:00,114.620003
2016-09-23 00:00:00,112.709999
2016-09-26 00:00:00,112.879997
2016-09-27 00:00:00,113.089996
2016-09-28 00:00:00,113.949997
2016-09-29 00:00:00,112.18
2016-09-30 00:00:00,113.050003
2016-10-03 00:00:00,112.519997
2016-10-04 00:00:00,113.0
2016-10-05 00:00:00,113.050003
2016-10-06 00:00:00,113.889999
2016-10-07 00:00:00,114.059998
2016-10-10 00:00:00,116.050003
2016-10-11 00:00:00,116.300003
2016-10-12 00:00:00,117.339996
2016-10-13 00:00:00,116.980003
2016-10-14 00:00:00,117.629997
2016-10-17 00:00:00,117.550003
2016-10-18 00:00:00,117.470001
2016-10-19 00:00:00,117.120003
2016-10-20 00:00:00,117.059998
2016-10-21 00:00:00,116.599998
2016-10-24 00:00:00,117.650002
2016-10-25 00:00:00,118.25
2016-10-26 00:00:00,115.589996
2016-10-27 00:00:00,114.480003
2016-10-28 00:00:00,113.720001
2016-10-31 00:00:00,113.540001
2016-11-01 00:00:00,111.489998
2016-11-02 00:00:00,111.589996
2016-11-03 00:00:00,109.830002
2016-11-04 00:00:00,108.839996
2016-11-07 00:00:00,110.410004
2016-11-08 00:00:00,111.059998
2016-11-09 00:00:00,110.879997
2016-11-10 00:00:00,107.790001
2016-11-11 00:00:00,108.43
2016-11-14 00:00:00,105.709999
2016-11-15 00:00:00,107.110001
2016-11-16 00:00:00,109.989998
2016-11-17 00:00:00,109.949997
2016-11-18 00:00:00,110.059998
2016-11-21 00:00:00,111.730003
2016-11-22 00:00:00,111.800003
2016-11-23 00:00:00,111.230003
2016-11-25 00:00:00,111.790001
2016-11-28 00:00:00,111.57
2016-11-29 00:00:00,111.459999
2016-11-30 00:00:00,110.519997
2016-12-01 00:00:00,109.489998
2016-12-02 00:00:00,109.900002
2016-12-05 00:00:00,109.110001
2016-12-06 00:00:00,109.949997
2016-12-07 00:00:00,111.029999
2016-12-08 00:00:00,112.120003
2016-12-09 00:00:00,113.949997
2016-12-12 00:00:00,113.300003
2016-12-13 00:00:00,115.190002
2016-12-14 00:00:00,115.190002
2016-12-15 00:00:00,115.82
2016-12-16 00:00:00,115.970001
2016-12-19 00:00:00,116.639999
2016-12-20 00:00:00,116.949997
2016-12-21 00:00:00,117.059998
2016-12-22 00:00:00,116.290001
2016-12-23 00:00:00,116.519997
2016-12-27 00:00:00,117.260002
2016-12-28 00:00:00,116.760002
2016-12-29 00:00:00,116.730003
2016-12-30 00:00:00,115.82