date,EBAY,YHOO
2010-01-05 00:00:00,23.65,17.23
2010-01-06 00:00:00,23.5,17.17
2010-01-07 00:00:00,23.229998,16.700001
2010-01-08 00:00:00,23.509999,16.700001
2010-01-11 00:00:00,23.45,16.74
2010-01-12 00:00:00,23.19,16.68
2010-01-13 00:00:00,23.6,16.9
2010-01-14 00:00:00,22.88,17.120001000000002
2010-01-15 00:00:00,22.469998,16.82
2010-01-19 00:00:00,23.259999,16.75
2010-01-20 00:00:00,22.23,16.379998999999998
2010-01-21 00:00:00,24.129998,16.200001
2010-01-22 00:00:00,23.579998,15.88
2010-01-25 00:00:00,23.69,15.86
2010-01-26 00:00:00,24.069999,15.99
2010-01-27 00:00:00,23.969999,15.98
2010-01-28 00:00:00,23.329998,15.44
2010-01-29 00:00:00,23.019999,15.01
2010-02-01 00:00:00,23.169999,15.05
2010-02-02 00:00:00,23.079998,15.17
2010-02-03 00:00:00,23.229998,15.46
2010-02-04 00:00:00,22.449999,15.01
2010-02-05 00:00:00,22.709999,15.19
2010-02-08 00:00:00,22.49,14.99
2010-02-09 00:00:00,22.369998,15.07
2010-02-10 00:00:00,21.959999,14.8
2010-02-11 00:00:00,22.13,15.22
2010-02-12 00:00:00,21.769998,15.17
2010-02-16 00:00:00,22.519998,15.41
2010-02-17 00:00:00,22.68,15.44
2010-02-18 00:00:00,22.84,15.54
2010-02-19 00:00:00,23.419999,15.58
2010-02-22 00:00:00,23.279998000000003,15.49
2010-02-23 00:00:00,22.89,15.38
2010-02-24 00:00:00,23.259999,15.59
2010-02-25 00:00:00,23.0,15.24
2010-02-26 00:00:00,23.019999,15.31
2010-03-01 00:00:00,23.879998,15.79
2010-03-02 00:00:00,23.99,15.73
2010-03-03 00:00:00,23.509999,15.57
2010-03-04 00:00:00,23.779998000000003,15.81
2010-03-05 00:00:00,24.629999,16.059998999999998
2010-03-08 00:00:00,24.839998,16.52
2010-03-09 00:00:00,25.51,16.530001000000002
2010-03-10 00:00:00,25.56,16.790001
2010-03-11 00:00:00,25.439998000000003,16.530001000000002
2010-03-12 00:00:00,25.969999,16.32
2010-03-15 00:00:00,26.279999,16.459999
2010-03-16 00:00:00,26.789999,16.360001
2010-03-17 00:00:00,26.979999,16.5
2010-03-18 00:00:00,27.46,16.559998999999998
2010-03-19 00:00:00,27.189999,16.440001000000002
2010-03-22 00:00:00,27.07,16.34
2010-03-23 00:00:00,27.049998,16.030001000000002
2010-03-24 00:00:00,26.939999,16.09
2010-03-25 00:00:00,27.559998,16.32
2010-03-26 00:00:00,27.449998,16.540001
2010-03-29 00:00:00,27.279999,16.559998999999998
2010-03-30 00:00:00,27.139999,16.610001
2010-03-31 00:00:00,26.97,16.530001000000002
2010-04-01 00:00:00,26.57,16.290001
2010-04-05 00:00:00,27.37,16.51
2010-04-06 00:00:00,27.27,16.92
2010-04-07 00:00:00,26.849998,16.870001000000002
2010-04-08 00:00:00,26.46,17.35
2010-04-09 00:00:00,26.549998,17.52
2010-04-12 00:00:00,26.629999,17.639999
2010-04-13 00:00:00,26.639999,18.18
2010-04-14 00:00:00,27.039999,18.379999
2010-04-15 00:00:00,26.979999,18.969999
2010-04-16 00:00:00,26.329999,18.17
2010-04-19 00:00:00,26.32,18.389999
2010-04-20 00:00:00,26.399998,18.379999
2010-04-21 00:00:00,26.289999,17.450001
2010-04-22 00:00:00,24.779999,17.719998999999998
2010-04-23 00:00:00,24.55,17.639999
2010-04-26 00:00:00,24.559999,17.389999
2010-04-27 00:00:00,23.769999,16.92
2010-04-28 00:00:00,23.99,16.75
2010-04-29 00:00:00,24.24,16.969998999999998
2010-04-30 00:00:00,23.779998000000003,16.530001000000002
2010-05-03 00:00:00,23.909999,16.950001
2010-05-04 00:00:00,23.079998,16.32
2010-05-05 00:00:00,22.659999,16.49
2010-05-06 00:00:00,22.269998,15.92
2010-05-07 00:00:00,21.48,15.29
2010-05-10 00:00:00,22.33,16.33
2010-05-11 00:00:00,22.38,16.41
2010-05-12 00:00:00,22.509999,16.469998999999998
2010-05-13 00:00:00,22.68,16.139999
2010-05-14 00:00:00,22.249999,16.389999
2010-05-17 00:00:00,22.509999,16.27
2010-05-18 00:00:00,22.169998,16.030001000000002
2010-05-19 00:00:00,21.64,15.79
2010-05-20 00:00:00,20.809998,15.1
2010-05-21 00:00:00,21.42,15.48
2010-05-24 00:00:00,21.359999,15.54
2010-05-25 00:00:00,21.59,15.31
2010-05-26 00:00:00,21.38,15.45
2010-05-27 00:00:00,21.909999,15.69
2010-05-28 00:00:00,21.409999,15.34
2010-06-01 00:00:00,20.959999,15.02
2010-06-02 00:00:00,21.249999,15.18
2010-06-03 00:00:00,22.18,15.43
2010-06-04 00:00:00,21.99,15.0
2010-06-07 00:00:00,21.549999,14.94
2010-06-08 00:00:00,21.69,14.79
2010-06-09 00:00:00,21.78,14.69
2010-06-10 00:00:00,22.28,15.1
2010-06-11 00:00:00,22.649999,15.29
2010-06-14 00:00:00,22.209999,15.17
2010-06-15 00:00:00,22.39,15.65
2010-06-16 00:00:00,22.13,15.49
2010-06-17 00:00:00,22.099999,15.6
2010-06-18 00:00:00,22.159999,15.54
2010-06-21 00:00:00,21.869998,15.21
2010-06-22 00:00:00,21.559999,15.09
2010-06-23 00:00:00,21.34,15.23
2010-06-24 00:00:00,20.859998,14.83
2010-06-25 00:00:00,20.949999,14.81
2010-06-28 00:00:00,20.709998,14.73
2010-06-29 00:00:00,19.689999,14.04
2010-06-30 00:00:00,19.61,13.84
2010-07-01 00:00:00,19.639999,14.09
2010-07-02 00:00:00,19.26,14.07
2010-07-06 00:00:00,19.349999,14.13
2010-07-07 00:00:00,19.81,14.4
2010-07-08 00:00:00,19.889999,14.6
2010-07-09 00:00:00,20.289999,14.89
2010-07-12 00:00:00,20.22,14.94
2010-07-13 00:00:00,21.009999,15.52
2010-07-14 00:00:00,21.109999,15.37
2010-07-15 00:00:00,21.03,15.37
2010-07-16 00:00:00,20.089999,14.9
2010-07-19 00:00:00,20.399999,15.1
2010-07-20 00:00:00,20.789999,15.2
2010-07-21 00:00:00,20.17,13.91
2010-07-22 00:00:00,20.939999,13.88
2010-07-23 00:00:00,21.089999,13.99
2010-07-26 00:00:00,21.139999,14.15
2010-07-27 00:00:00,21.039999,13.95
2010-07-28 00:00:00,21.039999,13.87
2010-07-29 00:00:00,20.77,13.76
2010-07-30 00:00:00,20.909998,13.88
2010-08-02 00:00:00,21.459999,14.0
2010-08-03 00:00:00,20.97,13.94
2010-08-04 00:00:00,21.099999,14.18
2010-08-05 00:00:00,21.07,14.16
2010-08-06 00:00:00,21.449999,14.34
2010-08-09 00:00:00,21.98,14.4
2010-08-10 00:00:00,21.909999,14.35
2010-08-11 00:00:00,21.249999,13.87
2010-08-12 00:00:00,21.59,13.85
2010-08-13 00:00:00,21.499999,13.83
2010-08-16 00:00:00,22.049999,13.79
2010-08-17 00:00:00,22.349999,13.94
2010-08-18 00:00:00,22.74,13.99
2010-08-19 00:00:00,23.129998,13.85
2010-08-20 00:00:00,23.369999,13.79
2010-08-23 00:00:00,23.269999,13.65
2010-08-24 00:00:00,22.869999,13.4
2010-08-25 00:00:00,23.159999,13.26
2010-08-26 00:00:00,22.73,13.21
2010-08-27 00:00:00,23.179998,13.43
2010-08-30 00:00:00,23.129998,13.18
2010-08-31 00:00:00,23.229998,13.11
2010-09-01 00:00:00,24.029998000000003,13.37
2010-09-02 00:00:00,24.059999,13.51
2010-09-03 00:00:00,24.129998,13.62
2010-09-07 00:00:00,23.529998000000003,13.53
2010-09-08 00:00:00,24.569999,13.75
2010-09-09 00:00:00,24.3,13.65
2010-09-10 00:00:00,24.1,13.68
2010-09-13 00:00:00,24.3,13.73
2010-09-14 00:00:00,24.25,13.63
2010-09-15 00:00:00,24.19,14.27
2010-09-16 00:00:00,23.9,14.19
2010-09-17 00:00:00,24.219999,13.89
2010-09-20 00:00:00,24.65,13.86
2010-09-21 00:00:00,24.739998,14.18
2010-09-22 00:00:00,24.34,14.04
2010-09-23 00:00:00,24.25,14.17
2010-09-24 00:00:00,24.739998,14.5
2010-09-27 00:00:00,24.769999,14.28
2010-09-28 00:00:00,24.869999,14.39
2010-09-29 00:00:00,24.989998,14.34
2010-09-30 00:00:00,24.4,14.17
2010-10-01 00:00:00,24.459999,14.27
2010-10-04 00:00:00,24.079998,14.28
2010-10-05 00:00:00,24.589998,14.61
2010-10-06 00:00:00,24.45,14.52
2010-10-07 00:00:00,24.75,14.23
2010-10-08 00:00:00,24.61,14.49
2010-10-11 00:00:00,24.29,14.41
2010-10-12 00:00:00,24.45,14.43
2010-10-13 00:00:00,24.869999,15.25
2010-10-14 00:00:00,25.279999,15.93
2010-10-15 00:00:00,25.679999,16.25
2010-10-18 00:00:00,25.719999,15.93
2010-10-19 00:00:00,25.529999,15.49
2010-10-20 00:00:00,25.66,15.8
2010-10-21 00:00:00,27.199998,15.97
2010-10-22 00:00:00,28.07,16.309998999999998
2010-10-25 00:00:00,27.93,16.4
2010-10-26 00:00:00,28.749999,16.459999
2010-10-27 00:00:00,29.28,16.42
2010-10-28 00:00:00,29.719998,16.4
2010-10-29 00:00:00,29.859999,16.49
2010-11-01 00:00:00,29.359999,16.15
2010-11-02 00:00:00,30.069998,16.190001000000002
2010-11-03 00:00:00,30.109999,16.17
2010-11-04 00:00:00,30.149999,16.200001
2010-11-05 00:00:00,30.869999,16.27
2010-11-08 00:00:00,30.84,16.440001000000002
2010-11-09 00:00:00,30.529998,16.969998999999998
2010-11-10 00:00:00,30.929998,16.940001000000002
2010-11-11 00:00:00,30.79,16.799999
2010-11-12 00:00:00,30.14,16.549999
2010-11-15 00:00:00,30.059999,16.6
2010-11-16 00:00:00,29.769998,16.24
2010-11-17 00:00:00,30.14,16.15
2010-11-18 00:00:00,30.569998,16.99
2010-11-19 00:00:00,30.299999,16.57
2010-11-22 00:00:00,30.64,16.559998999999998
2010-11-23 00:00:00,30.18,16.190001000000002
2010-11-24 00:00:00,31.209999,16.41
2010-11-26 00:00:00,31.149999,16.219998999999998
2010-11-29 00:00:00,30.23,16.379998999999998
2010-11-30 00:00:00,29.139999,15.82
2010-12-01 00:00:00,29.259999,16.15
2010-12-02 00:00:00,29.909999,16.33
2010-12-03 00:00:00,29.609999,16.35
2010-12-06 00:00:00,29.489999,16.33
2010-12-07 00:00:00,29.999999,16.940001000000002
2010-12-08 00:00:00,30.149999,17.02
2010-12-09 00:00:00,30.349999,16.950001
2010-12-10 00:00:00,30.69,17.01
2010-12-13 00:00:00,30.28,16.700001
2010-12-14 00:00:00,30.749999,16.629998999999998
2010-12-15 00:00:00,30.19,16.450001
2010-12-16 00:00:00,30.529998,16.51
2010-12-17 00:00:00,29.819998,16.379998999999998
2010-12-20 00:00:00,29.58,16.280001000000002
2010-12-21 00:00:00,28.649999,16.6
2010-12-22 00:00:00,28.57,16.629998999999998
2010-12-23 00:00:00,28.32,16.719998999999998
2010-12-27 00:00:00,28.309998,16.48
2010-12-28 00:00:00,28.349999,16.43
2010-12-29 00:00:00,28.359998,16.610001
2010-12-30 00:00:00,28.13,16.76
2010-12-31 00:00:00,27.829999,16.629998999999998
2011-01-03 00:00:00,28.68,16.75
2011-01-04 00:00:00,28.47,16.59
2011-01-05 00:00:00,28.73,16.91
2011-01-06 00:00:00,28.42,17.059998999999998
2011-01-07 00:00:00,27.699999,16.9
2011-01-10 00:00:00,28.259998,16.6
2011-01-11 00:00:00,28.359998,16.58
2011-01-12 00:00:00,28.83,16.65
2011-01-13 00:00:00,28.709998,16.75
2011-01-14 00:00:00,29.18,16.809998999999998
2011-01-18 00:00:00,29.449999,16.5
2011-01-19 00:00:00,29.099999,16.309998999999998
2011-01-20 00:00:00,30.779998,16.23
2011-01-21 00:00:00,30.019998,15.97
2011-01-24 00:00:00,30.509999,16.09
2011-01-25 00:00:00,30.909999,16.02
2011-01-26 00:00:00,31.059999,15.57
2011-01-27 00:00:00,30.959999,16.200001
2011-01-28 00:00:00,30.309999,15.83
2011-01-31 00:00:00,30.359999,16.120001000000002
2011-02-01 00:00:00,31.64,16.379998999999998
2011-02-02 00:00:00,31.879998,16.57
2011-02-03 00:00:00,32.05,16.690001000000002
2011-02-04 00:00:00,32.209999,16.790001
2011-02-07 00:00:00,32.239998,16.799999
2011-02-08 00:00:00,32.639998,16.6
2011-02-09 00:00:00,31.95,16.43
2011-02-10 00:00:00,34.489999,16.620001000000002
2011-02-11 00:00:00,34.51,16.85
2011-02-14 00:00:00,33.86,16.889999
2011-02-15 00:00:00,34.46,17.200001
2011-02-16 00:00:00,34.46,17.76
2011-02-17 00:00:00,34.689999,17.77
2011-02-18 00:00:00,34.529999,17.66
2011-02-22 00:00:00,33.649998,16.91
2011-02-23 00:00:00,32.85,16.58
2011-02-24 00:00:00,33.089998,16.370001000000002
2011-02-25 00:00:00,33.629999,16.5
2011-02-28 00:00:00,33.51,16.4
2011-03-01 00:00:00,32.289998,16.1
2011-03-02 00:00:00,32.679999,16.629998999999998
2011-03-03 00:00:00,32.929999,16.860001
2011-03-04 00:00:00,32.009999,17.08
2011-03-07 00:00:00,31.5,16.700001
2011-03-08 00:00:00,31.669999,16.940001000000002
2011-03-09 00:00:00,31.329998,17.65
2011-03-10 00:00:00,31.079998,17.059998999999998
2011-03-11 00:00:00,30.919999,17.42
2011-03-14 00:00:00,30.769998,17.309998999999998
2011-03-15 00:00:00,30.44,16.33
2011-03-16 00:00:00,29.73,15.91
2011-03-17 00:00:00,29.949999,15.86
2011-03-18 00:00:00,30.469998,16.030001000000002
2011-03-21 00:00:00,30.579998,16.290001
2011-03-22 00:00:00,30.219998,16.360001
2011-03-23 00:00:00,30.669998,16.129998999999998
2011-03-24 00:00:00,31.759999,16.83
2011-03-25 00:00:00,31.7,16.959999
2011-03-28 00:00:00,30.34,16.58
2011-03-29 00:00:00,31.079998,16.75
2011-03-30 00:00:00,31.629998,16.74
2011-03-31 00:00:00,31.04,16.68
2011-04-01 00:00:00,31.359999,16.84
2011-04-04 00:00:00,31.39,16.870001000000002
2011-04-05 00:00:00,31.84,17.110001
2011-04-06 00:00:00,31.85,17.049999
2011-04-07 00:00:00,31.529998,17.0
2011-04-08 00:00:00,31.14,16.77
2011-04-11 00:00:00,31.19,16.59
2011-04-12 00:00:00,30.699999,16.360001
2011-04-13 00:00:00,30.669998,16.639999
2011-04-14 00:00:00,30.849999,16.690001000000002
2011-04-15 00:00:00,31.609999,16.620001000000002
2011-04-18 00:00:00,31.149999,16.35
2011-04-19 00:00:00,31.149999,16.120001000000002
2011-04-20 00:00:00,31.759999,16.870001000000002
2011-04-21 00:00:00,31.95,16.85
2011-04-25 00:00:00,32.96,17.110001
2011-04-26 00:00:00,33.079999,17.280001000000002
2011-04-27 00:00:00,34.029999,17.26
2011-04-28 00:00:00,33.999998,17.51
2011-04-29 00:00:00,34.389999,17.700001
2011-05-02 00:00:00,33.639998,18.139999
2011-05-03 00:00:00,33.539998,17.92
2011-05-04 00:00:00,33.01,18.200001
2011-05-05 00:00:00,32.679999,18.43
2011-05-06 00:00:00,32.719999,18.65
2011-05-09 00:00:00,33.119999,18.559999
2011-05-10 00:00:00,33.929999,18.549999
2011-05-11 00:00:00,33.31,17.200001
2011-05-12 00:00:00,33.579999,17.17
2011-05-13 00:00:00,33.569999,16.549999
2011-05-16 00:00:00,32.369999,15.81
2011-05-17 00:00:00,32.65,16.0
2011-05-18 00:00:00,32.879999,15.96
2011-05-19 00:00:00,32.9,16.35
2011-05-20 00:00:00,32.479997999999995,16.299999
2011-05-23 00:00:00,31.629998,16.059998999999998
2011-05-24 00:00:00,30.819998,16.139999
2011-05-25 00:00:00,30.699999,16.15
2011-05-26 00:00:00,30.659999,15.98
2011-05-27 00:00:00,30.679998,16.02
2011-05-31 00:00:00,31.169999,16.549999
2011-06-01 00:00:00,30.64,15.85
2011-06-02 00:00:00,31.279998,16.02
2011-06-03 00:00:00,30.299999,15.68
2011-06-06 00:00:00,29.559999,15.45
2011-06-07 00:00:00,29.919998,15.45
2011-06-08 00:00:00,30.569998,15.1
2011-06-09 00:00:00,30.659999,15.22
2011-06-10 00:00:00,29.959999,15.2
2011-06-13 00:00:00,29.859999,15.16
2011-06-14 00:00:00,29.759999,15.2
2011-06-15 00:00:00,28.659998,14.81
2011-06-16 00:00:00,28.47,14.78
2011-06-17 00:00:00,28.83,14.7
2011-06-20 00:00:00,28.82,14.99
2011-06-21 00:00:00,29.78,15.35
2011-06-22 00:00:00,29.349999,15.23
2011-06-23 00:00:00,29.249999,15.08
2011-06-24 00:00:00,28.349999,14.89
2011-06-27 00:00:00,28.709998,14.88
2011-06-28 00:00:00,28.959998,14.95
2011-06-29 00:00:00,30.859999,14.89
2011-06-30 00:00:00,32.269999,15.04
2011-07-01 00:00:00,32.739998,15.45
2011-07-05 00:00:00,32.639998,15.49
2011-07-06 00:00:00,32.919999,15.72
2011-07-07 00:00:00,33.329999,15.81
2011-07-08 00:00:00,33.419999,15.61
2011-07-11 00:00:00,32.91,15.05
2011-07-12 00:00:00,32.259999,14.86
2011-07-13 00:00:00,32.379998,14.91
2011-07-14 00:00:00,32.189998,14.63
2011-07-15 00:00:00,32.809999,14.69
2011-07-18 00:00:00,32.7,14.42
2011-07-19 00:00:00,33.76,14.59
2011-07-20 00:00:00,33.169999,13.48
2011-07-21 00:00:00,33.439998,13.59
2011-07-22 00:00:00,33.499998,13.98
2011-07-25 00:00:00,33.799997999999995,13.69
2011-07-26 00:00:00,34.419999,13.94
2011-07-27 00:00:00,33.36,13.59
2011-07-28 00:00:00,33.35,13.5
2011-07-29 00:00:00,32.75,13.1
2011-08-01 00:00:00,33.019999,13.1
2011-08-02 00:00:00,31.75,12.76
2011-08-03 00:00:00,32.25,13.02
2011-08-04 00:00:00,30.04,12.0
2011-08-05 00:00:00,29.299999,11.74
2011-08-08 00:00:00,26.949998,11.09
2011-08-09 00:00:00,30.159999,12.09
2011-08-10 00:00:00,29.149999,11.77
2011-08-11 00:00:00,30.199999,12.86
2011-08-12 00:00:00,30.529998,13.59
2011-08-15 00:00:00,30.89,13.47
2011-08-16 00:00:00,30.359999,13.48
2011-08-17 00:00:00,30.249999,13.47
2011-08-18 00:00:00,27.939999,12.96
2011-08-19 00:00:00,27.16,12.92
2011-08-22 00:00:00,27.36,12.84
2011-08-23 00:00:00,28.92,13.35
2011-08-24 00:00:00,29.049999,13.15
2011-08-25 00:00:00,28.33,12.87
2011-08-26 00:00:00,29.459999,12.74
2011-08-29 00:00:00,30.49,13.68
2011-08-30 00:00:00,30.949999,13.84
2011-08-31 00:00:00,30.869999,13.61
2011-09-01 00:00:00,30.39,13.35
2011-09-02 00:00:00,29.409999,12.87
2011-09-06 00:00:00,29.269998,12.91
2011-09-07 00:00:00,29.749999,13.61
2011-09-08 00:00:00,30.509999,14.44
2011-09-09 00:00:00,28.459998,14.48
2011-09-12 00:00:00,29.419998,14.26
2011-09-13 00:00:00,29.399999,14.26
2011-09-14 00:00:00,30.14,14.55
2011-09-15 00:00:00,32.039998,14.89
2011-09-16 00:00:00,33.689998,14.97
2011-09-19 00:00:00,33.1,14.61
2011-09-20 00:00:00,32.729999,14.36
2011-09-21 00:00:00,32.239998,13.96
2011-09-22 00:00:00,31.669999,13.99
2011-09-23 00:00:00,32.079998,14.71
2011-09-26 00:00:00,32.55,14.75
2011-09-27 00:00:00,32.519999,14.54
2011-09-28 00:00:00,31.64,14.19
2011-09-29 00:00:00,30.669998,13.42
2011-09-30 00:00:00,29.489999,13.17
2011-10-03 00:00:00,28.109998,13.53
2011-10-04 00:00:00,29.349999,14.46
2011-10-05 00:00:00,30.529998,15.92
2011-10-06 00:00:00,31.44,15.65
2011-10-07 00:00:00,31.069999,15.47
2011-10-10 00:00:00,32.3,15.84
2011-10-11 00:00:00,32.829999,15.86
2011-10-12 00:00:00,32.75,15.77
2011-10-13 00:00:00,32.739998,15.93
2011-10-14 00:00:00,33.689998,15.91
2011-10-17 00:00:00,33.219999,15.7
2011-10-18 00:00:00,33.869999,15.47
2011-10-19 00:00:00,33.179999,15.94
2011-10-20 00:00:00,32.15,16.18
2011-10-21 00:00:00,32.119999,16.120001000000002
2011-10-24 00:00:00,32.369999,16.709999
2011-10-25 00:00:00,31.669999,16.24
2011-10-26 00:00:00,31.079998,16.299999
2011-10-27 00:00:00,32.289998,16.629998999999998
2011-10-28 00:00:00,33.25,16.559998999999998
2011-10-31 00:00:00,31.829998,15.64
2011-11-01 00:00:00,30.89,14.93
2011-11-02 00:00:00,31.779998,15.1
2011-11-03 00:00:00,33.05,15.48
2011-11-04 00:00:00,32.709999,15.24
2011-11-07 00:00:00,32.469999,15.69
2011-11-08 00:00:00,32.919999,15.97
2011-11-09 00:00:00,31.179998,15.92
2011-11-10 00:00:00,30.749999,15.95
2011-11-11 00:00:00,31.759999,16.27
2011-11-14 00:00:00,31.409999,16.0
2011-11-15 00:00:00,31.45,15.93
2011-11-16 00:00:00,30.54,15.72
2011-11-17 00:00:00,29.649999,15.34
2011-11-18 00:00:00,29.809999,15.38
2011-11-21 00:00:00,28.749999,14.99
2011-11-22 00:00:00,29.039999,14.97
2011-11-23 00:00:00,28.549999,14.94
2011-11-25 00:00:00,28.23,15.1
2011-11-28 00:00:00,29.659999,15.35
2011-11-29 00:00:00,28.749999,15.7
2011-11-30 00:00:00,29.59,15.71
2011-12-01 00:00:00,29.68,16.23
2011-12-02 00:00:00,29.599999,16.049999
2011-12-05 00:00:00,30.699999,15.89
2011-12-06 00:00:00,30.899999,15.84
2011-12-07 00:00:00,30.94,15.62
2011-12-08 00:00:00,31.029998,15.61
2011-12-09 00:00:00,31.64,15.94
2011-12-12 00:00:00,31.129998,15.47
2011-12-13 00:00:00,30.84,15.42
2011-12-14 00:00:00,30.269998,15.02
2011-12-15 00:00:00,29.599999,15.16
2011-12-16 00:00:00,30.399999,14.96
2011-12-19 00:00:00,29.769998,14.62
2011-12-20 00:00:00,30.629998,15.11
2011-12-21 00:00:00,30.34,15.99
2011-12-22 00:00:00,30.609999,16.0
2011-12-23 00:00:00,30.84,16.190001000000002
2011-12-27 00:00:00,30.919999,16.09
2011-12-28 00:00:00,30.409999,15.78
2011-12-29 00:00:00,30.359999,16.129998999999998
2011-12-30 00:00:00,30.33,16.129998999999998
2012-01-03 00:00:00,31.34,16.290001
2012-01-04 00:00:00,30.159999,15.78
2012-01-05 00:00:00,30.709999,15.64
2012-01-06 00:00:00,30.629998,15.52
2012-01-09 00:00:00,30.509999,15.46
2012-01-10 00:00:00,31.2,15.51
2012-01-11 00:00:00,31.519999,15.53
2012-01-12 00:00:00,31.579998,15.66
2012-01-13 00:00:00,30.619998,15.48
2012-01-17 00:00:00,30.529998,15.43
2012-01-18 00:00:00,30.34,15.92
2012-01-19 00:00:00,31.509999,16.120001000000002
2012-01-20 00:00:00,31.929998,15.96
2012-01-23 00:00:00,31.989998,15.68
2012-01-24 00:00:00,31.95,15.69
2012-01-25 00:00:00,31.939998,15.56
2012-01-26 00:00:00,31.709999,15.53
2012-01-27 00:00:00,31.85,15.74
2012-01-30 00:00:00,31.579998,15.55
2012-01-31 00:00:00,31.6,15.47
2012-02-01 00:00:00,32.2,15.73
2012-02-02 00:00:00,32.7,15.72
2012-02-03 00:00:00,32.95,15.92
2012-02-06 00:00:00,32.639998,15.82
2012-02-07 00:00:00,32.869999,15.83
2012-02-08 00:00:00,33.05,15.78
2012-02-09 00:00:00,33.26,16.0
2012-02-10 00:00:00,33.029999,16.139999
2012-02-13 00:00:00,33.16,16.120001000000002
2012-02-14 00:00:00,32.96,15.37
2012-02-15 00:00:00,33.31,15.12
2012-02-16 00:00:00,34.51,15.36
2012-02-17 00:00:00,35.059998,15.01
2012-02-21 00:00:00,35.139999,14.75
2012-02-22 00:00:00,34.67,14.5
2012-02-23 00:00:00,36.02,14.78
2012-02-24 00:00:00,36.359998,14.89
2012-02-27 00:00:00,36.559998,14.86
2012-02-28 00:00:00,36.619998,14.9
2012-02-29 00:00:00,35.739999,14.83
2012-03-01 00:00:00,36.37,14.93
2012-03-02 00:00:00,36.249999,14.72
2012-03-05 00:00:00,35.72,14.62
2012-03-06 00:00:00,35.109998,14.42
2012-03-07 00:00:00,35.589999,14.62
2012-03-08 00:00:00,35.779999,14.62
2012-03-09 00:00:00,36.249999,14.63
2012-03-12 00:00:00,36.18,14.49
2012-03-13 00:00:00,37.33,14.55
2012-03-14 00:00:00,37.619998,14.63
2012-03-15 00:00:00,36.83,14.89
2012-03-16 00:00:00,37.689999,15.18
2012-03-19 00:00:00,37.79,15.15
2012-03-20 00:00:00,37.389999,15.41
2012-03-21 00:00:00,37.419998,15.51
2012-03-22 00:00:00,37.619998,15.49
2012-03-23 00:00:00,37.089999,15.39
2012-03-26 00:00:00,38.079998,15.54
2012-03-27 00:00:00,37.869998,15.43
2012-03-28 00:00:00,37.239999,15.32
2012-03-29 00:00:00,36.989999,15.3
2012-03-30 00:00:00,36.899999,15.22
2012-04-02 00:00:00,36.589999,15.46
2012-04-03 00:00:00,36.63,15.18
2012-04-04 00:00:00,35.729999,15.27
2012-04-05 00:00:00,35.62,15.07
2012-04-09 00:00:00,36.299999,15.1
2012-04-10 00:00:00,35.47,14.99
2012-04-11 00:00:00,35.759998,14.88
2012-04-12 00:00:00,36.459998,15.06
2012-04-13 00:00:00,36.12,14.87
2012-04-16 00:00:00,35.499998,14.79
2012-04-17 00:00:00,36.079999,15.01
2012-04-18 00:00:00,35.87,15.49
2012-04-19 00:00:00,40.619997,15.4
2012-04-20 00:00:00,40.29,15.6
2012-04-23 00:00:00,39.649997,15.33
2012-04-24 00:00:00,39.299997,15.43
2012-04-25 00:00:00,39.859999,15.5
2012-04-26 00:00:00,41.049998,15.53
2012-04-27 00:00:00,41.229999,15.57
2012-04-30 00:00:00,41.019997,15.54
2012-05-01 00:00:00,40.749998,15.63
2012-05-02 00:00:00,41.16,15.67
2012-05-03 00:00:00,40.379998,15.4
2012-05-04 00:00:00,39.44,15.15
2012-05-07 00:00:00,40.070001,15.35
2012-05-08 00:00:00,40.19,15.36
2012-05-09 00:00:00,40.559999,15.3
2012-05-10 00:00:00,41.21,15.44
2012-05-11 00:00:00,40.74,15.19
2012-05-14 00:00:00,40.249997,15.5
2012-05-15 00:00:00,40.049997,15.4
2012-05-16 00:00:00,39.859999,15.28
2012-05-17 00:00:00,39.029998,14.87
2012-05-18 00:00:00,38.359999,15.42
2012-05-21 00:00:00,39.509999,15.58
2012-05-22 00:00:00,39.220001,15.29
2012-05-23 00:00:00,39.679998,15.38
2012-05-24 00:00:00,39.659999,15.35
2012-05-25 00:00:00,40.349997,15.36
2012-05-29 00:00:00,41.490001,15.47
2012-05-30 00:00:00,39.59,15.25
2012-05-31 00:00:00,39.19,15.24
2012-06-01 00:00:00,38.820001,14.92
2012-06-04 00:00:00,39.159999,15.01
2012-06-05 00:00:00,39.759999,15.1
2012-06-06 00:00:00,40.94,15.36
2012-06-07 00:00:00,40.899998,15.36
2012-06-08 00:00:00,41.049998,15.65
2012-06-11 00:00:00,40.929999,15.3
2012-06-12 00:00:00,40.909999,15.47
2012-06-13 00:00:00,40.169997,15.34
2012-06-14 00:00:00,40.129998,15.36
2012-06-15 00:00:00,40.669997,15.36
2012-06-18 00:00:00,42.490001,15.49
2012-06-19 00:00:00,43.499998,15.65
2012-06-20 00:00:00,42.949998,15.74
2012-06-21 00:00:00,41.829999,15.52
2012-06-22 00:00:00,42.799998,15.61
2012-06-25 00:00:00,41.81,15.44
2012-06-26 00:00:00,42.499998,15.35
2012-06-27 00:00:00,42.290001,15.52
2012-06-28 00:00:00,40.779999,15.45
2012-06-29 00:00:00,42.01,15.83
2012-07-02 00:00:00,41.219997,15.84
2012-07-03 00:00:00,41.199998,15.98
2012-07-05 00:00:00,40.929999,15.85
2012-07-06 00:00:00,40.409999,15.78
2012-07-09 00:00:00,40.679998,15.75
2012-07-10 00:00:00,39.679998,15.82
2012-07-11 00:00:00,39.129998,15.8
2012-07-12 00:00:00,39.309999,15.69
2012-07-13 00:00:00,39.949997,15.74
2012-07-16 00:00:00,38.599997,15.65
2012-07-17 00:00:00,39.070001,15.6
2012-07-18 00:00:00,40.459999,15.7
2012-07-19 00:00:00,43.949998,15.73
2012-07-20 00:00:00,44.849999,15.92
2012-07-23 00:00:00,44.239997,15.76
2012-07-24 00:00:00,43.519997,15.43
2012-07-25 00:00:00,43.189996,15.5
2012-07-26 00:00:00,43.789997,15.8
2012-07-27 00:00:00,45.219998,16.110001
2012-07-30 00:00:00,45.599999,15.98
2012-07-31 00:00:00,44.299999,15.84
2012-08-01 00:00:00,43.889997,15.99
2012-08-02 00:00:00,43.769998,15.75
2012-08-03 00:00:00,44.499999,15.97
2012-08-06 00:00:00,44.769998,16.040001
2012-08-07 00:00:00,45.610001,16.219998999999998
2012-08-08 00:00:00,44.939997,16.17
2012-08-09 00:00:00,44.269998,16.01
2012-08-10 00:00:00,43.989997,15.15
2012-08-13 00:00:00,45.319998,15.02
2012-08-14 00:00:00,45.360001,14.73
2012-08-15 00:00:00,44.98,14.76
2012-08-16 00:00:00,45.789997,14.99
2012-08-17 00:00:00,46.869998,15.03
2012-08-20 00:00:00,46.399999,14.96
2012-08-21 00:00:00,45.849999,14.97
2012-08-22 00:00:00,46.999999,14.92
2012-08-23 00:00:00,46.809997,14.87
2012-08-24 00:00:00,47.099999,14.92
2012-08-27 00:00:00,46.98,14.85
2012-08-28 00:00:00,46.939997,14.72
2012-08-29 00:00:00,47.489998,14.84
2012-08-30 00:00:00,46.549999,14.67
2012-08-31 00:00:00,47.469999,14.65
2012-09-04 00:00:00,47.359997,14.89
2012-09-05 00:00:00,47.159997,15.09
2012-09-06 00:00:00,48.909997,15.11
2012-09-07 00:00:00,49.239998,15.22
2012-09-10 00:00:00,48.530001,15.11
2012-09-11 00:00:00,48.330001,15.16
2012-09-12 00:00:00,47.989998,15.4
2012-09-13 00:00:00,48.880001,15.6
2012-09-14 00:00:00,49.969999,15.77
2012-09-17 00:00:00,50.479997,15.68
2012-09-18 00:00:00,49.959997,15.91
2012-09-19 00:00:00,50.389998,15.86
2012-09-20 00:00:00,50.079997,15.79
2012-09-21 00:00:00,49.469999,15.74
2012-09-24 00:00:00,49.309997,16.0
2012-09-25 00:00:00,48.030001,15.68
2012-09-26 00:00:00,47.539998,15.61
2012-09-27 00:00:00,49.119999,16.040001
2012-09-28 00:00:00,48.369999,15.98
2012-10-01 00:00:00,48.230001,15.83
2012-10-02 00:00:00,48.4,15.94
2012-10-03 00:00:00,48.589998,16.209999
2012-10-04 00:00:00,49.489998,16.27
2012-10-05 00:00:00,48.730001,16.09
2012-10-08 00:00:00,47.919999,16.030001000000002
2012-10-09 00:00:00,46.219998,15.85
2012-10-10 00:00:00,46.759997,15.83
2012-10-11 00:00:00,47.489998,15.92
2012-10-12 00:00:00,47.85,15.88
2012-10-15 00:00:00,47.399999,15.68
2012-10-16 00:00:00,48.239998,15.92
2012-10-17 00:00:00,48.2,16.09
2012-10-18 00:00:00,50.829997,16.0
2012-10-19 00:00:00,49.969999,15.84
2012-10-22 00:00:00,50.15,15.77
2012-10-23 00:00:00,49.35,16.67
2012-10-24 00:00:00,48.880001,16.549999
2012-10-25 00:00:00,48.339998,16.610001
2012-10-26 00:00:00,49.509997,16.790001
2012-10-31 00:00:00,48.259997,16.84
2012-11-01 00:00:00,49.219999,16.950001
2012-11-02 00:00:00,48.689998,17.110001
2012-11-05 00:00:00,49.35,17.370001000000002
2012-11-06 00:00:00,49.489998,17.459999
2012-11-07 00:00:00,48.4,17.389999
2012-11-08 00:00:00,47.869999,17.24
2012-11-09 00:00:00,47.73,17.26
2012-11-12 00:00:00,47.469999,17.51
2012-11-13 00:00:00,47.739998,17.85
2012-11-14 00:00:00,46.469998,17.83
2012-11-15 00:00:00,46.519998,17.889999
2012-11-16 00:00:00,47.259997,17.860001
2012-11-19 00:00:00,47.919999,18.360001
2012-11-20 00:00:00,48.259997,18.24
2012-11-21 00:00:00,48.630001,18.4
2012-11-23 00:00:00,49.009997,18.57
2012-11-26 00:00:00,51.400001,18.76
2012-11-27 00:00:00,51.15,18.93
2012-11-28 00:00:00,51.47,18.91
2012-11-29 00:00:00,52.199996,18.870001
2012-11-30 00:00:00,52.82,18.77
2012-12-03 00:00:00,52.039999,18.549999
2012-12-04 00:00:00,51.989999,18.93
2012-12-05 00:00:00,52.02,18.889999
2012-12-06 00:00:00,51.989999,19.200001
2012-12-07 00:00:00,51.739999,19.200001
2012-12-10 00:00:00,51.17,19.43
2012-12-11 00:00:00,51.989999,19.52
2012-12-12 00:00:00,51.859998,19.379999
2012-12-13 00:00:00,51.02,19.35
2012-12-14 00:00:00,50.359998,19.639999
2012-12-17 00:00:00,51.309998,19.690001
2012-12-18 00:00:00,51.909998,19.620001
2012-12-19 00:00:00,51.339999,19.6
2012-12-20 00:00:00,52.139999,19.690001
2012-12-21 00:00:00,51.350001,19.35
2012-12-24 00:00:00,51.079997,19.65
2012-12-26 00:00:00,50.239998,19.57
2012-12-27 00:00:00,50.289998,19.6
2012-12-28 00:00:00,49.809997,19.5
2012-12-31 00:00:00,51.0,19.9
2013-01-02 00:00:00,53.589999,20.08
2013-01-03 00:00:00,52.449996,19.780001
2013-01-04 00:00:00,52.779997,19.860001
2013-01-07 00:00:00,53.509998,19.4
2013-01-08 00:00:00,52.679997,19.66
2013-01-09 00:00:00,52.759998,19.32
2013-01-10 00:00:00,52.999996,18.99
2013-01-11 00:00:00,53.699997,19.290001
2013-01-14 00:00:00,53.179997,19.43
2013-01-15 00:00:00,52.509998,19.52
2013-01-16 00:00:00,52.899996,20.07
2013-01-17 00:00:00,54.17,20.129999
2013-01-18 00:00:00,54.209999,20.02
2013-01-22 00:00:00,53.37,19.9
2013-01-23 00:00:00,53.379997,20.110001
2013-01-24 00:00:00,55.19,20.440001
2013-01-25 00:00:00,56.529998,20.370001
2013-01-28 00:00:00,55.949997,20.309999
2013-01-29 00:00:00,55.659999,19.700001
2013-01-30 00:00:00,55.779998,20.120001
2013-01-31 00:00:00,55.969996,19.629999
2013-02-01 00:00:00,57.209999,19.76
2013-02-04 00:00:00,55.69,19.34
2013-02-05 00:00:00,56.419996,19.66
2013-02-06 00:00:00,56.109999,19.85
2013-02-07 00:00:00,56.129998,20.32
2013-02-08 00:00:00,56.619997,20.5
2013-02-11 00:00:00,56.409999,20.9
2013-02-12 00:00:00,56.779998,21.209999
2013-02-13 00:00:00,57.049998,21.15
2013-02-14 00:00:00,56.829998,21.18
2013-02-15 00:00:00,56.699997,21.02
2013-02-19 00:00:00,56.679998,21.290001
2013-02-20 00:00:00,55.529998,20.92
2013-02-21 00:00:00,54.620001,20.83
2013-02-22 00:00:00,55.019996,21.219999
2013-02-25 00:00:00,53.609998,20.73
2013-02-26 00:00:00,53.82,20.76
2013-02-27 00:00:00,54.149997,21.16
2013-02-28 00:00:00,54.709999,21.309999
2013-03-01 00:00:00,54.899997,21.940001
2013-03-04 00:00:00,55.479998,22.700001
2013-03-05 00:00:00,55.259999,22.950001
2013-03-06 00:00:00,53.57,22.799999
2013-03-07 00:00:00,52.979997,22.700001
2013-03-08 00:00:00,53.129997,22.9
2013-03-11 00:00:00,52.759998,22.6
2013-03-12 00:00:00,52.959998,22.4
2013-03-13 00:00:00,50.979997,22.34
2013-03-14 00:00:00,51.800001,22.43
2013-03-15 00:00:00,50.409998,22.07
2013-03-18 00:00:00,50.109997,22.01
2013-03-19 00:00:00,51.1,22.17
2013-03-20 00:00:00,52.42,22.1
2013-03-21 00:00:00,52.92,22.860001
2013-03-22 00:00:00,53.27,23.26
2013-03-25 00:00:00,51.309998,23.379999
2013-03-26 00:00:00,52.089999,23.59
2013-03-27 00:00:00,52.07,23.59
2013-03-28 00:00:00,54.22,23.530001
2013-04-01 00:00:00,55.709999,23.5
2013-04-02 00:00:00,56.159999,23.780001
2013-04-03 00:00:00,55.499997,23.379999
2013-04-04 00:00:00,55.79,23.52
2013-04-05 00:00:00,55.519996,23.299999
2013-04-08 00:00:00,55.86999599999999,23.48
2013-04-09 00:00:00,56.069996,23.83
2013-04-10 00:00:00,57.299998,24.200001
2013-04-11 00:00:00,57.779999,24.49
2013-04-12 00:00:00,57.309999,24.690001
2013-04-15 00:00:00,55.84,23.98
2013-04-16 00:00:00,57.009999,23.790001
2013-04-17 00:00:00,56.099997,23.700001
2013-04-18 00:00:00,52.82,23.26
2013-04-19 00:00:00,52.389999,23.469999
2013-04-22 00:00:00,51.629997,23.950001
2013-04-23 00:00:00,52.489999,24.379999
2013-04-24 00:00:00,52.97,24.75
2013-04-25 00:00:00,52.359998,25.200001
2013-04-26 00:00:00,52.539999,24.68
2013-04-29 00:00:00,52.839999,24.43
2013-04-30 00:00:00,52.389999,24.73
2013-05-01 00:00:00,52.399996,24.299999
2013-05-02 00:00:00,53.549997,24.969999
2013-05-03 00:00:00,54.209999,25.07
2013-05-06 00:00:00,54.089999,25.17
2013-05-07 00:00:00,53.939999,26.07
2013-05-08 00:00:00,54.959999,26.41
2013-05-09 00:00:00,55.169996,26.24
2013-05-10 00:00:00,55.649997,26.83
2013-05-13 00:00:00,55.329998,26.389999
2013-05-14 00:00:00,56.269996,26.639999
2013-05-15 00:00:00,56.649997,27.34
2013-05-16 00:00:00,55.799997,26.58
2013-05-17 00:00:00,56.709999,26.52
2013-05-20 00:00:00,55.949997,26.58
2013-05-21 00:00:00,54.949997,27.0
2013-05-22 00:00:00,54.399997,26.540001
2013-05-23 00:00:00,54.479998,26.02
2013-05-24 00:00:00,54.64,26.33
2013-05-28 00:00:00,55.529998,26.07
2013-05-29 00:00:00,55.049997,25.809999
2013-05-30 00:00:00,55.099997,26.33
2013-05-31 00:00:00,54.099997,26.299999
2013-06-03 00:00:00,53.409998,26.389999
2013-06-04 00:00:00,52.589999,26.26
2013-06-05 00:00:00,51.359998,25.75
2013-06-06 00:00:00,51.52,26.209999
2013-06-07 00:00:00,51.450001,27.040001
2013-06-10 00:00:00,53.249996,26.74
2013-06-11 00:00:00,52.049996,26.4
2013-06-12 00:00:00,50.75,25.889999
2013-06-13 00:00:00,51.479997,26.370001
2013-06-14 00:00:00,51.289999,26.280001
2013-06-17 00:00:00,52.07,26.540001
2013-06-18 00:00:00,52.559998,26.66
2013-06-19 00:00:00,52.229997,26.24
2013-06-20 00:00:00,50.739999,25.35
2013-06-21 00:00:00,51.129997,25.190001
2013-06-24 00:00:00,50.819999,24.07
2013-06-25 00:00:00,51.639999,24.959999
2013-06-26 00:00:00,51.329997,25.290001
2013-06-27 00:00:00,52.139999,25.469999
2013-06-28 00:00:00,51.72,25.129999
2013-07-01 00:00:00,52.899996,25.24
2013-07-02 00:00:00,53.329997,24.99
2013-07-03 00:00:00,53.17,25.59
2013-07-05 00:00:00,53.849997,25.68
2013-07-08 00:00:00,53.709998,25.530001
2013-07-09 00:00:00,54.49,26.68
2013-07-10 00:00:00,54.879998,26.559999
2013-07-11 00:00:00,55.879998,27.040001
2013-07-12 00:00:00,57.04,27.23
2013-07-15 00:00:00,56.449997,27.34
2013-07-16 00:00:00,56.809999,26.879999
2013-07-17 00:00:00,57.379999,29.66
2013-07-18 00:00:00,53.52,29.66
2013-07-19 00:00:00,52.189999,29.110001
2013-07-22 00:00:00,52.309998,27.860001
2013-07-23 00:00:00,51.639999,27.360001
2013-07-24 00:00:00,52.099996,27.84
2013-07-25 00:00:00,51.500001,28.27
2013-07-26 00:00:00,52.249996,28.110001
2013-07-29 00:00:00,51.639999,27.93
2013-07-30 00:00:00,51.979997,28.049999
2013-07-31 00:00:00,51.689999,28.09
2013-08-01 00:00:00,52.409998,27.959999
2013-08-02 00:00:00,52.539999,27.65
2013-08-05 00:00:00,52.709998,27.67
2013-08-06 00:00:00,53.699997,27.32
2013-08-07 00:00:00,53.009998,27.389999
2013-08-08 00:00:00,53.57,27.48
2013-08-09 00:00:00,53.329997,27.68
2013-08-12 00:00:00,53.279997,28.35
2013-08-13 00:00:00,54.12,28.34
2013-08-14 00:00:00,54.229998,28.049999
2013-08-15 00:00:00,53.179997,27.139999
2013-08-16 00:00:00,52.92,27.32
2013-08-19 00:00:00,52.07,26.91
2013-08-20 00:00:00,51.989999,27.120001
2013-08-21 00:00:00,50.959998,27.059999
2013-08-22 00:00:00,51.079997,27.9
2013-08-23 00:00:00,51.650001,27.99
2013-08-26 00:00:00,51.959998,27.700001
2013-08-27 00:00:00,50.609998,27.0
2013-08-28 00:00:00,50.429997,27.110001
2013-08-29 00:00:00,50.989999,27.299999
2013-08-30 00:00:00,49.989998,27.120001
2013-09-03 00:00:00,50.319999,27.780001
2013-09-04 00:00:00,51.450001,28.07
2013-09-05 00:00:00,51.950001,28.23
2013-09-06 00:00:00,52.829997,28.17
2013-09-09 00:00:00,52.67,29.24
2013-09-10 00:00:00,53.489999,29.48
2013-09-11 00:00:00,54.279998,29.190001
2013-09-12 00:00:00,54.029998,29.65
2013-09-13 00:00:00,53.82,29.26
2013-09-16 00:00:00,53.649997,29.620001
2013-09-17 00:00:00,54.629998,30.0
2013-09-18 00:00:00,54.679998,30.440001
2013-09-19 00:00:00,54.449997,31.030001
2013-09-20 00:00:00,54.949997,30.93
2013-09-23 00:00:00,54.759999,30.26
2013-09-24 00:00:00,55.169996,31.27
2013-09-25 00:00:00,54.209999,31.34
2013-09-26 00:00:00,56.64,32.75
2013-09-27 00:00:00,55.779998,33.549999
2013-09-30 00:00:00,55.799997,33.169998
2013-10-01 00:00:00,55.969996,34.310001
2013-10-02 00:00:00,55.629998,34.139999
2013-10-03 00:00:00,54.909999,33.880001
2013-10-04 00:00:00,55.579998,34.889999
2013-10-07 00:00:00,54.57,34.139999
2013-10-08 00:00:00,52.97,32.93
2013-10-09 00:00:00,52.329997,33.009998
2013-10-10 00:00:00,53.42,33.869999
2013-10-11 00:00:00,54.37,34.150002
2013-10-14 00:00:00,54.770001,34.0
2013-10-15 00:00:00,53.97,33.380001
2013-10-16 00:00:00,53.52,33.09
2013-10-17 00:00:00,51.379997,32.740002000000004
2013-10-18 00:00:00,52.199996,33.43
2013-10-21 00:00:00,51.939999,34.060001
2013-10-22 00:00:00,51.829997,33.939999
2013-10-23 00:00:00,51.729997,33.099998
2013-10-24 00:00:00,52.339999,33.080002
2013-10-25 00:00:00,51.639999,32.25
2013-10-28 00:00:00,51.97,32.349998
2013-10-29 00:00:00,53.339999,33.169998
2013-10-30 00:00:00,52.729997,32.57
2013-10-31 00:00:00,52.709998,32.939999
2013-11-01 00:00:00,51.939999,33.18
2013-11-04 00:00:00,51.37,33.189999
2013-11-05 00:00:00,51.079997,32.970001
2013-11-06 00:00:00,53.279997,32.880001
2013-11-07 00:00:00,52.57,32.110001000000004
2013-11-08 00:00:00,52.999996,33.119999
2013-11-11 00:00:00,52.82,33.82
2013-11-12 00:00:00,52.829997,34.07
2013-11-13 00:00:00,53.029997,35.099998
2013-11-14 00:00:00,52.879997,35.689999
2013-11-15 00:00:00,52.599996,35.470001
2013-11-18 00:00:00,52.079997,34.98
2013-11-19 00:00:00,52.129997,34.630001
2013-11-20 00:00:00,50.389998,35.619999
2013-11-21 00:00:00,50.209997,36.299999
2013-11-22 00:00:00,50.329997,36.490002
2013-11-25 00:00:00,49.039998,36.290001
2013-11-26 00:00:00,48.759997,36.639999
2013-11-27 00:00:00,49.3,36.959999
2013-11-29 00:00:00,50.519999,36.98
2013-12-02 00:00:00,51.350001,37.009998
2013-12-03 00:00:00,51.929997,36.560001
2013-12-04 00:00:00,51.089999,38.130001
2013-12-05 00:00:00,51.409998,38.869999
2013-12-06 00:00:00,52.009998,38.860001
2013-12-09 00:00:00,51.689999,38.869999
2013-12-10 00:00:00,51.92,40.220001
2013-12-11 00:00:00,51.37,39.16
2013-12-12 00:00:00,51.37,39.349998
2013-12-13 00:00:00,51.550001,39.73
2013-12-16 00:00:00,53.109998,39.73
2013-12-17 00:00:00,52.579997,39.509998
2013-12-18 00:00:00,53.129997,40.040001
2013-12-19 00:00:00,53.399997,40.200001
2013-12-20 00:00:00,54.579998,40.119999
2013-12-23 00:00:00,55.299997,40.77
2013-12-24 00:00:00,55.169996,40.849998
2013-12-26 00:00:00,54.059999,40.650002
2013-12-27 00:00:00,54.179998,40.490002
2013-12-30 00:00:00,54.009999,40.200001
2013-12-31 00:00:00,54.870001,40.439999
2014-01-02 00:00:00,53.939995,39.59
2014-01-03 00:00:00,53.259998,40.119999
2014-01-06 00:00:00,51.779997,39.93
2014-01-07 00:00:00,52.869995,40.919998
2014-01-08 00:00:00,52.369995,41.02
2014-01-09 00:00:00,52.07,40.919998
2014-01-10 00:00:00,52.159998,41.23
2014-01-13 00:00:00,52.539999,39.990002
2014-01-14 00:00:00,52.959998,41.139999
2014-01-15 00:00:00,53.789999,41.07
2014-01-16 00:00:00,53.739999,40.34
2014-01-17 00:00:00,53.200001,40.009998
2014-01-21 00:00:00,54.150001,39.52
2014-01-22 00:00:00,54.409999,40.18
2014-01-23 00:00:00,54.939995,39.389999
2014-01-24 00:00:00,54.36999599999999,37.91
2014-01-27 00:00:00,52.879997,36.650002
2014-01-28 00:00:00,53.159998,38.220001
2014-01-29 00:00:00,52.189999,34.889999
2014-01-30 00:00:00,53.179997,35.310001
2014-01-31 00:00:00,53.200001,36.009998
2014-02-03 00:00:00,52.389999,34.900002
2014-02-04 00:00:00,52.909998,35.66
2014-02-05 00:00:00,53.52,35.490002000000004
2014-02-06 00:00:00,54.36999599999999,36.240002
2014-02-07 00:00:00,54.59,37.23
2014-02-10 00:00:00,53.779998,37.759998
2014-02-11 00:00:00,54.309999,38.5
2014-02-12 00:00:00,54.830002,38.110001
2014-02-13 00:00:00,54.919996,38.52
2014-02-14 00:00:00,54.770001,38.23
2014-02-18 00:00:00,55.150002,38.310001
2014-02-19 00:00:00,54.74,37.810001
2014-02-20 00:00:00,54.959999,37.790001
2014-02-21 00:00:00,54.59,37.290001
2014-02-24 00:00:00,56.299997,37.419998
2014-02-25 00:00:00,56.150002,37.259998
2014-02-26 00:00:00,57.34,37.619999
2014-02-27 00:00:00,58.340001,38.470001
2014-02-28 00:00:00,58.769997,38.669998
2014-03-03 00:00:00,58.31,38.25
2014-03-04 00:00:00,59.06,39.630001
2014-03-05 00:00:00,58.86,39.5
2014-03-06 00:00:00,59.299998,39.66
2014-03-07 00:00:00,59.06,38.700001
2014-03-10 00:00:00,58.220001,38.049999
2014-03-11 00:00:00,57.54,37.560001
2014-03-12 00:00:00,57.979999,37.5
2014-03-13 00:00:00,56.699997,37.23
2014-03-14 00:00:00,56.74,37.599998
2014-03-17 00:00:00,57.419997,39.110001
2014-03-18 00:00:00,57.84,39.450001
2014-03-19 00:00:00,57.299998,38.610001
2014-03-20 00:00:00,57.119997,37.77
2014-03-21 00:00:00,56.959999,37.939999
2014-03-24 00:00:00,56.54,36.68
2014-03-25 00:00:00,56.329998,35.93
2014-03-26 00:00:00,55.599997,35.450001
2014-03-27 00:00:00,55.179998,35.59
2014-03-28 00:00:00,55.189995,35.900002
2014-03-31 00:00:00,55.24,35.900002
2014-04-01 00:00:00,56.04,36.490002
2014-04-02 00:00:00,55.449997,36.639999
2014-04-03 00:00:00,54.580002,35.759998
2014-04-04 00:00:00,53.999997,34.259998
2014-04-07 00:00:00,52.950001,33.07
2014-04-08 00:00:00,54.799997,33.830002
2014-04-09 00:00:00,55.89,34.869999
2014-04-10 00:00:00,54.080002,33.400002
2014-04-11 00:00:00,53.459998,32.869999
2014-04-14 00:00:00,53.979998,33.450001
2014-04-15 00:00:00,53.900001,34.209999
2014-04-16 00:00:00,54.689995,36.349998
2014-04-17 00:00:00,54.970001,36.380001
2014-04-21 00:00:00,54.929998,36.400002
2014-04-22 00:00:00,55.470001,36.139999
2014-04-23 00:00:00,54.939995,35.439999
2014-04-24 00:00:00,54.84,35.240002000000004
2014-04-25 00:00:00,53.72,34.48
2014-04-28 00:00:00,53.639999,33.990002000000004
2014-04-29 00:00:00,54.54,35.830002
2014-04-30 00:00:00,51.830002,35.950001
2014-05-01 00:00:00,51.689999,36.509998
2014-05-02 00:00:00,52.009998,36.869999
2014-05-05 00:00:00,51.999996,36.91
2014-05-06 00:00:00,50.95,36.490002
2014-05-07 00:00:00,50.569999,34.07
2014-05-08 00:00:00,50.259997,33.919998
2014-05-09 00:00:00,50.539998,33.759998
2014-05-12 00:00:00,51.330001,34.450001
2014-05-13 00:00:00,51.580001,34.400002
2014-05-14 00:00:00,51.650001,34.169998
2014-05-15 00:00:00,51.359998,33.799999
2014-05-16 00:00:00,51.950001,33.41
2014-05-19 00:00:00,52.330002,33.889999
2014-05-20 00:00:00,51.959998,33.869999
2014-05-21 00:00:00,51.880002000000005,34.360001000000004
2014-05-22 00:00:00,51.500001,34.700001
2014-05-23 00:00:00,52.02,35.02
2014-05-27 00:00:00,51.77,35.119999
2014-05-28 00:00:00,50.389998,34.779999
2014-05-29 00:00:00,50.139998,34.900002
2014-05-30 00:00:00,50.729997,34.650002
2014-06-02 00:00:00,50.489998,34.869999
2014-06-03 00:00:00,50.419995,34.650002
2014-06-04 00:00:00,50.45,34.73
2014-06-05 00:00:00,50.580001,34.939999
2014-06-06 00:00:00,49.7,35.919998
2014-06-09 00:00:00,49.580001,36.040001
2014-06-10 00:00:00,48.25,36.310001
2014-06-11 00:00:00,48.830001,36.630001
2014-06-12 00:00:00,48.560002,36.779999
2014-06-13 00:00:00,49.039998,36.939999
2014-06-16 00:00:00,49.0,34.810001
2014-06-17 00:00:00,49.060002,34.43
2014-06-18 00:00:00,49.659997,34.939999
2014-06-19 00:00:00,49.599995,34.68
2014-06-20 00:00:00,49.339998,34.049999
2014-06-23 00:00:00,49.389998,33.639999
2014-06-24 00:00:00,48.849995,33.48
2014-06-25 00:00:00,49.319999,33.25
2014-06-26 00:00:00,49.469999,33.66
2014-06-27 00:00:00,50.080001,34.25
2014-06-30 00:00:00,50.060002,35.130001
2014-07-01 00:00:00,50.5,35.349998
2014-07-02 00:00:00,50.549996,35.880001
2014-07-03 00:00:00,50.939999,36.139999
2014-07-07 00:00:00,50.739999,35.52
2014-07-08 00:00:00,50.179997,34.529999
2014-07-09 00:00:00,50.929997,34.849998
2014-07-10 00:00:00,50.339998,34.93
2014-07-11 00:00:00,51.500001,35.43
2014-07-14 00:00:00,51.159998,35.700001
2014-07-15 00:00:00,50.819999,35.610001000000004
2014-07-16 00:00:00,50.7,33.790001000000004
2014-07-17 00:00:00,51.029997,33.209999
2014-07-18 00:00:00,51.479997,33.330002
2014-07-21 00:00:00,51.700001,33.279999
2014-07-22 00:00:00,52.049996,33.599998
2014-07-23 00:00:00,52.659998,34.709999
2014-07-24 00:00:00,53.229997,36.169998
2014-07-25 00:00:00,52.749996,36.119999
2014-07-28 00:00:00,52.929997,35.900002
2014-07-29 00:00:00,53.209998,35.68
2014-07-30 00:00:00,53.229997,36.599998
2014-07-31 00:00:00,52.830002,35.810001
2014-08-01 00:00:00,52.529997,35.619999
2014-08-04 00:00:00,53.059998,36.529999
2014-08-05 00:00:00,53.259998,35.700001
2014-08-06 00:00:00,53.459998,35.790001000000004
2014-08-07 00:00:00,53.559998,35.66
2014-08-08 00:00:00,54.089999,35.91
2014-08-11 00:00:00,53.879998,35.790001000000004
2014-08-12 00:00:00,53.429997,35.52
2014-08-13 00:00:00,52.939999,36.189999
2014-08-14 00:00:00,52.929997,36.360001
2014-08-15 00:00:00,52.639999,36.470001
2014-08-18 00:00:00,53.109998,37.380001
2014-08-19 00:00:00,53.749997,37.830002
2014-08-20 00:00:00,53.400001,37.5
2014-08-21 00:00:00,55.89,37.639999
2014-08-22 00:00:00,55.499997,38.009998
2014-08-25 00:00:00,55.49,37.709999
2014-08-26 00:00:00,56.249997,37.790001
2014-08-27 00:00:00,55.919996,38.18
2014-08-28 00:00:00,55.429998,38.310001
2014-08-29 00:00:00,55.499997,38.509998
2014-09-02 00:00:00,54.879998,39.27
2014-09-03 00:00:00,54.549997,38.869999
2014-09-04 00:00:00,54.439995,39.189999
2014-09-05 00:00:00,53.900001,39.59
2014-09-08 00:00:00,54.229998,41.810001
2014-09-09 00:00:00,52.729997,40.779999
2014-09-10 00:00:00,51.099996,41.139999
2014-09-11 00:00:00,50.679997,41.259998
2014-09-12 00:00:00,52.189999,42.880001
2014-09-15 00:00:00,50.959998,42.549999
2014-09-16 00:00:00,51.609998,42.709999
2014-09-17 00:00:00,51.950001,42.59
2014-09-18 00:00:00,52.700001,42.09
2014-09-19 00:00:00,52.400001,40.93
2014-09-22 00:00:00,52.47,38.650002
2014-09-23 00:00:00,52.739999,39.049999
2014-09-24 00:00:00,52.929997,39.880001
2014-09-25 00:00:00,52.150001,38.950001
2014-09-26 00:00:00,52.929997,40.66
2014-09-29 00:00:00,52.659998,40.52
2014-09-30 00:00:00,56.629998,40.75
2014-10-01 00:00:00,55.459999,40.32
2014-10-02 00:00:00,54.859999,40.5
2014-10-03 00:00:00,54.439995,41.029999
2014-10-06 00:00:00,53.549997,41.52
2014-10-07 00:00:00,52.97,40.93
2014-10-08 00:00:00,54.509999,41.080002
2014-10-09 00:00:00,52.859998,41.099998
2014-10-10 00:00:00,51.859998,39.599998
2014-10-13 00:00:00,50.459998,38.380001
2014-10-14 00:00:00,50.589998,37.970001
2014-10-15 00:00:00,50.239998,37.82
2014-10-16 00:00:00,47.88,38.119999
2014-10-17 00:00:00,47.95,38.450001
2014-10-20 00:00:00,49.2,39.279999
2014-10-21 00:00:00,50.859998,40.18
2014-10-22 00:00:00,50.130001,42.0
2014-10-23 00:00:00,50.789999,42.599998
2014-10-24 00:00:00,51.12,43.5
2014-10-27 00:00:00,51.189999,44.700001
2014-10-28 00:00:00,51.2,45.869999
2014-10-29 00:00:00,51.330001,45.43
2014-10-30 00:00:00,51.549996,45.630001
2014-10-31 00:00:00,52.499996,46.049999
2014-11-03 00:00:00,52.700001,46.34
2014-11-04 00:00:00,53.27,47.080002
2014-11-05 00:00:00,53.589999,47.459999
2014-11-06 00:00:00,53.259998,47.93
2014-11-07 00:00:00,53.52,48.549999
2014-11-10 00:00:00,53.889999,49.41
2014-11-11 00:00:00,54.189995,49.049999
2014-11-12 00:00:00,54.059999,50.599998
2014-11-13 00:00:00,54.36999599999999,50.5
2014-11-14 00:00:00,54.359999,51.75
2014-11-17 00:00:00,54.830002,52.369999
2014-11-18 00:00:00,55.379998,51.75
2014-11-19 00:00:00,54.939995,50.580002
2014-11-20 00:00:00,54.54,51.25
2014-11-21 00:00:00,54.419996,51.040001
2014-11-24 00:00:00,54.39,51.830002
2014-11-25 00:00:00,54.400001,51.720001
2014-11-26 00:00:00,54.569996,51.93
2014-11-28 00:00:00,54.879998,51.740002
2014-12-01 00:00:00,54.86999599999999,50.099998
2014-12-02 00:00:00,55.020001,50.669998
2014-12-03 00:00:00,54.809999,50.279999
2014-12-04 00:00:00,54.669996,50.41
2014-12-05 00:00:00,54.809999,50.990002
2014-12-08 00:00:00,55.150002,49.619999
2014-12-09 00:00:00,55.400002,50.509998
2014-12-10 00:00:00,55.270001,49.209999
2014-12-11 00:00:00,56.79,49.939999
2014-12-12 00:00:00,55.770001,50.240002
2014-12-15 00:00:00,55.439995,49.82
2014-12-16 00:00:00,55.939995,48.849998
2014-12-17 00:00:00,56.409999,50.119999
2014-12-18 00:00:00,57.529999,50.91
2014-12-19 00:00:00,57.139996,50.880001
2014-12-22 00:00:00,57.329999,51.150002
2014-12-23 00:00:00,57.229998,50.02
2014-12-24 00:00:00,57.099998,50.650002
2014-12-26 00:00:00,57.04,50.860001
2014-12-29 00:00:00,57.029998,50.529999
2014-12-30 00:00:00,57.220001,51.220001
2014-12-31 00:00:00,56.11999599999999,50.509998
2015-01-02 00:00:00,56.209999,50.169998
2015-01-05 00:00:00,55.74,49.130001
2015-01-06 00:00:00,55.019996,49.209999
2015-01-07 00:00:00,54.929998,48.59
2015-01-08 00:00:00,56.409999,50.23
2015-01-09 00:00:00,55.629998,49.720001
2015-01-12 00:00:00,55.199997,48.799999
2015-01-13 00:00:00,55.129998,48.299999
2015-01-14 00:00:00,54.029998,47.509998
2015-01-15 00:00:00,53.02,46.23
2015-01-16 00:00:00,53.659998,46.470001
2015-01-20 00:00:00,53.679998,47.630001
2015-01-21 00:00:00,53.379997,48.18
2015-01-22 00:00:00,57.149998,48.889999
2015-01-23 00:00:00,56.759999,48.950001
2015-01-26 00:00:00,56.059999,49.439999
2015-01-27 00:00:00,54.69,47.990002
2015-01-28 00:00:00,53.839999,46.459999
2015-01-29 00:00:00,53.959999,43.73
2015-01-30 00:00:00,52.999996,43.990002