date,EBAY,NVDA,YHOO
2010-01-05 00:00:00,23.65,18.76,17.23
2010-01-06 00:00:00,23.5,18.879999,17.17
2010-01-07 00:00:00,23.229998,18.51,16.700001
2010-01-08 00:00:00,23.509999,18.549999,16.700001
2010-01-11 00:00:00,23.45,18.290001,16.74
2010-01-12 00:00:00,23.19,17.67,16.68
2010-01-13 00:00:00,23.6,17.91,16.9
2010-01-14 00:00:00,22.88,17.629998999999998,17.120001000000002
2010-01-15 00:00:00,22.469998,17.110001,16.82
2010-01-19 00:00:00,23.259999,17.43,16.75
2010-01-20 00:00:00,22.23,17.360001,16.379998999999998
2010-01-21 00:00:00,24.129998,17.049999,16.200001
2010-01-22 00:00:00,23.579998,16.459999,15.88
2010-01-25 00:00:00,23.69,16.74,15.86
2010-01-26 00:00:00,24.069999,16.209999,15.99
2010-01-27 00:00:00,23.969999,16.65,15.98
2010-01-28 00:00:00,23.329998,16.09,15.44
2010-01-29 00:00:00,23.019999,15.39,15.01
2010-02-01 00:00:00,23.169999,16.57,15.05
2010-02-02 00:00:00,23.079998,16.74,15.17
2010-02-03 00:00:00,23.229998,16.879998999999998,15.46
2010-02-04 00:00:00,22.449999,15.9,15.01
2010-02-05 00:00:00,22.709999,16.219998999999998,15.19
2010-02-08 00:00:00,22.49,16.190001000000002,14.99
2010-02-09 00:00:00,22.369998,16.059998999999998,15.07
2010-02-10 00:00:00,21.959999,16.370001000000002,14.8
2010-02-11 00:00:00,22.13,17.120001000000002,15.22
2010-02-12 00:00:00,21.769998,17.35,15.17
2010-02-16 00:00:00,22.519998,17.67,15.41
2010-02-17 00:00:00,22.68,17.84,15.44
2010-02-18 00:00:00,22.84,16.67,15.54
2010-02-19 00:00:00,23.419999,16.58,15.58
2010-02-22 00:00:00,23.279998000000003,16.610001,15.49
2010-02-23 00:00:00,22.89,16.209999,15.38
2010-02-24 00:00:00,23.259999,16.549999,15.59
2010-02-25 00:00:00,23.0,16.4,15.24
2010-02-26 00:00:00,23.019999,16.200001,15.31
2010-03-01 00:00:00,23.879998,16.85,15.79
2010-03-02 00:00:00,23.99,16.84,15.73
2010-03-03 00:00:00,23.509999,16.629998999999998,15.57
2010-03-04 00:00:00,23.779998000000003,16.66,15.81
2010-03-05 00:00:00,24.629999,17.17,16.059998999999998
2010-03-08 00:00:00,24.839998,16.92,16.52
2010-03-09 00:00:00,25.51,17.549999,16.530001000000002
2010-03-10 00:00:00,25.56,17.59,16.790001
2010-03-11 00:00:00,25.439998000000003,17.190001000000002,16.530001000000002
2010-03-12 00:00:00,25.969999,17.25,16.32
2010-03-15 00:00:00,26.279999,17.16,16.459999
2010-03-16 00:00:00,26.789999,17.76,16.360001
2010-03-17 00:00:00,26.979999,18.1,16.5
2010-03-18 00:00:00,27.46,17.459999,16.559998999999998
2010-03-19 00:00:00,27.189999,17.25,16.440001000000002
2010-03-22 00:00:00,27.07,17.530001000000002,16.34
2010-03-23 00:00:00,27.049998,17.889999,16.030001000000002
2010-03-24 00:00:00,26.939999,17.290001,16.09
2010-03-25 00:00:00,27.559998,17.34,16.32
2010-03-26 00:00:00,27.449998,17.34,16.540001
2010-03-29 00:00:00,27.279999,17.559998999999998,16.559998999999998
2010-03-30 00:00:00,27.139999,17.629998999999998,16.610001
2010-03-31 00:00:00,26.97,17.4,16.530001000000002
2010-04-01 00:00:00,26.57,17.219998999999998,16.290001
2010-04-05 00:00:00,27.37,17.48,16.51
2010-04-06 00:00:00,27.27,17.049999,16.92
2010-04-07 00:00:00,26.849998,17.16,16.870001000000002
2010-04-08 00:00:00,26.46,16.879998999999998,17.35
2010-04-09 00:00:00,26.549998,16.99,17.52
2010-04-12 00:00:00,26.629999,17.299999,17.639999
2010-04-13 00:00:00,26.639999,17.66,18.18
2010-04-14 00:00:00,27.039999,17.879998999999998,18.379999
2010-04-15 00:00:00,26.979999,18.01,18.969999
2010-04-16 00:00:00,26.329999,17.059998999999998,18.17
2010-04-19 00:00:00,26.32,16.98,18.389999
2010-04-20 00:00:00,26.399998,17.040001,18.379999
2010-04-21 00:00:00,26.289999,16.6,17.450001
2010-04-22 00:00:00,24.779999,16.67,17.719998999999998
2010-04-23 00:00:00,24.55,16.440001000000002,17.639999
2010-04-26 00:00:00,24.559999,16.6,17.389999
2010-04-27 00:00:00,23.769999,16.129998999999998,16.92
2010-04-28 00:00:00,23.99,16.16,16.75
2010-04-29 00:00:00,24.24,16.65,16.969998999999998
2010-04-30 00:00:00,23.779998000000003,15.71,16.530001000000002
2010-05-03 00:00:00,23.909999,15.54,16.950001
2010-05-04 00:00:00,23.079998,14.75,16.32
2010-05-05 00:00:00,22.659999,14.5,16.49
2010-05-06 00:00:00,22.269998,14.2,15.92
2010-05-07 00:00:00,21.48,13.96,15.29
2010-05-10 00:00:00,22.33,14.56,16.33
2010-05-11 00:00:00,22.38,14.4,16.41
2010-05-12 00:00:00,22.509999,14.68,16.469998999999998
2010-05-13 00:00:00,22.68,14.65,16.139999
2010-05-14 00:00:00,22.249999,12.96,16.389999
2010-05-17 00:00:00,22.509999,12.99,16.27
2010-05-18 00:00:00,22.169998,12.56,16.030001000000002
2010-05-19 00:00:00,21.64,12.76,15.79
2010-05-20 00:00:00,20.809998,12.46,15.1
2010-05-21 00:00:00,21.42,12.73,15.48
2010-05-24 00:00:00,21.359999,12.36,15.54
2010-05-25 00:00:00,21.59,12.69,15.31
2010-05-26 00:00:00,21.38,12.75,15.45
2010-05-27 00:00:00,21.909999,13.5,15.69
2010-05-28 00:00:00,21.409999,13.14,15.34
2010-06-01 00:00:00,20.959999,12.58,15.02
2010-06-02 00:00:00,21.249999,12.72,15.18
2010-06-03 00:00:00,22.18,12.7,15.43
2010-06-04 00:00:00,21.99,12.1,15.0
2010-06-07 00:00:00,21.549999,11.5,14.94
2010-06-08 00:00:00,21.69,11.18,14.79
2010-06-09 00:00:00,21.78,10.91,14.69
2010-06-10 00:00:00,22.28,11.35,15.1
2010-06-11 00:00:00,22.649999,11.61,15.29
2010-06-14 00:00:00,22.209999,11.36,15.17
2010-06-15 00:00:00,22.39,11.92,15.65
2010-06-16 00:00:00,22.13,11.77,15.49
2010-06-17 00:00:00,22.099999,12.22,15.6
2010-06-18 00:00:00,22.159999,12.3,15.54
2010-06-21 00:00:00,21.869998,12.01,15.21
2010-06-22 00:00:00,21.559999,11.56,15.09
2010-06-23 00:00:00,21.34,11.69,15.23
2010-06-24 00:00:00,20.859998,11.11,14.83
2010-06-25 00:00:00,20.949999,11.08,14.81
2010-06-28 00:00:00,20.709998,11.1,14.73
2010-06-29 00:00:00,19.689999,10.48,14.04
2010-06-30 00:00:00,19.61,10.21,13.84
2010-07-01 00:00:00,19.639999,10.38,14.09
2010-07-02 00:00:00,19.26,10.25,14.07
2010-07-06 00:00:00,19.349999,10.14,14.13
2010-07-07 00:00:00,19.81,10.63,14.4
2010-07-08 00:00:00,19.889999,10.31,14.6
2010-07-09 00:00:00,20.289999,10.35,14.89
2010-07-12 00:00:00,20.22,10.54,14.94
2010-07-13 00:00:00,21.009999,10.92,15.52
2010-07-14 00:00:00,21.109999,11.03,15.37
2010-07-15 00:00:00,21.03,10.72,15.37
2010-07-16 00:00:00,20.089999,10.05,14.9
2010-07-19 00:00:00,20.399999,10.46,15.1
2010-07-20 00:00:00,20.789999,10.72,15.2
2010-07-21 00:00:00,20.17,10.37,13.91
2010-07-22 00:00:00,20.939999,10.54,13.88
2010-07-23 00:00:00,21.089999,10.36,13.99
2010-07-26 00:00:00,21.139999,10.55,14.15
2010-07-27 00:00:00,21.039999,10.46,13.95
2010-07-28 00:00:00,21.039999,10.13,13.87
2010-07-29 00:00:00,20.77,9.13,13.76
2010-07-30 00:00:00,20.909998,9.19,13.88
2010-08-02 00:00:00,21.459999,9.18,14.0
2010-08-03 00:00:00,20.97,8.94,13.94
2010-08-04 00:00:00,21.099999,9.32,14.18
2010-08-05 00:00:00,21.07,9.44,14.16
2010-08-06 00:00:00,21.449999,9.55,14.34
2010-08-09 00:00:00,21.98,9.64,14.4
2010-08-10 00:00:00,21.909999,9.24,14.35
2010-08-11 00:00:00,21.249999,8.88,13.87
2010-08-12 00:00:00,21.59,8.96,13.85
2010-08-13 00:00:00,21.499999,9.39,13.83
2010-08-16 00:00:00,22.049999,9.15,13.79
2010-08-17 00:00:00,22.349999,9.27,13.94
2010-08-18 00:00:00,22.74,9.32,13.99
2010-08-19 00:00:00,23.129998,9.88,13.85
2010-08-20 00:00:00,23.369999,9.97,13.79
2010-08-23 00:00:00,23.269999,9.82,13.65
2010-08-24 00:00:00,22.869999,9.72,13.4
2010-08-25 00:00:00,23.159999,9.92,13.26
2010-08-26 00:00:00,22.73,9.8,13.21
2010-08-27 00:00:00,23.179998,10.12,13.43
2010-08-30 00:00:00,23.129998,9.64,13.18
2010-08-31 00:00:00,23.229998,9.33,13.11
2010-09-01 00:00:00,24.029998000000003,9.4,13.37
2010-09-02 00:00:00,24.059999,9.57,13.51
2010-09-03 00:00:00,24.129998,9.9,13.62
2010-09-07 00:00:00,23.529998000000003,9.99,13.53
2010-09-08 00:00:00,24.569999,10.32,13.75
2010-09-09 00:00:00,24.3,10.18,13.65
2010-09-10 00:00:00,24.1,10.07,13.68
2010-09-13 00:00:00,24.3,10.64,13.73
2010-09-14 00:00:00,24.25,10.54,13.63
2010-09-15 00:00:00,24.19,10.56,14.27
2010-09-16 00:00:00,23.9,10.57,14.19
2010-09-17 00:00:00,24.219999,10.55,13.89
2010-09-20 00:00:00,24.65,10.71,13.86
2010-09-21 00:00:00,24.739998,11.29,14.18
2010-09-22 00:00:00,24.34,11.39,14.04
2010-09-23 00:00:00,24.25,11.62,14.17
2010-09-24 00:00:00,24.739998,12.26,14.5
2010-09-27 00:00:00,24.769999,12.0,14.28
2010-09-28 00:00:00,24.869999,11.97,14.39
2010-09-29 00:00:00,24.989998,11.88,14.34
2010-09-30 00:00:00,24.4,11.68,14.17
2010-10-01 00:00:00,24.459999,11.35,14.27
2010-10-04 00:00:00,24.079998,11.24,14.28
2010-10-05 00:00:00,24.589998,11.32,14.61
2010-10-06 00:00:00,24.45,10.78,14.52
2010-10-07 00:00:00,24.75,10.7,14.23
2010-10-08 00:00:00,24.61,10.86,14.49
2010-10-11 00:00:00,24.29,10.81,14.41
2010-10-12 00:00:00,24.45,11.02,14.43
2010-10-13 00:00:00,24.869999,11.34,15.25
2010-10-14 00:00:00,25.279999,11.16,15.93
2010-10-15 00:00:00,25.679999,11.29,16.25
2010-10-18 00:00:00,25.719999,11.36,15.93
2010-10-19 00:00:00,25.529999,11.29,15.49
2010-10-20 00:00:00,25.66,11.29,15.8
2010-10-21 00:00:00,27.199998,11.09,15.97
2010-10-22 00:00:00,28.07,11.8,16.309998999999998
2010-10-25 00:00:00,27.93,11.91,16.4
2010-10-26 00:00:00,28.749999,11.87,16.459999
2010-10-27 00:00:00,29.28,12.04,16.42
2010-10-28 00:00:00,29.719998,12.05,16.4
2010-10-29 00:00:00,29.859999,12.02,16.49
2010-11-01 00:00:00,29.359999,12.04,16.15
2010-11-02 00:00:00,30.069998,12.29,16.190001000000002
2010-11-03 00:00:00,30.109999,12.38,16.17
2010-11-04 00:00:00,30.149999,12.4,16.200001
2010-11-05 00:00:00,30.869999,12.61,16.27
2010-11-08 00:00:00,30.84,12.66,16.440001000000002
2010-11-09 00:00:00,30.529998,12.59,16.969998999999998
2010-11-10 00:00:00,30.929998,12.74,16.940001000000002
2010-11-11 00:00:00,30.79,12.61,16.799999
2010-11-12 00:00:00,30.14,13.26,16.549999
2010-11-15 00:00:00,30.059999,13.1,16.6
2010-11-16 00:00:00,29.769998,12.71,16.24
2010-11-17 00:00:00,30.14,12.92,16.15
2010-11-18 00:00:00,30.569998,13.32,16.99
2010-11-19 00:00:00,30.299999,13.75,16.57
2010-11-22 00:00:00,30.64,13.76,16.559998999999998
2010-11-23 00:00:00,30.18,13.44,16.190001000000002
2010-11-24 00:00:00,31.209999,13.77,16.41
2010-11-26 00:00:00,31.149999,13.6,16.219998999999998
2010-11-29 00:00:00,30.23,13.75,16.379998999999998
2010-11-30 00:00:00,29.139999,13.61,15.82
2010-12-01 00:00:00,29.259999,14.21,16.15
2010-12-02 00:00:00,29.909999,14.38,16.33
2010-12-03 00:00:00,29.609999,14.79,16.35
2010-12-06 00:00:00,29.489999,14.51,16.33
2010-12-07 00:00:00,29.999999,14.98,16.940001000000002
2010-12-08 00:00:00,30.149999,15.11,17.02
2010-12-09 00:00:00,30.349999,14.86,16.950001
2010-12-10 00:00:00,30.69,14.95,17.01
2010-12-13 00:00:00,30.28,14.57,16.700001
2010-12-14 00:00:00,30.749999,14.59,16.629998999999998
2010-12-15 00:00:00,30.19,14.27,16.450001
2010-12-16 00:00:00,30.529998,14.29,16.51
2010-12-17 00:00:00,29.819998,14.37,16.379998999999998
2010-12-20 00:00:00,29.58,14.31,16.280001000000002
2010-12-21 00:00:00,28.649999,14.87,16.6
2010-12-22 00:00:00,28.57,15.03,16.629998999999998
2010-12-23 00:00:00,28.32,14.92,16.719998999999998
2010-12-27 00:00:00,28.309998,15.0,16.48
2010-12-28 00:00:00,28.349999,14.94,16.43
2010-12-29 00:00:00,28.359998,14.94,16.610001
2010-12-30 00:00:00,28.13,14.99,16.76
2010-12-31 00:00:00,27.829999,15.4,16.629998999999998
2011-01-03 00:00:00,28.68,nan,16.75
2011-01-04 00:00:00,28.47,nan,16.59
2011-01-05 00:00:00,28.73,nan,16.91
2011-01-06 00:00:00,28.42,nan,17.059998999999998
2011-01-07 00:00:00,27.699999,nan,16.9
2011-01-10 00:00:00,28.259998,nan,16.6
2011-01-11 00:00:00,28.359998,nan,16.58
2011-01-12 00:00:00,28.83,nan,16.65
2011-01-13 00:00:00,28.709998,nan,16.75
2011-01-14 00:00:00,29.18,nan,16.809998999999998
2011-01-18 00:00:00,29.449999,nan,16.5
2011-01-19 00:00:00,29.099999,nan,16.309998999999998
2011-01-20 00:00:00,30.779998,nan,16.23
2011-01-21 00:00:00,30.019998,nan,15.97
2011-01-24 00:00:00,30.509999,nan,16.09
2011-01-25 00:00:00,30.909999,nan,16.02
2011-01-26 00:00:00,31.059999,nan,15.57
2011-01-27 00:00:00,30.959999,nan,16.200001
2011-01-28 00:00:00,30.309999,nan,15.83
2011-01-31 00:00:00,30.359999,nan,16.120001000000002
2011-02-01 00:00:00,31.64,nan,16.379998999999998
2011-02-02 00:00:00,31.879998,nan,16.57
2011-02-03 00:00:00,32.05,nan,16.690001000000002
2011-02-04 00:00:00,32.209999,nan,16.790001
2011-02-07 00:00:00,32.239998,nan,16.799999
2011-02-08 00:00:00,32.639998,nan,16.6
2011-02-09 00:00:00,31.95,nan,16.43
2011-02-10 00:00:00,34.489999,nan,16.620001000000002
2011-02-11 00:00:00,34.51,nan,16.85
2011-02-14 00:00:00,33.86,nan,16.889999
2011-02-15 00:00:00,34.46,nan,17.200001
2011-02-16 00:00:00,34.46,nan,17.76
2011-02-17 00:00:00,34.689999,nan,17.77
2011-02-18 00:00:00,34.529999,nan,17.66
2011-02-22 00:00:00,33.649998,nan,16.91
2011-02-23 00:00:00,32.85,nan,16.58
2011-02-24 00:00:00,33.089998,nan,16.370001000000002
2011-02-25 00:00:00,33.629999,nan,16.5
2011-02-28 00:00:00,33.51,nan,16.4
2011-03-01 00:00:00,32.289998,nan,16.1
2011-03-02 00:00:00,32.679999,nan,16.629998999999998
2011-03-03 00:00:00,32.929999,nan,16.860001
2011-03-04 00:00:00,32.009999,nan,17.08
2011-03-07 00:00:00,31.5,nan,16.700001
2011-03-08 00:00:00,31.669999,nan,16.940001000000002
2011-03-09 00:00:00,31.329998,nan,17.65
2011-03-10 00:00:00,31.079998,nan,17.059998999999998
2011-03-11 00:00:00,30.919999,nan,17.42
2011-03-14 00:00:00,30.769998,nan,17.309998999999998
2011-03-15 00:00:00,30.44,nan,16.33
2011-03-16 00:00:00,29.73,nan,15.91
2011-03-17 00:00:00,29.949999,nan,15.86
2011-03-18 00:00:00,30.469998,nan,16.030001000000002
2011-03-21 00:00:00,30.579998,nan,16.290001
2011-03-22 00:00:00,30.219998,nan,16.360001
2011-03-23 00:00:00,30.669998,nan,16.129998999999998
2011-03-24 00:00:00,31.759999,nan,16.83
2011-03-25 00:00:00,31.7,nan,16.959999
2011-03-28 00:00:00,30.34,nan,16.58
2011-03-29 00:00:00,31.079998,nan,16.75
2011-03-30 00:00:00,31.629998,nan,16.74
2011-03-31 00:00:00,31.04,nan,16.68
2011-04-01 00:00:00,31.359999,nan,16.84
2011-04-04 00:00:00,31.39,nan,16.870001000000002
2011-04-05 00:00:00,31.84,nan,17.110001
2011-04-06 00:00:00,31.85,nan,17.049999
2011-04-07 00:00:00,31.529998,nan,17.0
2011-04-08 00:00:00,31.14,nan,16.77
2011-04-11 00:00:00,31.19,nan,16.59
2011-04-12 00:00:00,30.699999,nan,16.360001
2011-04-13 00:00:00,30.669998,nan,16.639999
2011-04-14 00:00:00,30.849999,nan,16.690001000000002
2011-04-15 00:00:00,31.609999,nan,16.620001000000002
2011-04-18 00:00:00,31.149999,nan,16.35
2011-04-19 00:00:00,31.149999,nan,16.120001000000002
2011-04-20 00:00:00,31.759999,nan,16.870001000000002
2011-04-21 00:00:00,31.95,nan,16.85
2011-04-25 00:00:00,32.96,nan,17.110001
2011-04-26 00:00:00,33.079999,nan,17.280001000000002
2011-04-27 00:00:00,34.029999,nan,17.26
2011-04-28 00:00:00,33.999998,nan,17.51
2011-04-29 00:00:00,34.389999,nan,17.700001
2011-05-02 00:00:00,33.639998,nan,nan
2011-05-03 00:00:00,33.539998,nan,nan
2011-05-04 00:00:00,33.01,nan,nan
2011-05-05 00:00:00,32.679999,nan,nan
2011-05-06 00:00:00,32.719999,nan,nan
2011-05-09 00:00:00,33.119999,nan,nan
2011-05-10 00:00:00,33.929999,nan,nan
2011-05-11 00:00:00,33.31,nan,nan
2011-05-12 00:00:00,33.579999,nan,nan
2011-05-13 00:00:00,33.569999,nan,nan
2011-05-16 00:00:00,32.369999,nan,nan
2011-05-17 00:00:00,32.65,nan,nan
2011-05-18 00:00:00,32.879999,nan,nan
2011-05-19 00:00:00,32.9,nan,nan
2011-05-20 00:00:00,32.479997999999995,nan,nan
2011-05-23 00:00:00,31.629998,nan,nan
2011-05-24 00:00:00,30.819998,nan,nan
2011-05-25 00:00:00,30.699999,nan,nan
2011-05-26 00:00:00,30.659999,nan,nan
2011-05-27 00:00:00,30.679998,nan,nan
2011-05-31 00:00:00,31.169999,nan,nan
2011-06-01 00:00:00,30.64,nan,nan
2011-06-02 00:00:00,31.279998,nan,nan
2011-06-03 00:00:00,30.299999,nan,nan
2011-06-06 00:00:00,29.559999,nan,nan
2011-06-07 00:00:00,29.919998,nan,nan
2011-06-08 00:00:00,30.569998,nan,nan
2011-06-09 00:00:00,30.659999,nan,nan
2011-06-10 00:00:00,29.959999,nan,nan
2011-06-13 00:00:00,29.859999,nan,nan
2011-06-14 00:00:00,29.759999,nan,nan
2011-06-15 00:00:00,28.659998,nan,nan
2011-06-16 00:00:00,28.47,nan,nan
2011-06-17 00:00:00,28.83,nan,nan
2011-06-20 00:00:00,28.82,nan,nan
2011-06-21 00:00:00,29.78,nan,nan
2011-06-22 00:00:00,29.349999,nan,nan
2011-06-23 00:00:00,29.249999,nan,nan
2011-06-24 00:00:00,28.349999,nan,nan
2011-06-27 00:00:00,28.709998,nan,nan
2011-06-28 00:00:00,28.959998,nan,nan
2011-06-29 00:00:00,30.859999,nan,nan
2011-06-30 00:00:00,32.269999,nan,nan
2011-07-01 00:00:00,32.739998,nan,nan
2011-07-05 00:00:00,32.639998,nan,nan
2011-07-06 00:00:00,32.919999,nan,nan
2011-07-07 00:00:00,33.329999,nan,nan
2011-07-08 00:00:00,33.419999,nan,nan
2011-07-11 00:00:00,32.91,nan,nan
2011-07-12 00:00:00,32.259999,nan,nan
2011-07-13 00:00:00,32.379998,nan,nan
2011-07-14 00:00:00,32.189998,nan,nan
2011-07-15 00:00:00,32.809999,nan,nan
2011-07-18 00:00:00,32.7,nan,nan
2011-07-19 00:00:00,33.76,nan,nan
2011-07-20 00:00:00,33.169999,nan,nan
2011-07-21 00:00:00,33.439998,nan,nan
2011-07-22 00:00:00,33.499998,nan,nan
2011-07-25 00:00:00,33.799997999999995,nan,nan
2011-07-26 00:00:00,34.419999,nan,nan
2011-07-27 00:00:00,33.36,nan,nan
2011-07-28 00:00:00,33.35,nan,nan
2011-07-29 00:00:00,32.75,nan,nan
2011-08-01 00:00:00,33.019999,nan,nan
2011-08-02 00:00:00,31.75,nan,nan
2011-08-03 00:00:00,32.25,nan,nan
2011-08-04 00:00:00,30.04,nan,nan
2011-08-05 00:00:00,29.299999,nan,nan
2011-08-08 00:00:00,26.949998,nan,nan
2011-08-09 00:00:00,30.159999,nan,nan
2011-08-10 00:00:00,29.149999,nan,nan
2011-08-11 00:00:00,30.199999,nan,nan
2011-08-12 00:00:00,30.529998,nan,nan
2011-08-15 00:00:00,30.89,nan,nan
2011-08-16 00:00:00,30.359999,nan,nan
2011-08-17 00:00:00,30.249999,nan,nan
2011-08-18 00:00:00,27.939999,nan,nan
2011-08-19 00:00:00,27.16,nan,nan
2011-08-22 00:00:00,27.36,nan,nan
2011-08-23 00:00:00,28.92,nan,nan
2011-08-24 00:00:00,29.049999,nan,nan
2011-08-25 00:00:00,28.33,nan,nan
2011-08-26 00:00:00,29.459999,nan,nan
2011-08-29 00:00:00,30.49,nan,nan
2011-08-30 00:00:00,30.949999,nan,nan
2011-08-31 00:00:00,30.869999,nan,nan
2011-09-01 00:00:00,30.39,nan,nan
2011-09-02 00:00:00,29.409999,nan,nan
2011-09-06 00:00:00,29.269998,nan,nan
2011-09-07 00:00:00,29.749999,nan,nan
2011-09-08 00:00:00,30.509999,nan,nan
2011-09-09 00:00:00,28.459998,nan,nan
2011-09-12 00:00:00,29.419998,nan,nan
2011-09-13 00:00:00,29.399999,nan,nan
2011-09-14 00:00:00,30.14,nan,nan
2011-09-15 00:00:00,32.039998,nan,nan
2011-09-16 00:00:00,33.689998,nan,nan
2011-09-19 00:00:00,33.1,nan,nan
2011-09-20 00:00:00,32.729999,nan,nan
2011-09-21 00:00:00,32.239998,nan,nan
2011-09-22 00:00:00,31.669999,nan,nan
2011-09-23 00:00:00,32.079998,nan,nan
2011-09-26 00:00:00,32.55,nan,nan
2011-09-27 00:00:00,32.519999,nan,nan
2011-09-28 00:00:00,31.64,nan,nan
2011-09-29 00:00:00,30.669998,nan,nan
2011-09-30 00:00:00,29.489999,nan,nan
2011-10-03 00:00:00,28.109998,nan,nan
2011-10-04 00:00:00,29.349999,nan,nan
2011-10-05 00:00:00,30.529998,nan,nan
2011-10-06 00:00:00,31.44,nan,nan
2011-10-07 00:00:00,31.069999,nan,nan
2011-10-10 00:00:00,32.3,nan,nan
2011-10-11 00:00:00,32.829999,nan,nan
2011-10-12 00:00:00,32.75,nan,nan
2011-10-13 00:00:00,32.739998,nan,nan
2011-10-14 00:00:00,33.689998,nan,nan
2011-10-17 00:00:00,33.219999,nan,nan
2011-10-18 00:00:00,33.869999,nan,nan
2011-10-19 00:00:00,33.179999,nan,nan
2011-10-20 00:00:00,32.15,nan,nan
2011-10-21 00:00:00,32.119999,nan,nan
2011-10-24 00:00:00,32.369999,nan,nan
2011-10-25 00:00:00,31.669999,nan,nan
2011-10-26 00:00:00,31.079998,nan,nan
2011-10-27 00:00:00,32.289998,nan,nan
2011-10-28 00:00:00,33.25,nan,nan
2011-10-31 00:00:00,31.829998,nan,nan
2011-11-01 00:00:00,30.89,nan,nan
2011-11-02 00:00:00,31.779998,nan,nan
2011-11-03 00:00:00,33.05,nan,nan
2011-11-04 00:00:00,32.709999,nan,nan
2011-11-07 00:00:00,32.469999,nan,nan
2011-11-08 00:00:00,32.919999,nan,nan
2011-11-09 00:00:00,31.179998,nan,nan
2011-11-10 00:00:00,30.749999,nan,nan
2011-11-11 00:00:00,31.759999,nan,nan
2011-11-14 00:00:00,31.409999,nan,nan
2011-11-15 00:00:00,31.45,nan,nan
2011-11-16 00:00:00,30.54,nan,nan
2011-11-17 00:00:00,29.649999,nan,nan
2011-11-18 00:00:00,29.809999,nan,nan
2011-11-21 00:00:00,28.749999,nan,nan
2011-11-22 00:00:00,29.039999,nan,nan
2011-11-23 00:00:00,28.549999,nan,nan
2011-11-25 00:00:00,28.23,nan,nan
2011-11-28 00:00:00,29.659999,nan,nan
2011-11-29 00:00:00,28.749999,nan,nan
2011-11-30 00:00:00,29.59,nan,nan
2011-12-01 00:00:00,29.68,nan,nan
2011-12-02 00:00:00,29.599999,nan,nan
2011-12-05 00:00:00,30.699999,nan,nan
2011-12-06 00:00:00,30.899999,nan,nan
2011-12-07 00:00:00,30.94,nan,nan
2011-12-08 00:00:00,31.029998,nan,nan
2011-12-09 00:00:00,31.64,nan,nan
2011-12-12 00:00:00,31.129998,nan,nan
2011-12-13 00:00:00,30.84,nan,nan
2011-12-14 00:00:00,30.269998,nan,nan
2011-12-15 00:00:00,29.599999,nan,nan
2011-12-16 00:00:00,30.399999,nan,nan
2011-12-19 00:00:00,29.769998,nan,nan
2011-12-20 00:00:00,30.629998,nan,nan
2011-12-21 00:00:00,30.34,nan,nan
2011-12-22 00:00:00,30.609999,nan,nan
2011-12-23 00:00:00,30.84,nan,nan
2011-12-27 00:00:00,30.919999,nan,nan
2011-12-28 00:00:00,30.409999,nan,nan
2011-12-29 00:00:00,30.359999,nan,nan
2011-12-30 00:00:00,30.33,nan,nan
2012-01-03 00:00:00,31.34,nan,nan
2012-01-04 00:00:00,30.159999,nan,nan
2012-01-05 00:00:00,30.709999,nan,nan
2012-01-06 00:00:00,30.629998,nan,nan
2012-01-09 00:00:00,30.509999,nan,nan
2012-01-10 00:00:00,31.2,nan,nan
2012-01-11 00:00:00,31.519999,nan,nan
2012-01-12 00:00:00,31.579998,nan,nan
2012-01-13 00:00:00,30.619998,nan,nan
2012-01-17 00:00:00,30.529998,nan,nan
2012-01-18 00:00:00,30.34,nan,nan
2012-01-19 00:00:00,31.509999,nan,nan
2012-01-20 00:00:00,31.929998,nan,nan
2012-01-23 00:00:00,31.989998,nan,nan
2012-01-24 00:00:00,31.95,nan,nan
2012-01-25 00:00:00,31.939998,nan,nan
2012-01-26 00:00:00,31.709999,nan,nan
2012-01-27 00:00:00,31.85,nan,nan
2012-01-30 00:00:00,31.579998,nan,nan
2012-01-31 00:00:00,31.6,nan,nan
2012-02-01 00:00:00,32.2,nan,nan
2012-02-02 00:00:00,32.7,nan,nan
2012-02-03 00:00:00,32.95,nan,nan
2012-02-06 00:00:00,32.639998,nan,nan
2012-02-07 00:00:00,32.869999,nan,nan
2012-02-08 00:00:00,33.05,nan,nan
2012-02-09 00:00:00,33.26,nan,nan
2012-02-10 00:00:00,33.029999,nan,nan
2012-02-13 00:00:00,33.16,nan,nan
2012-02-14 00:00:00,32.96,nan,nan
2012-02-15 00:00:00,33.31,nan,nan
2012-02-16 00:00:00,34.51,nan,nan
2012-02-17 00:00:00,35.059998,nan,nan
2012-02-21 00:00:00,35.139999,nan,nan
2012-02-22 00:00:00,34.67,nan,nan
2012-02-23 00:00:00,36.02,nan,nan
2012-02-24 00:00:00,36.359998,nan,nan
2012-02-27 00:00:00,36.559998,nan,nan
2012-02-28 00:00:00,36.619998,nan,nan
2012-02-29 00:00:00,35.739999,nan,nan
2012-03-01 00:00:00,36.37,nan,nan
2012-03-02 00:00:00,36.249999,nan,nan
2012-03-05 00:00:00,35.72,nan,nan
2012-03-06 00:00:00,35.109998,nan,nan
2012-03-07 00:00:00,35.589999,nan,nan
2012-03-08 00:00:00,35.779999,nan,nan
2012-03-09 00:00:00,36.249999,nan,nan
2012-03-12 00:00:00,36.18,nan,nan
2012-03-13 00:00:00,37.33,nan,nan
2012-03-14 00:00:00,37.619998,nan,nan
2012-03-15 00:00:00,36.83,nan,nan
2012-03-16 00:00:00,37.689999,nan,nan
2012-03-19 00:00:00,37.79,nan,nan
2012-03-20 00:00:00,37.389999,nan,nan
2012-03-21 00:00:00,37.419998,nan,nan
2012-03-22 00:00:00,37.619998,nan,nan
2012-03-23 00:00:00,37.089999,nan,nan
2012-03-26 00:00:00,38.079998,nan,nan
2012-03-27 00:00:00,37.869998,nan,nan
2012-03-28 00:00:00,37.239999,nan,nan
2012-03-29 00:00:00,36.989999,nan,nan
2012-03-30 00:00:00,36.899999,nan,nan
2012-04-02 00:00:00,36.589999,nan,15.46
2012-04-03 00:00:00,36.63,nan,15.18
2012-04-04 00:00:00,35.729999,nan,15.27
2012-04-05 00:00:00,35.62,nan,15.07
2012-04-09 00:00:00,36.299999,nan,15.1
2012-04-10 00:00:00,35.47,nan,14.99
2012-04-11 00:00:00,35.759998,nan,14.88
2012-04-12 00:00:00,36.459998,nan,15.06
2012-04-13 00:00:00,36.12,nan,14.87
2012-04-16 00:00:00,35.499998,nan,14.79
2012-04-17 00:00:00,36.079999,nan,15.01
2012-04-18 00:00:00,35.87,nan,15.49
2012-04-19 00:00:00,40.619997,nan,15.4
2012-04-20 00:00:00,40.29,nan,15.6
2012-04-23 00:00:00,39.649997,nan,15.33
2012-04-24 00:00:00,39.299997,nan,15.43
2012-04-25 00:00:00,39.859999,nan,15.5
2012-04-26 00:00:00,41.049998,nan,15.53
2012-04-27 00:00:00,41.229999,nan,15.57
2012-04-30 00:00:00,41.019997,nan,15.54
2012-05-01 00:00:00,40.749998,nan,15.63
2012-05-02 00:00:00,41.16,nan,15.67
2012-05-03 00:00:00,40.379998,nan,15.4
2012-05-04 00:00:00,39.44,nan,15.15
2012-05-07 00:00:00,40.070001,nan,15.35
2012-05-08 00:00:00,40.19,nan,15.36
2012-05-09 00:00:00,40.559999,nan,15.3
2012-05-10 00:00:00,41.21,nan,15.44
2012-05-11 00:00:00,40.74,nan,15.19
2012-05-14 00:00:00,40.249997,nan,15.5
2012-05-15 00:00:00,40.049997,nan,15.4
2012-05-16 00:00:00,39.859999,nan,15.28
2012-05-17 00:00:00,39.029998,nan,14.87
2012-05-18 00:00:00,38.359999,nan,15.42
2012-05-21 00:00:00,39.509999,nan,15.58
2012-05-22 00:00:00,39.220001,nan,15.29
2012-05-23 00:00:00,39.679998,nan,15.38
2012-05-24 00:00:00,39.659999,nan,15.35
2012-05-25 00:00:00,40.349997,nan,15.36
2012-05-29 00:00:00,41.490001,nan,15.47
2012-05-30 00:00:00,39.59,nan,15.25
2012-05-31 00:00:00,39.19,nan,15.24
2012-06-01 00:00:00,38.820001,nan,14.92
2012-06-04 00:00:00,39.159999,nan,15.01
2012-06-05 00:00:00,39.759999,nan,15.1
2012-06-06 00:00:00,40.94,nan,15.36
2012-06-07 00:00:00,40.899998,nan,15.36
2012-06-08 00:00:00,41.049998,nan,15.65
2012-06-11 00:00:00,40.929999,nan,15.3
2012-06-12 00:00:00,40.909999,nan,15.47
2012-06-13 00:00:00,40.169997,nan,15.34
2012-06-14 00:00:00,40.129998,nan,15.36
2012-06-15 00:00:00,40.669997,nan,15.36
2012-06-18 00:00:00,42.490001,nan,15.49
2012-06-19 00:00:00,43.499998,nan,15.65
2012-06-20 00:00:00,42.949998,nan,15.74
2012-06-21 00:00:00,41.829999,nan,15.52
2012-06-22 00:00:00,42.799998,nan,15.61
2012-06-25 00:00:00,41.81,nan,15.44
2012-06-26 00:00:00,42.499998,nan,15.35
2012-06-27 00:00:00,42.290001,nan,15.52
2012-06-28 00:00:00,40.779999,nan,15.45
2012-06-29 00:00:00,42.01,nan,15.83
2012-07-02 00:00:00,41.219997,nan,15.84
2012-07-03 00:00:00,41.199998,nan,15.98
2012-07-05 00:00:00,40.929999,nan,15.85
2012-07-06 00:00:00,40.409999,nan,15.78
2012-07-09 00:00:00,40.679998,nan,15.75
2012-07-10 00:00:00,39.679998,nan,15.82
2012-07-11 00:00:00,39.129998,nan,15.8
2012-07-12 00:00:00,39.309999,nan,15.69
2012-07-13 00:00:00,39.949997,nan,15.74
2012-07-16 00:00:00,38.599997,nan,15.65
2012-07-17 00:00:00,39.070001,nan,15.6
2012-07-18 00:00:00,40.459999,nan,15.7
2012-07-19 00:00:00,43.949998,nan,15.73
2012-07-20 00:00:00,44.849999,nan,15.92
2012-07-23 00:00:00,44.239997,nan,15.76
2012-07-24 00:00:00,43.519997,nan,15.43
2012-07-25 00:00:00,43.189996,nan,15.5
2012-07-26 00:00:00,43.789997,nan,15.8
2012-07-27 00:00:00,45.219998,nan,16.110001
2012-07-30 00:00:00,45.599999,nan,15.98
2012-07-31 00:00:00,44.299999,nan,15.84
2012-08-01 00:00:00,43.889997,nan,15.99
2012-08-02 00:00:00,43.769998,nan,15.75
2012-08-03 00:00:00,44.499999,nan,15.97
2012-08-06 00:00:00,44.769998,nan,16.040001
2012-08-07 00:00:00,45.610001,nan,16.219998999999998
2012-08-08 00:00:00,44.939997,nan,16.17
2012-08-09 00:00:00,44.269998,nan,16.01
2012-08-10 00:00:00,43.989997,nan,15.15
2012-08-13 00:00:00,45.319998,nan,15.02
2012-08-14 00:00:00,45.360001,nan,14.73
2012-08-15 00:00:00,44.98,nan,14.76
2012-08-16 00:00:00,45.789997,nan,14.99
2012-08-17 00:00:00,46.869998,nan,15.03
2012-08-20 00:00:00,46.399999,nan,14.96
2012-08-21 00:00:00,45.849999,nan,14.97
2012-08-22 00:00:00,46.999999,nan,14.92
2012-08-23 00:00:00,46.809997,nan,14.87
2012-08-24 00:00:00,47.099999,nan,14.92
2012-08-27 00:00:00,46.98,nan,14.85
2012-08-28 00:00:00,46.939997,nan,14.72
2012-08-29 00:00:00,47.489998,nan,14.84
2012-08-30 00:00:00,46.549999,nan,14.67
2012-08-31 00:00:00,47.469999,nan,14.65
2012-09-04 00:00:00,47.359997,nan,14.89
2012-09-05 00:00:00,47.159997,nan,15.09
2012-09-06 00:00:00,48.909997,nan,15.11
2012-09-07 00:00:00,49.239998,nan,15.22
2012-09-10 00:00:00,48.530001,nan,15.11
2012-09-11 00:00:00,48.330001,nan,15.16
2012-09-12 00:00:00,47.989998,nan,15.4
2012-09-13 00:00:00,48.880001,nan,15.6
2012-09-14 00:00:00,49.969999,nan,15.77
2012-09-17 00:00:00,50.479997,nan,15.68
2012-09-18 00:00:00,49.959997,nan,15.91
2012-09-19 00:00:00,50.389998,nan,15.86
2012-09-20 00:00:00,50.079997,nan,15.79
2012-09-21 00:00:00,49.469999,nan,15.74
2012-09-24 00:00:00,49.309997,nan,16.0
2012-09-25 00:00:00,48.030001,nan,15.68
2012-09-26 00:00:00,47.539998,nan,15.61
2012-09-27 00:00:00,49.119999,nan,16.040001
2012-09-28 00:00:00,48.369999,nan,15.98
2012-10-01 00:00:00,48.230001,nan,15.83
2012-10-02 00:00:00,48.4,nan,15.94
2012-10-03 00:00:00,48.589998,nan,16.209999
2012-10-04 00:00:00,49.489998,nan,16.27
2012-10-05 00:00:00,48.730001,nan,16.09
2012-10-08 00:00:00,47.919999,nan,16.030001000000002
2012-10-09 00:00:00,46.219998,nan,15.85
2012-10-10 00:00:00,46.759997,nan,15.83
2012-10-11 00:00:00,47.489998,nan,15.92
2012-10-12 00:00:00,47.85,nan,15.88
2012-10-15 00:00:00,47.399999,nan,15.68
2012-10-16 00:00:00,48.239998,nan,15.92
2012-10-17 00:00:00,48.2,nan,16.09
2012-10-18 00:00:00,50.829997,nan,16.0
2012-10-19 00:00:00,49.969999,nan,15.84
2012-10-22 00:00:00,50.15,nan,15.77
2012-10-23 00:00:00,49.35,nan,16.67
2012-10-24 00:00:00,48.880001,nan,16.549999
2012-10-25 00:00:00,48.339998,nan,16.610001
2012-10-26 00:00:00,49.509997,nan,16.790001
2012-10-31 00:00:00,48.259997,nan,16.84
2012-11-01 00:00:00,49.219999,nan,16.950001
2012-11-02 00:00:00,48.689998,nan,17.110001
2012-11-05 00:00:00,49.35,nan,17.370001000000002
2012-11-06 00:00:00,49.489998,nan,17.459999
2012-11-07 00:00:00,48.4,nan,17.389999
2012-11-08 00:00:00,47.869999,nan,17.24
2012-11-09 00:00:00,47.73,nan,17.26
2012-11-12 00:00:00,47.469999,nan,17.51
2012-11-13 00:00:00,47.739998,nan,17.85
2012-11-14 00:00:00,46.469998,nan,17.83
2012-11-15 00:00:00,46.519998,nan,17.889999
2012-11-16 00:00:00,47.259997,nan,17.860001
2012-11-19 00:00:00,47.919999,nan,18.360001
2012-11-20 00:00:00,48.259997,nan,18.24
2012-11-21 00:00:00,48.630001,nan,18.4
2012-11-23 00:00:00,49.009997,nan,18.57
2012-11-26 00:00:00,51.400001,nan,18.76
2012-11-27 00:00:00,51.15,nan,18.93
2012-11-28 00:00:00,51.47,nan,18.91
2012-11-29 00:00:00,52.199996,nan,18.870001
2012-11-30 00:00:00,52.82,nan,18.77
2012-12-03 00:00:00,52.039999,nan,18.549999
2012-12-04 00:00:00,51.989999,nan,18.93
2012-12-05 00:00:00,52.02,nan,18.889999
2012-12-06 00:00:00,51.989999,nan,19.200001
2012-12-07 00:00:00,51.739999,nan,19.200001
2012-12-10 00:00:00,51.17,nan,19.43
2012-12-11 00:00:00,51.989999,nan,19.52
2012-12-12 00:00:00,51.859998,nan,19.379999
2012-12-13 00:00:00,51.02,nan,19.35
2012-12-14 00:00:00,50.359998,nan,19.639999
2012-12-17 00:00:00,51.309998,nan,19.690001
2012-12-18 00:00:00,51.909998,nan,19.620001
2012-12-19 00:00:00,51.339999,nan,19.6
2012-12-20 00:00:00,52.139999,nan,19.690001
2012-12-21 00:00:00,51.350001,nan,19.35
2012-12-24 00:00:00,51.079997,nan,19.65
2012-12-26 00:00:00,50.239998,nan,19.57
2012-12-27 00:00:00,50.289998,nan,19.6
2012-12-28 00:00:00,49.809997,nan,19.5
2012-12-31 00:00:00,51.0,nan,19.9
2013-01-02 00:00:00,nan,12.72,20.08
2013-01-03 00:00:00,nan,12.73,19.780001
2013-01-04 00:00:00,nan,13.15,19.860001
2013-01-07 00:00:00,nan,12.77,19.4
2013-01-08 00:00:00,nan,12.49,19.66
2013-01-09 00:00:00,nan,12.21,19.32
2013-01-10 00:00:00,nan,12.23,18.99
2013-01-11 00:00:00,nan,12.21,19.290001
2013-01-14 00:00:00,nan,12.2,19.43
2013-01-15 00:00:00,nan,11.98,19.52
2013-01-16 00:00:00,nan,12.09,20.07
2013-01-17 00:00:00,nan,12.25,20.129999
2013-01-18 00:00:00,nan,12.17,20.02
2013-01-22 00:00:00,nan,12.11,19.9
2013-01-23 00:00:00,nan,12.13,20.110001
2013-01-24 00:00:00,nan,12.19,20.440001
2013-01-25 00:00:00,nan,12.41,20.370001
2013-01-28 00:00:00,nan,12.61,20.309999
2013-01-29 00:00:00,nan,12.34,19.700001
2013-01-30 00:00:00,nan,12.32,20.120001
2013-01-31 00:00:00,nan,12.26,19.629999
2013-02-01 00:00:00,nan,12.37,19.76
2013-02-04 00:00:00,nan,12.16,19.34
2013-02-05 00:00:00,nan,12.44,19.66
2013-02-06 00:00:00,nan,12.34,19.85
2013-02-07 00:00:00,nan,12.29,20.32
2013-02-08 00:00:00,nan,12.37,20.5
2013-02-11 00:00:00,nan,12.51,20.9
2013-02-12 00:00:00,nan,12.43,21.209999
2013-02-13 00:00:00,nan,12.37,21.15
2013-02-14 00:00:00,nan,12.73,21.18
2013-02-15 00:00:00,nan,12.73,21.02
2013-02-19 00:00:00,nan,12.56,21.290001
2013-02-20 00:00:00,nan,12.38,20.92
2013-02-21 00:00:00,nan,12.29,20.83
2013-02-22 00:00:00,nan,12.52,21.219999
2013-02-25 00:00:00,nan,12.3,20.73
2013-02-26 00:00:00,nan,12.37,20.76
2013-02-27 00:00:00,nan,12.6,21.16
2013-02-28 00:00:00,nan,12.66,21.309999
2013-03-01 00:00:00,nan,12.71,21.940001
2013-03-04 00:00:00,nan,12.66,22.700001
2013-03-05 00:00:00,nan,12.8,22.950001
2013-03-06 00:00:00,nan,12.79,22.799999
2013-03-07 00:00:00,nan,12.76,22.700001
2013-03-08 00:00:00,nan,12.82,22.9
2013-03-11 00:00:00,nan,12.7,22.6
2013-03-12 00:00:00,nan,12.74,22.4
2013-03-13 00:00:00,nan,12.74,22.34
2013-03-14 00:00:00,nan,12.75,22.43
2013-03-15 00:00:00,nan,12.64,22.07
2013-03-18 00:00:00,nan,12.55,22.01
2013-03-19 00:00:00,nan,12.47,22.17
2013-03-20 00:00:00,nan,12.62,22.1
2013-03-21 00:00:00,nan,12.42,22.860001
2013-03-22 00:00:00,nan,12.48,23.26
2013-03-25 00:00:00,nan,12.41,23.379999
2013-03-26 00:00:00,nan,12.5,23.59
2013-03-27 00:00:00,nan,12.65,23.59
2013-03-28 00:00:00,nan,12.83,23.530001
2013-04-01 00:00:00,nan,12.41,23.5
2013-04-02 00:00:00,nan,12.28,23.780001
2013-04-03 00:00:00,nan,12.13,23.379999
2013-04-04 00:00:00,nan,12.25,23.52
2013-04-05 00:00:00,nan,12.46,23.299999
2013-04-08 00:00:00,nan,12.43,23.48
2013-04-09 00:00:00,nan,12.63,23.83
2013-04-10 00:00:00,nan,12.83,24.200001
2013-04-11 00:00:00,nan,12.77,24.49
2013-04-12 00:00:00,nan,13.09,24.690001
2013-04-15 00:00:00,nan,12.82,23.98
2013-04-16 00:00:00,nan,12.96,23.790001
2013-04-17 00:00:00,nan,12.79,23.700001
2013-04-18 00:00:00,nan,12.54,23.26
2013-04-19 00:00:00,nan,12.57,23.469999
2013-04-22 00:00:00,nan,12.59,23.950001
2013-04-23 00:00:00,nan,12.92,24.379999
2013-04-24 00:00:00,nan,13.36,24.75
2013-04-25 00:00:00,nan,13.47,25.200001
2013-04-26 00:00:00,nan,13.41,24.68
2013-04-29 00:00:00,nan,13.57,24.43
2013-04-30 00:00:00,nan,13.77,24.73
2013-05-01 00:00:00,nan,13.65,24.299999
2013-05-02 00:00:00,nan,13.81,24.969999
2013-05-03 00:00:00,nan,13.87,25.07
2013-05-06 00:00:00,nan,13.83,25.17
2013-05-07 00:00:00,nan,13.65,26.07
2013-05-08 00:00:00,nan,13.9,26.41
2013-05-09 00:00:00,nan,13.91,26.24
2013-05-10 00:00:00,nan,14.54,26.83
2013-05-13 00:00:00,nan,14.24,26.389999
2013-05-14 00:00:00,nan,14.45,26.639999
2013-05-15 00:00:00,nan,14.7,27.34
2013-05-16 00:00:00,nan,14.63,26.58
2013-05-17 00:00:00,nan,14.87,26.52
2013-05-20 00:00:00,nan,14.84,26.58
2013-05-21 00:00:00,nan,14.92,27.0
2013-05-22 00:00:00,nan,14.4,26.540001
2013-05-23 00:00:00,nan,14.63,26.02
2013-05-24 00:00:00,nan,14.54,26.33
2013-05-28 00:00:00,nan,14.53,26.07
2013-05-29 00:00:00,nan,14.44,25.809999
2013-05-30 00:00:00,nan,14.63,26.33
2013-05-31 00:00:00,nan,14.47,26.299999
2013-06-03 00:00:00,nan,14.45,26.389999
2013-06-04 00:00:00,nan,14.47,26.26
2013-06-05 00:00:00,nan,14.16,25.75
2013-06-06 00:00:00,nan,14.25,26.209999
2013-06-07 00:00:00,nan,14.45,27.040001
2013-06-10 00:00:00,nan,14.44,26.74
2013-06-11 00:00:00,nan,14.17,26.4
2013-06-12 00:00:00,nan,14.05,25.889999
2013-06-13 00:00:00,nan,14.37,26.370001
2013-06-14 00:00:00,nan,14.35,26.280001
2013-06-17 00:00:00,nan,14.49,26.540001
2013-06-18 00:00:00,nan,14.4,26.66
2013-06-19 00:00:00,nan,14.84,26.24
2013-06-20 00:00:00,nan,14.44,25.35
2013-06-21 00:00:00,nan,14.42,25.190001
2013-06-24 00:00:00,nan,14.12,24.07
2013-06-25 00:00:00,nan,14.22,24.959999
2013-06-26 00:00:00,nan,14.14,25.290001
2013-06-27 00:00:00,nan,14.01,25.469999
2013-06-28 00:00:00,nan,14.04,25.129999
2013-07-01 00:00:00,nan,14.1,25.24
2013-07-02 00:00:00,nan,14.09,24.99
2013-07-03 00:00:00,nan,14.13,25.59
2013-07-05 00:00:00,nan,14.24,25.68
2013-07-08 00:00:00,nan,14.17,25.530001
2013-07-09 00:00:00,nan,14.24,26.68
2013-07-10 00:00:00,nan,14.43,26.559999
2013-07-11 00:00:00,nan,14.63,27.040001
2013-07-12 00:00:00,nan,14.64,27.23
2013-07-15 00:00:00,nan,14.61,27.34
2013-07-16 00:00:00,nan,14.69,26.879999
2013-07-17 00:00:00,nan,14.61,29.66
2013-07-18 00:00:00,nan,14.55,29.66
2013-07-19 00:00:00,nan,14.24,29.110001
2013-07-22 00:00:00,nan,14.23,27.860001
2013-07-23 00:00:00,nan,14.21,27.360001
2013-07-24 00:00:00,nan,14.21,27.84
2013-07-25 00:00:00,nan,14.26,28.27
2013-07-26 00:00:00,nan,14.2,28.110001
2013-07-29 00:00:00,nan,14.17,27.93
2013-07-30 00:00:00,nan,14.41,28.049999
2013-07-31 00:00:00,nan,14.44,28.09
2013-08-01 00:00:00,nan,14.64,27.959999
2013-08-02 00:00:00,nan,14.76,27.65
2013-08-05 00:00:00,nan,14.83,27.67
2013-08-06 00:00:00,nan,14.61,27.32
2013-08-07 00:00:00,nan,14.6,27.389999
2013-08-08 00:00:00,nan,14.7,27.48
2013-08-09 00:00:00,nan,14.49,27.68
2013-08-12 00:00:00,nan,14.37,28.35
2013-08-13 00:00:00,nan,14.42,28.34
2013-08-14 00:00:00,nan,15.03,28.049999
2013-08-15 00:00:00,nan,15.13,27.139999
2013-08-16 00:00:00,nan,15.19,27.32
2013-08-19 00:00:00,nan,14.95,26.91
2013-08-20 00:00:00,nan,14.95,27.120001
2013-08-21 00:00:00,nan,14.88,27.059999
2013-08-22 00:00:00,nan,14.96,27.9
2013-08-23 00:00:00,nan,14.96,27.99
2013-08-26 00:00:00,nan,14.99,27.700001
2013-08-27 00:00:00,nan,14.8,27.0
2013-08-28 00:00:00,nan,14.8,27.110001
2013-08-29 00:00:00,nan,14.77,27.299999
2013-08-30 00:00:00,nan,14.75,27.120001
2013-09-03 00:00:00,nan,14.76,27.780001
2013-09-04 00:00:00,nan,14.9,28.07
2013-09-05 00:00:00,nan,14.94,28.23
2013-09-06 00:00:00,nan,14.88,28.17
2013-09-09 00:00:00,nan,15.13,29.24
2013-09-10 00:00:00,nan,15.45,29.48
2013-09-11 00:00:00,nan,15.71,29.190001
2013-09-12 00:00:00,nan,15.7,29.65
2013-09-13 00:00:00,nan,15.8,29.26
2013-09-16 00:00:00,nan,15.81,29.620001
2013-09-17 00:00:00,nan,15.86,30.0
2013-09-18 00:00:00,nan,16.0,30.440001
2013-09-19 00:00:00,nan,15.93,31.030001
2013-09-20 00:00:00,nan,15.79,30.93
2013-09-23 00:00:00,nan,15.64,30.26
2013-09-24 00:00:00,nan,15.7,31.27
2013-09-25 00:00:00,nan,15.72,31.34
2013-09-26 00:00:00,nan,15.67,32.75
2013-09-27 00:00:00,nan,15.58,33.549999
2013-09-30 00:00:00,nan,15.56,33.169998
2013-10-01 00:00:00,nan,15.55,34.310001
2013-10-02 00:00:00,nan,15.54,34.139999
2013-10-03 00:00:00,nan,15.38,33.880001
2013-10-04 00:00:00,nan,15.59,34.889999
2013-10-07 00:00:00,nan,15.59,34.139999
2013-10-08 00:00:00,nan,15.46,32.93
2013-10-09 00:00:00,nan,15.22,33.009998
2013-10-10 00:00:00,nan,15.39,33.869999
2013-10-11 00:00:00,nan,15.26,34.150002
2013-10-14 00:00:00,nan,15.49,34.0
2013-10-15 00:00:00,nan,15.41,33.380001
2013-10-16 00:00:00,nan,15.6,33.09
2013-10-17 00:00:00,nan,15.63,32.740002000000004
2013-10-18 00:00:00,nan,15.81,33.43
2013-10-21 00:00:00,nan,15.85,34.060001
2013-10-22 00:00:00,nan,15.77,33.939999
2013-10-23 00:00:00,nan,15.5,33.099998
2013-10-24 00:00:00,nan,15.39,33.080002
2013-10-25 00:00:00,nan,15.24,32.25
2013-10-28 00:00:00,nan,15.21,32.349998
2013-10-29 00:00:00,nan,15.23,33.169998
2013-10-30 00:00:00,nan,15.22,32.57
2013-10-31 00:00:00,nan,15.19,32.939999
2013-11-01 00:00:00,nan,15.26,33.18
2013-11-04 00:00:00,nan,14.82,33.189999
2013-11-05 00:00:00,nan,14.8,32.970001
2013-11-06 00:00:00,nan,14.9,32.880001
2013-11-07 00:00:00,nan,14.55,32.110001000000004
2013-11-08 00:00:00,nan,15.56,33.119999
2013-11-11 00:00:00,nan,15.69,33.82
2013-11-12 00:00:00,nan,15.72,34.07
2013-11-13 00:00:00,nan,16.15,35.099998
2013-11-14 00:00:00,nan,16.219998999999998,35.689999
2013-11-15 00:00:00,nan,16.17,35.470001
2013-11-18 00:00:00,nan,15.78,34.98
2013-11-19 00:00:00,nan,15.44,34.630001
2013-11-20 00:00:00,nan,15.21,35.619999
2013-11-21 00:00:00,nan,15.33,36.299999
2013-11-22 00:00:00,nan,15.18,36.490002
2013-11-25 00:00:00,nan,15.51,36.290001
2013-11-26 00:00:00,nan,15.64,36.639999
2013-11-27 00:00:00,nan,15.7,36.959999
2013-11-29 00:00:00,nan,15.6,36.98
2013-12-02 00:00:00,nan,15.75,37.009998
2013-12-03 00:00:00,nan,15.74,36.560001
2013-12-04 00:00:00,nan,15.96,38.130001
2013-12-05 00:00:00,nan,15.7,38.869999
2013-12-06 00:00:00,nan,15.47,38.860001
2013-12-09 00:00:00,nan,15.21,38.869999
2013-12-10 00:00:00,nan,15.56,40.220001
2013-12-11 00:00:00,nan,15.41,39.16
2013-12-12 00:00:00,nan,15.11,39.349998
2013-12-13 00:00:00,nan,15.02,39.73
2013-12-16 00:00:00,nan,15.04,39.73
2013-12-17 00:00:00,nan,15.11,39.509998
2013-12-18 00:00:00,nan,15.32,40.040001
2013-12-19 00:00:00,nan,15.38,40.200001
2013-12-20 00:00:00,nan,15.69,40.119999
2013-12-23 00:00:00,nan,15.78,40.77
2013-12-24 00:00:00,nan,15.82,40.849998
2013-12-26 00:00:00,nan,15.67,40.650002
2013-12-27 00:00:00,nan,15.76,40.490002
2013-12-30 00:00:00,nan,15.97,40.200001
2013-12-31 00:00:00,nan,16.02,40.439999
2014-01-02 00:00:00,nan,15.86,39.59
2014-01-03 00:00:00,nan,15.67,40.119999
2014-01-06 00:00:00,nan,15.88,39.93
2014-01-07 00:00:00,nan,16.139999,40.919998
2014-01-08 00:00:00,nan,16.360001,41.02
2014-01-09 00:00:00,nan,15.75,40.919998
2014-01-10 00:00:00,nan,15.73,41.23
2014-01-13 00:00:00,nan,15.36,39.990002
2014-01-14 00:00:00,nan,15.84,41.139999
2014-01-15 00:00:00,nan,16.01,41.07
2014-01-16 00:00:00,nan,16.059998999999998,40.34
2014-01-17 00:00:00,nan,15.99,40.009998
2014-01-21 00:00:00,nan,16.049999,39.52
2014-01-22 00:00:00,nan,16.030001000000002,40.18
2014-01-23 00:00:00,nan,15.97,39.389999
2014-01-24 00:00:00,nan,15.56,37.91
2014-01-27 00:00:00,nan,15.46,36.650002
2014-01-28 00:00:00,nan,15.61,38.220001
2014-01-29 00:00:00,nan,15.46,34.889999
2014-01-30 00:00:00,nan,15.72,35.310001
2014-01-31 00:00:00,nan,15.7,36.009998
2014-02-03 00:00:00,52.389999,15.49,34.900002
2014-02-04 00:00:00,52.909998,15.58,35.66
2014-02-05 00:00:00,53.52,15.44,35.490002000000004
2014-02-06 00:00:00,54.36999599999999,15.64,36.240002
2014-02-07 00:00:00,54.59,15.87,37.23
2014-02-10 00:00:00,53.779998,15.92,37.759998
2014-02-11 00:00:00,54.309999,16.25,38.5
2014-02-12 00:00:00,54.830002,16.83,38.110001
2014-02-13 00:00:00,54.919996,17.360001,38.52
2014-02-14 00:00:00,54.770001,17.91,38.23
2014-02-18 00:00:00,55.150002,17.9,38.310001
2014-02-19 00:00:00,54.74,18.139999,37.810001
2014-02-20 00:00:00,54.959999,18.780001,37.790001
2014-02-21 00:00:00,54.59,18.639999,37.290001
2014-02-24 00:00:00,56.299997,18.91,37.419998
2014-02-25 00:00:00,56.150002,18.74,37.259998
2014-02-26 00:00:00,57.34,18.709999,37.619999
2014-02-27 00:00:00,58.340001,18.5,38.470001
2014-02-28 00:00:00,58.769997,18.379999,38.669998
2014-03-03 00:00:00,58.31,18.290001,38.25
2014-03-04 00:00:00,59.06,18.48,39.630001
2014-03-05 00:00:00,58.86,18.639999,39.5
2014-03-06 00:00:00,59.299998,18.379999,39.66
2014-03-07 00:00:00,59.06,18.360001,38.700001
2014-03-10 00:00:00,58.220001,18.09,38.049999
2014-03-11 00:00:00,57.54,18.27,37.560001
2014-03-12 00:00:00,57.979999,18.32,37.5
2014-03-13 00:00:00,56.699997,17.74,37.23
2014-03-14 00:00:00,56.74,17.82,37.599998
2014-03-17 00:00:00,57.419997,17.82,39.110001
2014-03-18 00:00:00,57.84,18.24,39.450001
2014-03-19 00:00:00,57.299998,18.559999,38.610001
2014-03-20 00:00:00,57.119997,18.57,37.77
2014-03-21 00:00:00,56.959999,18.540001,37.939999
2014-03-24 00:00:00,56.54,18.450001,36.68
2014-03-25 00:00:00,56.329998,18.450001,35.93
2014-03-26 00:00:00,55.599997,18.030001,35.450001
2014-03-27 00:00:00,55.179998,17.790001,35.59
2014-03-28 00:00:00,55.189995,17.9,35.900002
2014-03-31 00:00:00,55.24,17.91,35.900002
2014-04-01 00:00:00,56.04,18.65,36.490002
2014-04-02 00:00:00,55.449997,18.530001,36.639999
2014-04-03 00:00:00,54.580002,18.73,35.759998
2014-04-04 00:00:00,53.999997,18.15,34.259998
2014-04-07 00:00:00,52.950001,18.209999,33.07
2014-04-08 00:00:00,54.799997,18.860001,33.830002
2014-04-09 00:00:00,55.89,18.84,34.869999
2014-04-10 00:00:00,54.080002,18.379999,33.400002
2014-04-11 00:00:00,53.459998,18.120001,32.869999
2014-04-14 00:00:00,53.979998,18.32,33.450001
2014-04-15 00:00:00,53.900001,18.450001,34.209999
2014-04-16 00:00:00,54.689995,18.49,36.349998
2014-04-17 00:00:00,54.970001,18.559999,36.380001
2014-04-21 00:00:00,54.929998,18.709999,36.400002
2014-04-22 00:00:00,55.470001,18.870001,36.139999
2014-04-23 00:00:00,54.939995,19.09,35.439999
2014-04-24 00:00:00,54.84,19.26,35.240002000000004
2014-04-25 00:00:00,53.72,18.73,34.48
2014-04-28 00:00:00,53.639999,18.65,33.990002000000004
2014-04-29 00:00:00,54.54,18.690001,35.830002
2014-04-30 00:00:00,51.830002,18.469999,35.950001
2014-05-01 00:00:00,51.689999,18.57,36.509998
2014-05-02 00:00:00,52.009998,18.43,36.869999
2014-05-05 00:00:00,51.999996,18.629999,36.91
2014-05-06 00:00:00,50.95,18.25,36.490002
2014-05-07 00:00:00,50.569999,18.27,34.07
2014-05-08 00:00:00,50.259997,18.5,33.919998
2014-05-09 00:00:00,50.539998,18.049999,33.759998
2014-05-12 00:00:00,51.330001,18.58,34.450001
2014-05-13 00:00:00,51.580001,18.280001,34.400002
2014-05-14 00:00:00,51.650001,18.1,34.169998
2014-05-15 00:00:00,51.359998,18.0,33.799999
2014-05-16 00:00:00,51.950001,17.959999,33.41
2014-05-19 00:00:00,52.330002,18.540001,33.889999
2014-05-20 00:00:00,51.959998,18.24,33.869999
2014-05-21 00:00:00,51.880002000000005,18.24,34.360001000000004
2014-05-22 00:00:00,51.500001,18.32,34.700001
2014-05-23 00:00:00,52.02,18.49,35.02
2014-05-27 00:00:00,51.77,18.82,35.119999
2014-05-28 00:00:00,50.389998,18.98,34.779999
2014-05-29 00:00:00,50.139998,18.950001,34.900002
2014-05-30 00:00:00,50.729997,19.0,34.650002
2014-06-02 00:00:00,50.489998,18.940001,34.869999
2014-06-03 00:00:00,50.419995,18.860001,34.650002
2014-06-04 00:00:00,50.45,18.879999,34.73
2014-06-05 00:00:00,50.580001,18.959999,34.939999
2014-06-06 00:00:00,49.7,19.030001,35.919998
2014-06-09 00:00:00,49.580001,19.049999,36.040001
2014-06-10 00:00:00,48.25,19.15,36.310001
2014-06-11 00:00:00,48.830001,19.4,36.630001
2014-06-12 00:00:00,48.560002,19.52,36.779999
2014-06-13 00:00:00,49.039998,19.540001,36.939999
2014-06-16 00:00:00,49.0,19.48,34.810001
2014-06-17 00:00:00,49.060002,19.610001,34.43
2014-06-18 00:00:00,49.659997,19.59,34.939999
2014-06-19 00:00:00,49.599995,19.139999,34.68
2014-06-20 00:00:00,49.339998,18.93,34.049999
2014-06-23 00:00:00,49.389998,18.709999,33.639999
2014-06-24 00:00:00,48.849995,18.42,33.48
2014-06-25 00:00:00,49.319999,18.610001,33.25
2014-06-26 00:00:00,49.469999,18.360001,33.66
2014-06-27 00:00:00,50.080001,18.379999,34.25
2014-06-30 00:00:00,50.060002,18.540001,35.130001
2014-07-01 00:00:00,50.5,18.75,35.349998
2014-07-02 00:00:00,50.549996,18.68,35.880001
2014-07-03 00:00:00,50.939999,18.85,36.139999
2014-07-07 00:00:00,50.739999,18.700001,35.52
2014-07-08 00:00:00,50.179997,18.549999,34.529999
2014-07-09 00:00:00,50.929997,19.110001,34.849998
2014-07-10 00:00:00,50.339998,19.01,34.93
2014-07-11 00:00:00,51.500001,19.049999,35.43
2014-07-14 00:00:00,51.159998,19.290001,35.700001
2014-07-15 00:00:00,50.819999,19.370001,35.610001000000004
2014-07-16 00:00:00,50.7,19.35,33.790001000000004
2014-07-17 00:00:00,51.029997,19.299999,33.209999
2014-07-18 00:00:00,51.479997,18.440001,33.330002
2014-07-21 00:00:00,51.700001,18.549999,33.279999
2014-07-22 00:00:00,52.049996,18.469999,33.599998
2014-07-23 00:00:00,52.659998,18.08,34.709999
2014-07-24 00:00:00,53.229997,18.110001,36.169998
2014-07-25 00:00:00,52.749996,17.790001,36.119999
2014-07-28 00:00:00,52.929997,17.719998999999998,35.900002
2014-07-29 00:00:00,53.209998,17.780001000000002,35.68
2014-07-30 00:00:00,53.229997,18.08,36.599998
2014-07-31 00:00:00,52.830002,17.5,35.810001
2014-08-01 00:00:00,52.529997,17.690001000000002,35.619999
2014-08-04 00:00:00,53.059998,17.65,36.529999
2014-08-05 00:00:00,53.259998,17.66,35.700001
2014-08-06 00:00:00,53.459998,17.639999,35.790001000000004
2014-08-07 00:00:00,53.559998,17.459999,35.66
2014-08-08 00:00:00,54.089999,19.0,35.91
2014-08-11 00:00:00,53.879998,18.9,35.790001000000004
2014-08-12 00:00:00,53.429997,18.9,35.52
2014-08-13 00:00:00,52.939999,19.01,36.189999
2014-08-14 00:00:00,52.929997,18.799999,36.360001
2014-08-15 00:00:00,52.639999,19.040001,36.470001
2014-08-18 00:00:00,53.109998,19.299999,37.380001
2014-08-19 00:00:00,53.749997,19.370001,37.830002
2014-08-20 00:00:00,53.400001,19.25,37.5
2014-08-21 00:00:00,55.89,19.07,37.639999
2014-08-22 00:00:00,55.499997,19.08,38.009998
2014-08-25 00:00:00,55.49,19.110001,37.709999
2014-08-26 00:00:00,56.249997,19.450001,37.790001
2014-08-27 00:00:00,55.919996,19.23,38.18
2014-08-28 00:00:00,55.429998,19.389999,38.310001
2014-08-29 00:00:00,55.499997,19.450001,38.509998
2014-09-02 00:00:00,54.879998,19.5,39.27
2014-09-03 00:00:00,54.549997,19.68,38.869999
2014-09-04 00:00:00,54.439995,20.030001,39.189999
2014-09-05 00:00:00,53.900001,19.969999,39.59
2014-09-08 00:00:00,54.229998,19.790001,41.810001
2014-09-09 00:00:00,52.729997,19.540001,40.779999
2014-09-10 00:00:00,51.099996,19.610001,41.139999
2014-09-11 00:00:00,50.679997,19.41,41.259998
2014-09-12 00:00:00,52.189999,19.120001,42.880001
2014-09-15 00:00:00,50.959998,18.860001,42.549999
2014-09-16 00:00:00,51.609998,19.139999,42.709999
2014-09-17 00:00:00,51.950001,19.15,42.59
2014-09-18 00:00:00,52.700001,19.440001,42.09
2014-09-19 00:00:00,52.400001,19.08,40.93
2014-09-22 00:00:00,52.47,18.889999,38.650002
2014-09-23 00:00:00,52.739999,18.809999,39.049999
2014-09-24 00:00:00,52.929997,18.92,39.880001
2014-09-25 00:00:00,52.150001,18.51,38.950001
2014-09-26 00:00:00,52.929997,18.549999,40.66
2014-09-29 00:00:00,52.659998,18.52,40.52
2014-09-30 00:00:00,56.629998,18.450001,40.75
2014-10-01 00:00:00,55.459999,18.27,40.32
2014-10-02 00:00:00,54.859999,18.190001,40.5
2014-10-03 00:00:00,54.439995,18.23,41.029999
2014-10-06 00:00:00,53.549997,18.120001,41.52
2014-10-07 00:00:00,52.97,17.93,40.93
2014-10-08 00:00:00,54.509999,18.26,41.080002
2014-10-09 00:00:00,52.859998,17.91,41.099998
2014-10-10 00:00:00,51.859998,16.85,39.599998
2014-10-13 00:00:00,50.459998,16.790001,38.380001
2014-10-14 00:00:00,50.589998,17.18,37.970001
2014-10-15 00:00:00,50.239998,17.440001000000002,37.82
2014-10-16 00:00:00,47.88,17.450001,38.119999
2014-10-17 00:00:00,47.95,17.42,38.450001
2014-10-20 00:00:00,49.2,17.57,39.279999
2014-10-21 00:00:00,50.859998,18.32,40.18
2014-10-22 00:00:00,50.130001,17.889999,42.0
2014-10-23 00:00:00,50.789999,18.290001,42.599998
2014-10-24 00:00:00,51.12,18.48,43.5
2014-10-27 00:00:00,51.189999,18.49,44.700001
2014-10-28 00:00:00,51.2,18.93,45.869999
2014-10-29 00:00:00,51.330001,18.809999,45.43
2014-10-30 00:00:00,51.549996,18.690001,45.630001
2014-10-31 00:00:00,52.499996,19.540001,46.049999
2014-11-03 00:00:00,52.700001,19.870001,46.34
2014-11-04 00:00:00,53.27,20.129999,47.080002
2014-11-05 00:00:00,53.589999,20.129999,47.459999
2014-11-06 00:00:00,53.259998,20.219999,47.93
2014-11-07 00:00:00,53.52,19.790001,48.549999
2014-11-10 00:00:00,53.889999,20.02,49.41
2014-11-11 00:00:00,54.189995,19.780001,49.049999
2014-11-12 00:00:00,54.059999,19.65,50.599998
2014-11-13 00:00:00,54.36999599999999,19.549999,50.5
2014-11-14 00:00:00,54.359999,19.790001,51.75
2014-11-17 00:00:00,54.830002,19.700001,52.369999
2014-11-18 00:00:00,55.379998,20.17,51.75
2014-11-19 00:00:00,54.939995,20.01,50.580002
2014-11-20 00:00:00,54.54,20.34,51.25
2014-11-21 00:00:00,54.419996,20.450001,51.040001
2014-11-24 00:00:00,54.39,20.58,51.830002
2014-11-25 00:00:00,54.400001,20.57,51.720001
2014-11-26 00:00:00,54.569996,20.92,51.93
2014-11-28 00:00:00,54.879998,20.969999,51.740002
2014-12-01 00:00:00,54.86999599999999,20.58,50.099998
2014-12-02 00:00:00,55.020001,20.610001,50.669998
2014-12-03 00:00:00,54.809999,21.139999,50.279999
2014-12-04 00:00:00,54.669996,20.950001,50.41
2014-12-05 00:00:00,54.809999,21.07,50.990002
2014-12-08 00:00:00,55.150002,20.799999,49.619999
2014-12-09 00:00:00,55.400002,20.73,50.509998
2014-12-10 00:00:00,55.270001,20.27,49.209999
2014-12-11 00:00:00,56.79,20.26,49.939999
2014-12-12 00:00:00,55.770001,19.629999,50.240002
2014-12-15 00:00:00,55.439995,19.57,49.82
2014-12-16 00:00:00,55.939995,19.35,48.849998
2014-12-17 00:00:00,56.409999,20.139999,50.119999
2014-12-18 00:00:00,57.529999,20.219999,50.91
2014-12-19 00:00:00,57.139996,20.42,50.880001
2014-12-22 00:00:00,57.329999,20.780001,51.150002
2014-12-23 00:00:00,57.229998,20.65,50.02
2014-12-24 00:00:00,57.099998,20.57,50.650002
2014-12-26 00:00:00,57.04,20.59,50.860001
2014-12-29 00:00:00,57.029998,20.559999,50.529999
2014-12-30 00:00:00,57.220001,20.370001,51.220001
2014-12-31 00:00:00,56.11999599999999,20.049999,50.509998
2015-01-02 00:00:00,56.209999,20.129999,50.169998
2015-01-05 00:00:00,55.74,19.790001,49.130001
2015-01-06 00:00:00,55.019996,19.190001,49.209999
2015-01-07 00:00:00,54.929998,19.139999,48.59
2015-01-08 00:00:00,56.409999,19.860001,50.23
2015-01-09 00:00:00,55.629998,19.940001,49.720001
2015-01-12 00:00:00,55.199997,19.690001,48.799999
2015-01-13 00:00:00,55.129998,19.66,48.299999
2015-01-14 00:00:00,54.029998,19.74,47.509998
2015-01-15 00:00:00,53.02,19.6,46.23
2015-01-16 00:00:00,53.659998,19.959999,46.470001
2015-01-20 00:00:00,53.679998,20.02,47.630001
2015-01-21 00:00:00,53.379997,20.299999,48.18
2015-01-22 00:00:00,57.149998,20.65,48.889999
2015-01-23 00:00:00,56.759999,20.709999,48.950001
2015-01-26 00:00:00,56.059999,20.620001,49.439999
2015-01-27 00:00:00,54.69,19.629999,47.990002
2015-01-28 00:00:00,53.839999,19.309999,46.459999
2015-01-29 00:00:00,53.959999,19.780001,43.73
2015-01-30 00:00:00,52.999996,19.200001,43.990002
2015-02-02 00:00:00,53.709998,19.620001,44.689999
2015-02-03 00:00:00,54.249997,20.110001,44.700001
2015-02-04 00:00:00,53.709998,20.16,44.049999
2015-02-05 00:00:00,54.29,20.49,43.549999
2015-02-06 00:00:00,54.499997,20.4,42.939999
2015-02-09 00:00:00,54.329998,20.379999,42.57
2015-02-10 00:00:00,55.269996,20.950001,43.07
2015-02-11 00:00:00,55.14,20.809999,42.959999
2015-02-12 00:00:00,54.74,22.299999,43.93
2015-02-13 00:00:00,56.469996,22.309999,44.419998
2015-02-17 00:00:00,56.419996,22.379999,43.529999
2015-02-18 00:00:00,56.899998,22.120001,43.650002
2015-02-19 00:00:00,57.649998,22.18,44.369999
2015-02-20 00:00:00,58.019997,22.34,44.110001
2015-02-23 00:00:00,58.069997,22.16,43.529999
2015-02-24 00:00:00,58.399998,22.309999,43.380001
2015-02-25 00:00:00,58.349998,22.139999,44.43
2015-02-26 00:00:00,58.539996,22.200001,44.450001
2015-02-27 00:00:00,57.91,22.059999,44.279999
2015-03-02 00:00:00,58.379999,22.6,44.110001
2015-03-03 00:00:00,58.26,22.18,42.619999
2015-03-04 00:00:00,58.31,22.43,43.990002
2015-03-05 00:00:00,59.079999,22.860001,44.16
2015-03-06 00:00:00,59.869997,22.549999,43.439999
2015-03-09 00:00:00,60.81,22.610001,42.98
2015-03-10 00:00:00,59.21,23.0,42.68
2015-03-11 00:00:00,59.679999,22.879999,42.5
2015-03-12 00:00:00,59.41,22.67,42.950001
2015-03-13 00:00:00,59.069997,22.700001,42.869999
2015-03-16 00:00:00,59.569997,22.969999,43.509998
2015-03-17 00:00:00,59.489996,23.25,43.790001
2015-03-18 00:00:00,58.429999,22.870001,44.669998
2015-03-19 00:00:00,57.879999,23.219999,44.98
2015-03-20 00:00:00,57.929999,23.469999,45.040001
2015-03-23 00:00:00,58.619997,22.709999,44.720001
2015-03-24 00:00:00,59.51,22.4,44.419998
2015-03-25 00:00:00,58.06,21.040001,44.200001
2015-03-26 00:00:00,57.519997,20.969999,44.470001
2015-03-27 00:00:00,57.629999,21.379999,45.099998
2015-03-30 00:00:00,57.929999,21.469999,44.950001
2015-03-31 00:00:00,57.679999,20.93,44.439999
2015-04-01 00:00:00,57.129998,21.01,44.130001
2015-04-02 00:00:00,56.909999,21.059999,44.150002
2015-04-06 00:00:00,56.819997,21.67,43.669998
2015-04-07 00:00:00,57.079998,21.860001,43.610001
2015-04-08 00:00:00,57.109999,22.02,45.169998
2015-04-09 00:00:00,57.009999,22.530001,45.630001
2015-04-10 00:00:00,57.34,22.76,45.18
2015-04-13 00:00:00,56.94,22.549999,44.77
2015-04-14 00:00:00,56.949998,22.360001,45.529999
2015-04-15 00:00:00,57.019997,22.629999,45.73
2015-04-16 00:00:00,57.04,22.49,45.779999
2015-04-17 00:00:00,55.79,22.200001,44.450001
2015-04-20 00:00:00,56.069996,22.09,44.66
2015-04-21 00:00:00,56.419996,22.059999,44.490002
2015-04-22 00:00:00,56.749997,22.309999,43.98
2015-04-23 00:00:00,58.889996,22.219999,43.700001
2015-04-24 00:00:00,59.199998,22.030001,44.52
2015-04-27 00:00:00,59.089996,22.200001,44.360001
2015-04-28 00:00:00,59.479999,22.309999,44.34
2015-04-29 00:00:00,58.879999,22.139999,43.279999
2015-04-30 00:00:00,58.26,22.200001,42.57
2015-05-01 00:00:00,59.299998,22.75,42.509998
2015-05-04 00:00:00,59.11,22.610001,42.040001
2015-05-05 00:00:00,57.939996,22.030001,41.299999
2015-05-06 00:00:00,57.49,22.1,41.66
2015-05-07 00:00:00,57.96,22.49,43.869999
2015-05-08 00:00:00,58.819997,20.83,44.09
2015-05-11 00:00:00,58.339996,20.629999,43.599998
2015-05-12 00:00:00,58.299998,20.83,43.84
2015-05-13 00:00:00,58.81,20.950001,44.400002
2015-05-14 00:00:00,60.099998,21.290001,44.950001
2015-05-15 00:00:00,59.41,21.299999,44.75
2015-05-18 00:00:00,59.46,21.27,44.360001
2015-05-19 00:00:00,59.249998,21.040001,40.98
2015-05-20 00:00:00,59.149998,21.040001,42.790001
2015-05-21 00:00:00,59.739996,20.889999,43.68
2015-05-22 00:00:00,59.719997,20.860001,43.490002
2015-05-26 00:00:00,58.729999,20.73,42.849998
2015-05-27 00:00:00,59.379999,21.84,43.380001
2015-05-28 00:00:00,60.56,22.139999,43.07
2015-05-29 00:00:00,61.359996,22.129999,42.939999
2015-06-01 00:00:00,62.559996,22.379999,43.349998
2015-06-02 00:00:00,61.999999,21.940001,43.150002
2015-06-03 00:00:00,62.009996,21.700001,43.209999
2015-06-04 00:00:00,62.489997,22.09,42.880001
2015-06-05 00:00:00,63.23,22.26,42.810001
2015-06-08 00:00:00,60.849999,21.75,42.009998
2015-06-09 00:00:00,60.41,21.860001,41.630001
2015-06-10 00:00:00,60.469998,21.469999,42.060001
2015-06-11 00:00:00,60.449998,21.700001,40.939999
2015-06-12 00:00:00,60.019997,21.110001,40.529999
2015-06-15 00:00:00,59.999998,21.07,40.470001
2015-06-16 00:00:00,60.519998,21.33,40.639999
2015-06-17 00:00:00,60.549999,21.58,40.959999
2015-06-18 00:00:00,60.689997,21.940001,40.91
2015-06-19 00:00:00,61.169998,21.870001,40.509998
2015-06-22 00:00:00,61.749999,21.780001,40.73
2015-06-23 00:00:00,61.93,21.219999,40.650002
2015-06-24 00:00:00,61.609996,21.01,40.939999
2015-06-25 00:00:00,61.599999,21.17,41.07
2015-06-26 00:00:00,61.039997,20.74,40.060001
2015-06-29 00:00:00,59.369997,20.120001,38.91
2015-06-30 00:00:00,60.239997,20.110001,39.290001
2015-07-01 00:00:00,60.429999,20.4,39.330002
2015-07-02 00:00:00,61.849999,20.42,39.380001
2015-07-06 00:00:00,61.759996,20.17,38.610001
2015-07-07 00:00:00,61.98,19.790001,38.23
2015-07-08 00:00:00,60.989997,19.65,37.23
2015-07-09 00:00:00,61.769998,19.41,37.610001
2015-07-10 00:00:00,62.369998,19.75,37.919998
2015-07-13 00:00:00,63.469998,19.879999,38.759998
2015-07-14 00:00:00,63.589998,19.889999,38.630001
2015-07-15 00:00:00,63.439997,19.75,38.380001
2015-07-16 00:00:00,65.589998,20.190001,38.91
2015-07-17 00:00:00,66.289998,20.07,39.68
2015-07-20 00:00:00,28.57,19.700001,39.540001
2015-07-21 00:00:00,28.6,19.790001,39.73
2015-07-22 00:00:00,28.450001,19.41,39.240002
2015-07-23 00:00:00,28.43,19.65,39.209999
2015-07-24 00:00:00,28.23,19.42,38.849998
2015-07-27 00:00:00,28.0,19.309999,37.84
2015-07-28 00:00:00,28.33,19.73,37.720001
2015-07-29 00:00:00,28.75,19.969999,37.669998
2015-07-30 00:00:00,28.370001,20.02,37.419998
2015-07-31 00:00:00,28.120001,19.950001,36.669998
2015-08-03 00:00:00,28.33,20.290001,36.689999
2015-08-04 00:00:00,28.41,20.370001,37.119999
2015-08-05 00:00:00,28.559999,20.58,37.25
2015-08-06 00:00:00,28.16,20.450001,36.459999
2015-08-07 00:00:00,28.549999,22.98,36.669998
2015-08-10 00:00:00,28.66,23.780001,37.150002
2015-08-11 00:00:00,28.139999,23.66,36.029999
2015-08-12 00:00:00,28.01,23.719999,34.490002000000004
2015-08-13 00:00:00,27.99,23.52,35.93
2015-08-14 00:00:00,28.26,23.540001,36.240002
2015-08-17 00:00:00,28.290001,23.389999,36.099998
2015-08-18 00:00:00,27.77,23.08,35.689999
2015-08-19 00:00:00,27.43,22.99,35.189999
2015-08-20 00:00:00,26.52,22.16,34.099998
2015-08-21 00:00:00,25.77,21.469999,32.93
2015-08-24 00:00:00,24.93,20.709999,31.309999
2015-08-25 00:00:00,25.23,20.280001,31.74
2015-08-26 00:00:00,26.17,21.809999,32.52
2015-08-27 00:00:00,27.1,22.629999,33.689999
2015-08-28 00:00:00,27.25,22.73,33.139999
2015-08-31 00:00:00,27.110001,22.48,32.240002000000004
2015-09-01 00:00:00,26.48,21.559999,31.6
2015-09-02 00:00:00,26.870001,22.209999,31.77
2015-09-03 00:00:00,27.040001,22.27,32.540001000000004
2015-09-04 00:00:00,26.48,21.75,31.58
2015-09-08 00:00:00,26.360001,22.68,30.9
2015-09-09 00:00:00,26.200001,22.23,31.52
2015-09-10 00:00:00,26.15,22.58,31.15
2015-09-11 00:00:00,26.32,22.65,31.43
2015-09-14 00:00:00,25.75,22.690001,30.32
2015-09-15 00:00:00,25.98,22.940001,31.040001
2015-09-16 00:00:00,26.74,23.1,31.4
2015-09-17 00:00:00,26.27,23.309999,30.93
2015-09-18 00:00:00,26.02,23.290001,30.74
2015-09-21 00:00:00,25.92,23.530001,31.17
2015-09-22 00:00:00,25.610001,22.889999,30.4
2015-09-23 00:00:00,25.59,23.0,29.74
2015-09-24 00:00:00,25.610001,23.440001,29.34
2015-09-25 00:00:00,25.33,23.610001,29.129999
2015-09-28 00:00:00,24.139999,23.299999,27.6
2015-09-29 00:00:00,24.08,23.709999,28.26
2015-09-30 00:00:00,24.440001,24.65,28.91
2015-10-01 00:00:00,24.91,24.17,28.91
2015-10-02 00:00:00,25.530001,24.799999,30.709999
2015-10-05 00:00:00,25.74,25.42,30.85
2015-10-06 00:00:00,25.68,25.75,30.959999
2015-10-07 00:00:00,25.68,26.02,31.870001
2015-10-08 00:00:00,24.15,26.17,32.369999
2015-10-09 00:00:00,24.299999,26.07,32.52
2015-10-12 00:00:00,24.559999,26.35,32.860001000000004
2015-10-13 00:00:00,24.620001,26.4,32.34
2015-10-14 00:00:00,24.0,27.360001,32.09
2015-10-15 00:00:00,24.51,27.43,33.48
2015-10-16 00:00:00,24.549999,27.860001,33.369999
2015-10-19 00:00:00,24.559999,27.809999,33.5
2015-10-20 00:00:00,24.42,27.77,32.830002
2015-10-21 00:00:00,24.209999,27.41,31.120001
2015-10-22 00:00:00,27.58,28.4,31.67
2015-10-23 00:00:00,28.16,28.59,33.169998
2015-10-26 00:00:00,28.17,28.459999,33.400002
2015-10-27 00:00:00,28.370001,28.440001,34.299999
2015-10-28 00:00:00,28.25,28.67,35.189999
2015-10-29 00:00:00,28.18,27.68,35.049999
2015-10-30 00:00:00,27.9,28.370001,35.619999
2015-11-02 00:00:00,28.5,28.700001,35.27
2015-11-03 00:00:00,28.9,28.5,34.720001
2015-11-04 00:00:00,29.299999,28.030001,35.07
2015-11-05 00:00:00,29.299999,27.709999,35.119999
2015-11-06 00:00:00,29.4,31.549999,34.200001
2015-11-09 00:00:00,29.18,31.41,33.68
2015-11-10 00:00:00,29.139999,30.809999,33.990002000000004
2015-11-11 00:00:00,28.950001,30.51,33.380001
2015-11-12 00:00:00,28.559999,30.4,33.23
2015-11-13 00:00:00,28.190001,29.799999,32.189999
2015-11-16 00:00:00,28.48,30.4,32.950001
2015-11-17 00:00:00,28.450001,30.4,32.860001000000004
2015-11-18 00:00:00,28.75,31.030001,32.98
2015-11-19 00:00:00,28.77,31.120001,32.630001
2015-11-20 00:00:00,29.059999,31.389999,33.110001000000004
2015-11-23 00:00:00,28.84,30.92,33.360001000000004
2015-11-24 00:00:00,29.0,31.17,32.959999
2015-11-25 00:00:00,29.0,31.129999,33.16
2015-11-27 00:00:00,29.1,31.389999,32.939999
2015-11-30 00:00:00,29.59,31.719999,33.810001
2015-12-01 00:00:00,29.049999,32.75,33.709999
2015-12-02 00:00:00,28.969999,32.5,35.650002
2015-12-03 00:00:00,28.59,32.43,34.34
2015-12-04 00:00:00,29.35,33.75,34.91
2015-12-07 00:00:00,29.049999,33.110001000000004,34.68
2015-12-08 00:00:00,28.790001,33.560001,34.849998
2015-12-09 00:00:00,28.34,32.709999,34.400002
2015-12-10 00:00:00,28.57,32.98,34.630001
2015-12-11 00:00:00,27.969999,32.490002000000004,32.91
2015-12-14 00:00:00,28.040001,32.57,32.59
2015-12-15 00:00:00,28.309999,32.970001,33.029999
2015-12-16 00:00:00,28.57,33.169998,33.779999
2015-12-17 00:00:00,28.049999,32.669998,33.23
2015-12-18 00:00:00,27.459999,32.139999,32.950001
2015-12-21 00:00:00,27.59,32.900002,32.970001
2015-12-22 00:00:00,27.889999,32.93,34.189999
2015-12-23 00:00:00,27.780001,33.060001,34.450001
2015-12-24 00:00:00,27.66,33.169998,34.110001000000004
2015-12-28 00:00:00,27.639999,33.139999,33.599998
2015-12-29 00:00:00,27.91,33.68,34.040001000000004
2015-12-30 00:00:00,27.75,33.389999,33.369999
2015-12-31 00:00:00,27.48,32.959999,33.259998
2016-01-04 00:00:00,26.43,32.369999,31.4
2016-01-05 00:00:00,26.120001,32.889999,32.200001
2016-01-06 00:00:00,26.41,31.530001,32.16
2016-01-07 00:00:00,25.690001,30.280001,30.16
2016-01-08 00:00:00,25.75,29.629999,30.629999
2016-01-11 00:00:00,26.1,29.68,30.17
2016-01-12 00:00:00,26.209999,30.18,30.690001
2016-01-13 00:00:00,25.41,29.26,29.440001
2016-01-14 00:00:00,25.860001,28.67,30.32
2016-01-15 00:00:00,25.26,27.110001,29.139999
2016-01-19 00:00:00,25.77,27.33,29.74
2016-01-20 00:00:00,25.82,27.48,28.780001
2016-01-21 00:00:00,26.09,27.799999,29.309999
2016-01-22 00:00:00,26.43,28.450001,29.75
2016-01-25 00:00:00,26.139999,28.42,29.780001
2016-01-26 00:00:00,26.65,28.700001,29.98
2016-01-27 00:00:00,26.42,28.360001,29.690001
2016-01-28 00:00:00,23.129999,28.049999,28.75
2016-01-29 00:00:00,23.459999,29.290001,29.51
2016-02-01 00:00:00,23.940001,29.299999,29.57
2016-02-02 00:00:00,23.290001,28.059999,29.059999
2016-02-03 00:00:00,23.5,28.200001,27.68
2016-02-04 00:00:00,23.49,28.209999,29.15
2016-02-05 00:00:00,23.200001,26.43,27.969999
2016-02-08 00:00:00,22.48,25.219999,27.049999
2016-02-09 00:00:00,22.01,25.49,26.82
2016-02-10 00:00:00,22.32,25.43,27.1
2016-02-11 00:00:00,22.08,25.299999,26.76
2016-02-12 00:00:00,22.49,25.73,27.040001
2016-02-16 00:00:00,22.950001,26.99,29.280001
2016-02-17 00:00:00,23.219999,27.66,29.370001
2016-02-18 00:00:00,23.530001,30.040001,29.42
2016-02-19 00:00:00,23.809999,30.440001,30.040001
2016-02-22 00:00:00,24.24,31.52,31.17
2016-02-23 00:00:00,23.620001,31.6,30.67
2016-02-24 00:00:00,23.959999,31.82,30.950001
2016-02-25 00:00:00,24.18,31.889999,31.360001
2016-02-26 00:00:00,24.18,31.68,31.370001
2016-02-29 00:00:00,23.799999,31.360001,31.790001
2016-03-01 00:00:00,24.25,32.75,32.799999
2016-03-02 00:00:00,23.719999,32.939999,32.91
2016-03-03 00:00:00,23.940001,32.650002,32.880001
2016-03-04 00:00:00,24.41,32.549999,33.860001000000004
2016-03-07 00:00:00,24.26,32.34,33.959999
2016-03-08 00:00:00,24.07,31.75,32.93
2016-03-09 00:00:00,23.950001,31.73,33.509998
2016-03-10 00:00:00,23.690001,31.68,32.82
2016-03-11 00:00:00,24.02,32.220001,33.810001
2016-03-14 00:00:00,24.280001,32.299999,33.580002
2016-03-15 00:00:00,23.58,32.139999,33.259998
2016-03-16 00:00:00,23.68,33.099998,34.009998
2016-03-17 00:00:00,23.76,32.82,34.279999
2016-03-18 00:00:00,23.77,33.810001,35.169998
2016-03-21 00:00:00,24.34,33.91,35.470001
2016-03-22 00:00:00,24.129999,33.849998,35.41
2016-03-23 00:00:00,24.17,34.43,34.799999
2016-03-24 00:00:00,24.33,34.48,34.860001000000004
2016-03-28 00:00:00,24.120001,34.830002,35.23
2016-03-29 00:00:00,24.1,35.389999,36.32
2016-03-30 00:00:00,24.040001,35.759998,36.560001
2016-03-31 00:00:00,23.860001,35.630001,36.810001
2016-04-01 00:00:00,23.879999,36.150002,36.48
2016-04-04 00:00:00,24.030001,35.799999,37.02
2016-04-05 00:00:00,24.389999,35.75,36.41
2016-04-06 00:00:00,25.43,35.799999,36.66
2016-04-07 00:00:00,24.1,35.43,36.169998
2016-04-08 00:00:00,24.07,35.66,36.07
2016-04-11 00:00:00,24.059999,35.880001,36.48
2016-04-12 00:00:00,24.42,35.84,36.66
2016-04-13 00:00:00,25.08,36.740002,37.310001
2016-04-14 00:00:00,25.209999,36.84,37.169998
2016-04-15 00:00:00,25.219999,37.130001,36.509998
2016-04-18 00:00:00,25.309999,36.970001,36.52
2016-04-19 00:00:00,24.299999,36.310001,36.330002
2016-04-20 00:00:00,24.66,36.450001,37.84
2016-04-21 00:00:00,24.690001,36.41,37.669998
2016-04-22 00:00:00,24.4,36.27,37.48
2016-04-25 00:00:00,24.219999,36.450001,37.23
2016-04-26 00:00:00,24.49,36.48,37.110001
2016-04-27 00:00:00,25.27,37.310001,36.950001
2016-04-28 00:00:00,24.620001,36.200001,36.59
2016-04-29 00:00:00,24.43,35.529999,36.599998
2016-05-02 00:00:00,24.26,36.0,36.529999
2016-05-03 00:00:00,23.98,35.57,36.009998
2016-05-04 00:00:00,23.799999,34.759998,36.0
2016-05-05 00:00:00,23.809999,34.970001,36.939999
2016-05-06 00:00:00,23.82,35.330002,37.23
2016-05-09 00:00:00,24.02,35.279999,37.18
2016-05-10 00:00:00,24.16,35.959999,37.439999
2016-05-11 00:00:00,23.74,36.060001,37.369999
2016-05-12 00:00:00,23.58,35.57,37.029999
2016-05-13 00:00:00,23.780001,40.98,36.48
2016-05-16 00:00:00,23.799999,42.189999,37.48
2016-05-17 00:00:00,23.27,42.279999,37.27
2016-05-18 00:00:00,23.690001,43.360001,37.240002
2016-05-19 00:00:00,23.42,43.549999,37.02
2016-05-20 00:00:00,23.65,44.330002,36.5
2016-05-23 00:00:00,23.459999,44.400002,36.66
2016-05-24 00:00:00,24.049999,45.360001,37.529999
2016-05-25 00:00:00,24.040001,45.169998,35.59
2016-05-26 00:00:00,24.120001,45.650002,36.759998
2016-05-27 00:00:00,24.360001,45.900002,37.82
2016-05-31 00:00:00,24.459999,46.720001,37.939999
2016-06-01 00:00:00,24.07,46.810001,36.650002
2016-06-02 00:00:00,24.25,47.139999,37.150002
2016-06-03 00:00:00,23.98,46.48,36.599998
2016-06-06 00:00:00,23.99,46.240002,37.07
2016-06-07 00:00:00,24.280001,46.330002,36.73
2016-06-08 00:00:00,24.23,46.18,36.970001
2016-06-09 00:00:00,24.33,47.380001,37.349998
2016-06-10 00:00:00,24.07,46.200001,36.830002
2016-06-13 00:00:00,23.889999,46.790001,36.470001
2016-06-14 00:00:00,23.879999,46.880001,37.400002
2016-06-15 00:00:00,23.959999,47.360001,37.32
2016-06-16 00:00:00,23.85,47.549999,37.389999
2016-06-17 00:00:00,23.790001,46.720001,36.939999
2016-06-20 00:00:00,24.57,47.560001,37.290001
2016-06-21 00:00:00,24.700001,47.27,37.400002
2016-06-22 00:00:00,24.34,47.23,37.360001
2016-06-23 00:00:00,24.85,48.490002,37.779999
2016-06-24 00:00:00,23.129999,45.73,36.240002
2016-06-27 00:00:00,22.719999,45.240002,35.220001
2016-06-28 00:00:00,22.99,45.900002,36.040001
2016-06-29 00:00:00,23.309999,46.650002,36.860001
2016-06-30 00:00:00,23.41,47.009998,37.560001
2016-07-01 00:00:00,23.780001,46.66,37.990002
2016-07-05 00:00:00,23.76,47.349998,37.5
2016-07-06 00:00:00,23.83,47.650002,37.509998
2016-07-07 00:00:00,23.93,48.889999,37.52
2016-07-08 00:00:00,24.610001,50.849998,37.740002
2016-07-11 00:00:00,24.860001,52.02,37.959999
2016-07-12 00:00:00,25.129999,52.799999,37.889999
2016-07-13 00:00:00,25.120001,52.779999,37.639999
2016-07-14 00:00:00,26.08,53.32,37.959999
2016-07-15 00:00:00,26.34,52.700001,37.720001
2016-07-18 00:00:00,26.49,52.970001,37.950001
2016-07-19 00:00:00,26.5,53.52,38.169998
2016-07-20 00:00:00,26.99,54.220001,38.900002
2016-07-21 00:00:00,29.93,53.220001,38.849998
2016-07-22 00:00:00,30.49,54.669998,39.380001
2016-07-25 00:00:00,30.68,55.68,38.32
2016-07-26 00:00:00,31.4,56.630001,38.759998
2016-07-27 00:00:00,31.309999,56.060001,38.66
2016-07-28 00:00:00,31.17,56.18,38.52
2016-07-29 00:00:00,31.16,57.099998,38.189999
2016-08-01 00:00:00,31.25,56.73,38.799999
2016-08-02 00:00:00,30.790001,56.040001,38.57
2016-08-03 00:00:00,30.950001,56.189999,38.389999
2016-08-04 00:00:00,31.059999,57.23,38.919998
2016-08-05 00:00:00,31.389999,58.200001,38.990002
2016-08-08 00:00:00,31.15,58.740002,39.240002
2016-08-09 00:00:00,31.110001,58.889999,39.240002
2016-08-10 00:00:00,31.120001,58.509998,39.93
2016-08-11 00:00:00,31.200001,59.700001,41.27
2016-08-12 00:00:00,30.889999,63.040001,42.939999
2016-08-15 00:00:00,31.049999,62.98,42.669998
2016-08-16 00:00:00,30.83,62.599998,42.490002
2016-08-17 00:00:00,30.610001,61.150002,42.700001
2016-08-18 00:00:00,30.52,62.099998,42.900002
2016-08-19 00:00:00,30.629999,62.259998,43.02
2016-08-22 00:00:00,30.620001,62.52,42.52
2016-08-23 00:00:00,30.67,62.91,42.599998
2016-08-24 00:00:00,31.25,61.939999,41.91
2016-08-25 00:00:00,31.34,61.529999,42.029999
2016-08-26 00:00:00,31.309999,62.029999,42.27
2016-08-29 00:00:00,31.4,61.990002,42.259998
2016-08-30 00:00:00,31.77,61.630001,42.580002
2016-08-31 00:00:00,32.16,61.34,42.75
2016-09-01 00:00:00,32.130001,63.150002,42.93
2016-09-02 00:00:00,32.279999,62.529999,43.279999
2016-09-06 00:00:00,32.41,63.119999,44.709999
2016-09-07 00:00:00,32.509998,62.189999,44.349998
2016-09-08 00:00:00,32.700001,62.639999,44.360001
2016-09-09 00:00:00,31.889999,59.52,42.919998
2016-09-12 00:00:00,32.490002000000004,60.75,43.459999
2016-09-13 00:00:00,31.91,59.869999,43.040001
2016-09-14 00:00:00,31.799999,60.400002,43.459999
2016-09-15 00:00:00,31.98,62.689999,43.990002
2016-09-16 00:00:00,31.77,62.84,43.669998
2016-09-19 00:00:00,31.57,63.669998,43.189999
2016-09-20 00:00:00,31.360001,63.09,42.790001
2016-09-21 00:00:00,31.969999,64.860001,44.139999
2016-09-22 00:00:00,32.279999,65.019997,44.150002
2016-09-23 00:00:00,32.07,64.949997,42.799999
2016-09-26 00:00:00,31.67,64.339996,42.290001
2016-09-27 00:00:00,31.940001,66.540001,43.369999
2016-09-28 00:00:00,31.85,66.779999,43.689999
2016-09-29 00:00:00,32.299999,67.400002,42.57
2016-09-30 00:00:00,32.900002,68.519997,43.099998
2016-10-03 00:00:00,32.549999,68.449997,43.130001
2016-10-04 00:00:00,32.560001,68.300003,43.18
2016-10-05 00:00:00,32.150002,68.230003,43.709999
2016-10-06 00:00:00,32.130001,67.339996,43.68
2016-10-07 00:00:00,31.620001,66.849998,43.220001
2016-10-10 00:00:00,31.950001,67.099998,43.919998
2016-10-11 00:00:00,31.459999,66.129997,42.68
2016-10-12 00:00:00,31.5,66.43,42.360001
2016-10-13 00:00:00,31.51,65.349998,41.619999
2016-10-14 00:00:00,31.889999,65.989998,41.439999
2016-10-17 00:00:00,31.809999,65.610001,41.790001
2016-10-18 00:00:00,31.639999,66.610001,41.68
2016-10-19 00:00:00,32.52,66.470001,42.73
2016-10-20 00:00:00,29.02,67.730003,42.380001
2016-10-21 00:00:00,29.059999,67.540001,42.169998
2016-10-24 00:00:00,29.219999,70.709999,42.59
2016-10-25 00:00:00,29.049999,71.870003,42.549999
2016-10-26 00:00:00,28.82,72.160004,42.080002
2016-10-27 00:00:00,28.809999,70.68,41.869999
2016-10-28 00:00:00,28.6,70.559998,41.779999
2016-10-31 00:00:00,28.51,71.160004,41.549999
2016-11-01 00:00:00,28.379999,69.050003,41.330002
2016-11-02 00:00:00,28.26,68.760002,40.68
2016-11-03 00:00:00,28.059999,67.959999,40.23
2016-11-04 00:00:00,27.950001,67.57,40.279999
2016-11-07 00:00:00,28.24,71.269997,41.049999
2016-11-08 00:00:00,28.030001,71.160004,41.16
2016-11-09 00:00:00,28.290001,69.959999,41.209999
2016-11-10 00:00:00,28.16,67.769997,40.16
2016-11-11 00:00:00,28.639999,87.970001,40.419998
2016-11-14 00:00:00,27.889999,83.639999,39.299999
2016-11-15 00:00:00,28.49,86.190002,40.209999
2016-11-16 00:00:00,28.33,91.629997,40.98
2016-11-17 00:00:00,28.870001,92.389999,41.450001
2016-11-18 00:00:00,28.690001,93.360001,41.189999
2016-11-21 00:00:00,29.0,92.980003,41.110001
2016-11-22 00:00:00,29.059999,93.650002,41.009998
2016-11-23 00:00:00,28.9,93.970001,40.959999
2016-11-25 00:00:00,28.950001,94.160004,40.869999
2016-11-28 00:00:00,28.57,94.110001,41.450001
2016-11-29 00:00:00,28.51,93.25,41.599998
2016-11-30 00:00:00,27.809999,92.199997,41.02
2016-12-01 00:00:00,27.389999,87.639999,39.630001
2016-12-02 00:00:00,28.42,88.449997,40.07
2016-12-05 00:00:00,28.35,91.879997,40.200001
2016-12-06 00:00:00,28.209999,93.389999,39.970001
2016-12-07 00:00:00,28.91,95.07,40.52
2016-12-08 00:00:00,29.42,93.480003,41.41
2016-12-09 00:00:00,29.969999,91.82,41.759998
2016-12-12 00:00:00,30.209999,89.589996,41.299999
2016-12-13 00:00:00,29.82,91.169998,41.470001
2016-12-14 00:00:00,29.82,96.449997,40.91
2016-12-15 00:00:00,29.73,98.709999,38.41
2016-12-16 00:00:00,29.610001,100.410004,38.610001
2016-12-19 00:00:00,29.379999,101.629997,38.419998
2016-12-20 00:00:00,29.26,105.169998,39.16
2016-12-21 00:00:00,29.360001,105.830002,39.150002
2016-12-22 00:00:00,29.540001,107.110001,38.5
2016-12-23 00:00:00,29.790001,109.779999,38.66
2016-12-27 00:00:00,30.24,117.32,38.919998
2016-12-28 00:00:00,30.01,109.25,38.73
2016-12-29 00:00:00,29.98,111.43,38.639999
2016-12-30 00:00:00,29.690001,106.739998,38.669998