col_0,col_1,col_2,col_3,col_4,col_5,col_6,col_7,col_8,col_9,col_10,col_11,col_12,col_13,col_14,col_15,col_16,col_17,col_18,col_19,col_20,col_21,col_22,col_23,col_24,col_25,col_26,col_27,col_28,col_29,col_30,col_31,col_32,col_33,col_34,col_35,col_36,col_37,col_38,col_39,col_40,col_41,col_42,col_43,col_44,col_45,col_46,col_47,col_48,col_49,col_50,col_51,col_52,col_53,col_54,col_55,col_56,col_57,col_58,col_59,col_60,col_61,col_62,col_63,col_64,col_65,col_66,col_67,col_68,col_69,col_70,col_71,col_72,col_73,col_74,col_75,col_76,col_77,col_78,col_79,col_80,col_81,col_82,col_83,col_84,col_85,col_86,col_87,col_88,col_89
[6 1 7],[22 34 46],[ 75 111 133],[ 49 106 135],[ 38 103 135],[ 49 110 139],[ 50 104 132],[ 52 103 130],[ 51 107 134],[ 41 100 132],[ 57 115 153],[ 55 110 149],[ 46  98 137],[ 55 105 138],[ 56 110 138],[ 58 114 139],[ 58 105 131],[ 58 105 131],[ 53 103 128],[ 49  99 122],[ 48 100 122],[ 53 110 130],[ 53 111 131],[ 43 104 123],[ 54 115 134],[ 43 104 123],[ 35  96 115],[ 58 119 137],[ 49 108 126],[ 52 111 129],[ 45 103 123],[ 54 112 132],[ 52 110 130],[ 52 109 136],[ 52 108 141],[ 52 108 143],[ 52 108 141],[ 52 109 138],[ 50 110 134],[ 49 111 136],[ 46 107 135],[ 46 103 133],[ 63 112 142],[ 66  98 121],[ 0  2 14],[15  3  7],[55 20 18],[88 40 36],[96 31 25],[96 31 25],[98 31 25],[100  29  25],[103  28  25],[105  27  25],[103  28  25],[100  29  25],[95 30 24],[97 32 26],[98 29 24],[99 24 21],[103  25  25],[105  31  30],[99 31 28],[89 28 23],[92 28 28],[92 28 26],[92 29 24],[93 28 22],[96 29 23],[97 28 23],[98 27 25],[100  26  23],[104  31  25],[95 23 11],[98 30 11],[104  38  16],[101  36  16],[98 32 16],[96 32 22],[91 26 20],[103  28  23],[101  27  24],[101  27  26],[103  25  25],[107  23  23],[111  23  22],[105  25  26],[92 32 34],[64 28 32],[26  9 15]
[11 12 17],[53 71 83],[140 182 204],[132 196 224],[124 195 227],[131 197 229],[133 194 222],[138 198 224],[123 187 215],[122 191 224],[134 203 242],[130 195 235],[125 187 224],[135 195 229],[130 195 223],[130 198 221],[131 197 223],[122 188 214],[119 185 209],[125 189 214],[129 195 217],[131 197 219],[129 195 219],[121 189 212],[118 186 209],[128 196 219],[128 196 219],[134 200 224],[115 183 206],[124 191 217],[125 192 219],[133 200 227],[123 194 214],[123 193 219],[125 191 225],[125 191 226],[125 191 225],[125 192 219],[125 193 216],[123 193 218],[119 189 215],[117 182 212],[129 185 212],[111 147 169],[ 8 22 33],[24 12 14],[80 45 43],[135  86  82],[165  84  83],[165  84  83],[167  83  81],[170  82  81],[172  80  81],[174  80  81],[172  80  81],[168  82  81],[162  81  78],[164  83  80],[166  80  79],[166  76  76],[168  76  77],[170  80  82],[163  82  81],[155  80  77],[161  79  81],[161  80  79],[161  80  77],[163  80  76],[165  80  77],[167  79  78],[168  78  80],[169  77  78],[174  80  80],[167  74  67],[168  78  67],[173  84  70],[169  81  67],[168  79  71],[169  79  78],[167  77  79],[172  82  81],[170  82  81],[167  81  82],[170  80  82],[174  78  80],[176  78  79],[171  81  83],[158  87  91],[106  61  66],[32  9 15]
[0 2 7],[40 67 78],[133 185 206],[128 199 227],[114 195 225],[116 195 225],[120 194 221],[127 201 228],[125 202 232],[122 205 239],[118 202 239],[105 187 225],[110 188 226],[119 198 229],[114 195 222],[113 197 221],[123 210 237],[112 198 225],[112 196 222],[120 200 225],[120 198 221],[120 198 221],[127 203 227],[131 207 231],[124 200 226],[123 199 225],[114 189 218],[116 191 222],[114 190 222],[125 204 237],[116 198 235],[111 193 230],[117 202 223],[117 201 229],[117 200 234],[119 199 236],[119 199 234],[119 200 229],[119 201 225],[119 201 225],[131 212 239],[129 204 233],[140 204 231],[114 157 176],[ 0 12 22],[8 0 0],[80 42 39],[156 103  99],[197  91  95],[197  91  95],[197  91  95],[200  89  95],[203  88  95],[204  87  95],[203  88  95],[199  90  95],[196  92  93],[197  94  95],[199  93  95],[202  89  93],[202  87  92],[200  90  93],[196  92  93],[190  92  91],[195  90  94],[195  91  92],[195  91  90],[197  92  89],[199  91  91],[200  90  91],[204  89  94],[205  88  94],[209  90  94],[204  86  86],[205  87  83],[208  91  84],[205  87  83],[204  85  87],[207  88  94],[208  86  97],[199  90  93],[197  91  95],[195  90  95],[198  89  95],[201  88  92],[202  87  92],[196  91  95],[180  98 102],[139  82  88],[38  3  9]
[ 0  9 16],[36 68 81],[121 179 201],[115 192 222],[105 191 224],[109 195 228],[109 192 222],[111 196 225],[114 205 236],[109 206 241],[ 97 195 234],[ 94 187 228],[111 201 238],[117 208 239],[109 203 229],[110 209 232],[ 94 189 217],[ 96 190 216],[112 202 226],[122 206 230],[113 193 216],[107 183 206],[108 182 207],[105 179 204],[128 202 229],[129 203 232],[118 193 224],[117 196 229],[121 203 240],[115 203 241],[103 195 236],[106 199 243],[104 200 225],[104 199 229],[104 198 234],[105 197 236],[105 197 234],[107 198 229],[107 199 224],[107 199 224],[109 199 226],[105 189 217],[125 195 221],[109 156 176],[ 0 10 20],[11  0  0],[83 39 38],[162 103  99],[202  79  84],[202  79  84],[203  78  84],[204  77  84],[207  76  84],[209  75  84],[207  76  84],[203  78  84],[202  81  86],[202  83  87],[205  82  85],[206  80  84],[208  77  83],[207  78  83],[203  80  83],[200  81  83],[199  81  81],[199  81  79],[200  82  78],[200  82  78],[201  81  80],[205  81  83],[206  80  84],[209  78  84],[209  78  84],[208  78  80],[209  79  77],[209  79  77],[209  76  77],[210  75  81],[213  76  86],[214  76  91],[203  78  82],[202  79  84],[199  78  85],[201  77  85],[203  76  83],[203  77  81],[196  81  84],[180  88  91],[143  78  84],[37  0  2]
[ 2 16 25],[44 77 92],[132 190 214],[127 206 237],[120 208 244],[120 210 244],[113 202 234],[109 199 233],[ 98 195 230],[100 202 242],[ 95 196 238],[101 198 240],[112 206 244],[106 199 232],[ 99 197 224],[105 205 229],[123 207 233],[119 201 225],[126 202 225],[131 199 220],[116 181 199],[103 164 183],[ 80 138 158],[ 47 105 127],[ 82 142 168],[122 183 211],[126 191 219],[111 182 214],[118 197 230],[107 192 231],[ 97 188 232],[112 207 251],[110 209 240],[110 208 245],[110 207 249],[111 206 250],[111 207 249],[113 207 241],[113 208 238],[113 208 236],[108 202 230],[104 191 221],[131 202 230],[121 168 188],[ 6 20 31],[17  0  0],[94 43 42],[171 101  99],[208  82  85],[208  82  85],[208  82  85],[211  80  86],[214  79  86],[215  78  86],[214  79  86],[211  80  85],[205  81  83],[205  81  83],[206  80  83],[211  78  81],[213  77  81],[212  77  81],[209  79  79],[206  81  79],[200  81  73],[200  81  73],[201  82  74],[201  82  74],[203  82  74],[205  80  78],[208  80  81],[209  78  83],[208  78  80],[209  81  80],[208  80  77],[205  80  76],[208  80  79],[210  80  82],[212  77  84],[213  75  88],[211  81  83],[210  81  85],[207  81  85],[207  81  85],[210  79  84],[210  80  82],[203  84  86],[187  91  93],[137  71  73],[38  0  0]
[ 0  2 14],[37 66 84],[125 181 206],[120 196 230],[105 193 229],[104 194 231],[100 188 224],[ 98 191 225],[102 198 236],[107 206 247],[103 202 244],[107 200 243],[110 198 236],[106 192 227],[111 200 230],[115 209 235],[138 199 220],[101 158 178],[ 71 120 137],[ 54  97 113],[ 50  88 101],[ 57  93 107],[42 78 94],[ 5 42 60],[35 73 92],[ 98 140 162],[ 94 142 164],[ 68 122 148],[124 188 216],[140 213 246],[117 199 236],[115 200 239],[103 197 233],[101 197 237],[101 196 242],[103 195 244],[103 195 242],[104 196 235],[104 197 230],[103 198 230],[108 201 234],[105 191 224],[133 204 232],[120 167 187],[ 0 12 24],[18  0  0],[95 35 35],[172  94  92],[202  82  81],[202  82  81],[202  82  81],[205  81  81],[208  79  83],[209  78  83],[209  78  83],[206  80  81],[201  81  80],[197  77  76],[198  76  75],[205  77  76],[211  78  79],[210  77  78],[206  78  75],[204  79  75],[198  80  70],[199  81  71],[198  82  69],[199  81  71],[201  80  72],[203  80  75],[204  79  77],[204  78  79],[204  80  80],[205  83  80],[197  80  73],[195  78  71],[200  82  78],[205  83  82],[205  79  82],[206  77  82],[208  80  79],[205  81  81],[203  80  82],[204  80  82],[207  79  80],[207  79  78],[199  83  83],[182  91  90],[136  72  72],[39  0  0]
[ 0  5 17],[40 67 86],[128 182 208],[121 197 231],[108 196 232],[111 201 238],[111 201 236],[115 208 242],[102 198 236],[107 203 243],[103 195 236],[109 192 232],[117 193 229],[126 199 232],[131 206 235],[111 191 218],[ 63  98 117],[23 55 70],[ 0 19 30],[ 0  4 14],[ 0  4 11],[ 0  5 13],[ 6 20 29],[ 0  9 22],[11 30 44],[ 88 111 125],[ 68  97 111],[22 57 76],[101 146 167],[131 187 212],[115 180 210],[123 194 226],[113 203 240],[113 202 246],[113 201 251],[113 200 253],[113 201 249],[114 201 244],[114 202 238],[113 203 237],[112 202 237],[105 191 224],[128 202 231],[114 162 182],[ 0  8 20],[18  0  0],[100  38  39],[174  93  92],[196  84  80],[196  84  80],[196  84  80],[197  84  80],[201  81  80],[204  80  80],[204  80  80],[201  81  80],[196  83  79],[189  77  73],[187  74  70],[196  78  74],[206  82  80],[207  83  81],[203  81  76],[200  81  75],[202  81  72],[200  82  72],[200  82  72],[200  81  73],[203  81  76],[204  80  78],[205  79  80],[205  79  80],[210  86  86],[205  87  85],[191  78  72],[184  73  66],[193  82  75],[203  85  83],[205  82  84],[206  80  83],[203  81  78],[200  82  80],[197  81  81],[198  80  80],[201  79  76],[202  80  77],[196  84  80],[180  91  87],[134  73  70],[40  2  0]
[ 0  6 16],[40 67 84],[128 182 208],[124 200 232],[111 201 236],[108 202 238],[101 194 228],[ 99 192 225],[107 201 235],[113 203 238],[109 191 228],[119 189 225],[130 190 224],[138 195 225],[116 176 204],[ 54 118 143],[36 59 73],[29 47 59],[40 53 61],[42 47 51],[15 16 20],[4 5 9],[13 16 21],[11 18 26],[ 0  2 11],[ 97 110 119],[ 87 101 110],[ 8 28 39],[49 77 91],[ 57  95 114],[ 78 124 148],[147 198 225],[112 197 234],[112 197 238],[110 196 243],[110 196 247],[110 196 243],[112 196 240],[110 198 234],[109 199 234],[119 209 244],[105 194 228],[124 199 228],[110 161 180],[ 0 15 23],[25  0  3],[105  45  44],[170  91  87],[194  85  80],[194  85  80],[194  85  80],[196  84  80],[200  82  82],[203  80  82],[203  80  82],[200  82  82],[189  80  77],[177  72  68],[174  69  65],[185  76  73],[196  83  79],[198  83  80],[194  81  77],[191  79  75],[196  78  74],[194  79  74],[194  79  74],[196  78  76],[198  78  79],[201  77  79],[202  76  80],[202  76  80],[209  86  89],[201  85  86],[183  71  69],[172  64  61],[187  75  71],[200  82  80],[203  79  79],[208  78  80],[200  82  78],[196  83  79],[195  83  81],[196  80  80],[199  79  78],[202  80  77],[193  84  81],[180  90  89],[131  70  69],[42  2  2]
[ 0 11 19],[42 74 87],[136 194 216],[116 197 226],[111 206 238],[106 205 237],[110 207 239],[106 201 231],[117 211 239],[115 200 229],[108 182 211],[134 194 222],[148 195 221],[103 147 172],[ 54 100 123],[ 28  78 101],[35 57 70],[ 83 100 110],[67 78 84],[18 22 25],[4 4 4],[4 5 7],[ 6 10 13],[14 21 27],[ 0  7 14],[74 83 90],[115 124 129],[46 57 63],[ 0 10 20],[ 0 19 34],[38 70 91],[147 185 208],[113 198 229],[122 207 244],[114 201 244],[104 192 238],[110 197 242],[113 201 239],[111 200 234],[113 203 237],[106 199 233],[111 201 235],[119 199 226],[111 168 185],[ 0 13 19],[17  0  0],[97 42 39],[171  93  89],[198  82  82],[197  83  82],[197  83  82],[198  82  82],[201  81  82],[204  80  82],[204  80  82],[200  81  83],[202  92  91],[162  60  56],[128  29  24],[198  96  94],[182  78  77],[185  81  80],[195  91  90],[189  86  87],[190  90  88],[184  86  83],[181  83  82],[185  85  85],[193  88  92],[200  89  95],[200  85  92],[196  81  88],[193  80  86],[198  92  96],[173  70  71],[129  27  25],[186  81  78],[196  80  80],[211  85  86],[215  82  83],[203  83  82],[199  83  83],[198  84  84],[201  83  83],[204  82  81],[206  82  82],[200  86  85],[185  94  93],[141  75  76],[43  0  0]
[ 0 14 19],[40 74 84],[131 192 211],[109 195 222],[105 204 235],[104 204 236],[108 207 236],[106 202 227],[ 96 186 210],[122 200 223],[142 207 227],[105 153 173],[ 88 125 144],[ 74 107 126],[24 61 80],[31 72 92],[128 151 165],[64 82 94],[22 33 39],[ 2  7 10],[3 5 4],[12 16 17],[ 5 10 14],[ 0  5 12],[0 2 9],[77 84 90],[69 74 78],[17 25 28],[56 67 73],[69 87 99],[31 57 74],[ 51  82 102],[106 192 217],[119 206 236],[114 204 241],[104 196 237],[109 201 240],[111 201 236],[107 197 231],[110 200 234],[106 199 232],[111 201 235],[119 199 226],[110 169 185],[ 0 14 19],[15  0  0],[96 43 39],[169  94  89],[204  79  83],[203  80  83],[201  81  83],[203  80  83],[205  79  83],[207  78  83],[205  79  83],[200  81  83],[194  88  88],[159  64  62],[99  9  8],[172  84  83],[182  94  93],[174  85  87],[175  86  90],[153  67  70],[134  69  65],[127  63  61],[121  56  54],[122  54  55],[132  60  63],[152  71  77],[171  84  90],[183  92  99],[174  85  91],[191 105 108],[151  67  67],[96 10  9],[173  79  77],[195  87  85],[202  80  79],[205  75  75],[206  82  84],[204  81  84],[202  82  84],[204  81  84],[206  80  83],[209  81  82],[203  84  86],[187  91  93],[144  73  77],[45  0  0]
[ 0  7 10],[34 68 77],[126 187 205],[108 194 219],[108 207 238],[107 207 239],[109 207 236],[107 197 223],[130 212 233],[119 187 206],[ 84 137 153],[42 78 92],[51 77 92],[41 67 82],[27 58 76],[102 139 158],[108 131 149],[21 38 54],[16 26 35],[31 34 39],[10 10 12],[2 3 5],[ 7 12 16],[21 30 37],[ 6 15 22],[15 23 26],[11 15 18],[0 2 3],[13 21 24],[73 87 96],[ 90 112 126],[28 55 74],[ 93 175 197],[111 197 224],[114 203 237],[107 199 236],[111 203 240],[111 204 237],[108 199 230],[109 200 231],[108 198 232],[112 201 235],[119 199 226],[111 168 185],[ 0 13 21],[17  0  0],[97 42 39],[171  93  89],[207  77  85],[204  79  85],[203  80  85],[203  80  83],[205  79  83],[207  78  83],[204  79  85],[197  82  85],[183  83  83],[157  72  69],[74  0  0],[136  66  64],[163  95  96],[131  65  67],[99 34 38],[64  2  7],[30  3  0],[29  1  0],[28  0  0],[28  0  0],[35  0  0],[51  7  8],[71 19 21],[86 27 31],[129  70  72],[166 108 107],[124  66  64],[69  4  2],[161  82  78],[197  99  96],[196  80  80],[205  80  78],[208  79  83],[206  80  84],[205  80  86],[206  79  86],[209  78  84],[210  79  84],[204  83  88],[189  90  95],[144  73  79],[45  0  2]
[0 4 5],[34 67 76],[131 190 208],[114 198 226],[114 211 244],[109 206 239],[107 198 229],[ 98 182 208],[ 77 149 171],[ 39  98 114],[ 0 40 52],[ 5 33 44],[ 3 23 34],[ 7 30 44],[ 77 110 129],[132 173 193],[ 2 22 46],[ 81  96 115],[ 99 105 117],[46 45 51],[15 10 14],[5 3 6],[0 0 5],[0 0 7],[0 1 7],[ 6 10 13],[3 3 3],[0 0 0],[0 2 2],[17 32 39],[ 82 106 118],[ 99 128 144],[ 79 154 175],[106 183 209],[114 199 230],[108 198 233],[111 204 238],[112 205 238],[110 201 232],[114 203 235],[109 197 233],[114 200 235],[122 197 226],[114 166 187],[ 0 11 21],[19  0  0],[100  40  39],[173  92  89],[205  78  87],[203  80  85],[201  80  85],[201  80  85],[203  80  83],[204  79  83],[201  80  85],[193  85  85],[173  83  82],[145  74  70],[65  7  3],[90 41 37],[126  80  80],[99 54 57],[36  0  1],[28  0  0],[10  5  0],[11  8  3],[11 10  6],[12  8  7],[12  4  2],[16  0  0],[25  1  1],[32  2  2],[58 27 25],[104  70  69],[86 48 47],[50  2  0],[141  73  72],[188  97  96],[193  79  78],[208  83  81],[209  78  83],[206  80  84],[204  79  85],[205  78  85],[209  78  84],[209  78  83],[203  82  87],[189  90  95],[143  72  78],[43  0  2]
[ 0 10 12],[43 71 82],[136 193 213],[119 198 229],[115 207 244],[106 200 238],[102 188 223],[ 94 171 201],[ 26  91 113],[ 49 101 115],[ 99 136 145],[ 90 113 121],[ 6 26 35],[46 74 88],[128 169 189],[ 60 112 134],[123 149 176],[148 166 188],[57 64 80],[0 0 5],[16 10 14],[20 14 18],[12  7 13],[13 12 18],[2 1 7],[10  8 11],[11  7  6],[10  9  7],[0 5 5],[ 0  7 14],[42 70 82],[121 154 171],[ 73 138 160],[105 174 203],[117 196 229],[111 196 233],[110 200 235],[109 202 235],[109 200 231],[114 203 237],[109 197 233],[115 199 236],[123 196 228],[115 166 187],[ 0 11 21],[22  0  0],[103  39  39],[176  90  89],[203  79  87],[201  80  85],[198  82  85],[198  82  83],[200  81  83],[201  81  83],[198  82  83],[189  87  85],[173  90  86],[129  69  61],[64 19 13],[47 12  8],[95 65 65],[100  73  78],[25  0  8],[28  5 15],[8 6 7],[6 6 6],[1 5 6],[0 2 5],[0 1 4],[2 0 3],[10  1  2],[15  3  3],[11  0  0],[35 17 15],[38 14 12],[32  0  0],[113  53  53],[176  88  87],[190  76  76],[205  75  77],[208  79  83],[204  79  83],[203  80  85],[204  79  85],[207  78  83],[208  79  83],[202  83  85],[185  91  92],[140  74  76],[41  0  0]
[ 0 11 13],[42 70 81],[133 190 210],[113 192 225],[110 202 243],[106 197 241],[109 192 232],[107 180 213],[133 193 217],[158 205 221],[147 181 191],[43 68 75],[ 4 31 40],[111 149 162],[159 216 236],[104 171 197],[164 203 232],[43 75 98],[ 0 16 31],[36 43 51],[18 16 19],[3 0 2],[17 12 18],[1 0 5],[15 12 19],[3 0 2],[9 3 3],[23 19 18],[61 66 69],[65 84 91],[44 76 91],[102 140 161],[ 69 123 151],[106 167 198],[122 195 230],[113 197 234],[109 199 236],[105 199 233],[104 197 230],[107 200 234],[108 198 235],[114 199 236],[122 197 229],[114 166 188],[ 0 11 23],[21  0  0],[103  39  40],[176  90  89],[203  79  87],[200  81  85],[198  82  83],[198  82  83],[200  82  82],[201  81  82],[198  82  82],[190  86  85],[175  94  90],[127  67  59],[81 38 32],[30  0  0],[74 49 52],[100  79  86],[17  0  9],[20  2 16],[10  0  2],[8 0 5],[ 6  0 10],[ 3  3 11],[ 2  5 12],[ 6  7 12],[11  9 12],[15 11 12],[4 0 0],[6 1 0],[14  0  0],[25  0  0],[102  46  49],[180  91  95],[200  84  87],[209  76  79],[204  80  80],[203  80  82],[201  81  83],[203  80  83],[205  79  82],[206  80  81],[200  84  85],[183  91  92],[139  75  76],[39  0  0]
[0 8 9],[39 69 79],[131 187 210],[111 191 226],[109 200 244],[108 199 244],[115 198 240],[117 190 225],[133 193 219],[128 175 191],[36 73 82],[ 0 13 18],[ 74 108 117],[141 193 206],[118 191 210],[123 209 234],[117 177 205],[ 47  97 120],[ 86 122 136],[72 93 98],[0 2 4],[30 31 33],[67 68 72],[23 22 28],[1 0 5],[14  9 13],[16 10 12],[6 4 5],[131 136 142],[144 163 177],[28 60 81],[109 151 176],[ 59 104 135],[101 155 189],[124 192 231],[116 198 238],[109 201 238],[104 201 234],[102 199 232],[104 201 236],[103 199 237],[109 201 238],[118 199 229],[111 168 188],[ 0 12 23],[18  0  0],[100  40  40],[173  92  89],[203  80  85],[201  80  85],[200  81  83],[200  82  82],[203  81  80],[204  80  80],[203  80  82],[193  85  83],[173  85  81],[135  70  66],[97 49 45],[30  0  0],[58 28 36],[90 64 77],[30  7 25],[27  6 25],[46 13 30],[48 21 38],[45 28 44],[35 27 42],[21 19 30],[ 9  9 17],[ 5  6 10],[4 5 7],[10 14 13],[7 9 8],[11  7  6],[24  2  4],[96 46 49],[179  97 101],[201  86  91],[212  79  84],[203  81  80],[200  82  82],[199  80  82],[200  80  82],[204  80  80],[204  80  80],[198  84  83],[183  92  91],[138  74  74],[39  0  0]
[ 0 11 11],[41 74 83],[136 194 216],[114 196 233],[110 203 247],[104 196 243],[110 193 237],[110 183 218],[144 206 231],[ 99 148 163],[ 0 14 23],[11 46 50],[130 170 178],[119 178 192],[ 94 176 197],[115 213 238],[ 94 170 196],[103 168 190],[109 157 169],[22 53 58],[45 63 63],[132 142 143],[64 69 73],[ 2  5 12],[18 17 25],[3 0 4],[20 14 16],[1 0 2],[53 60 68],[106 128 142],[26 62 86],[100 145 176],[ 48  89 121],[ 95 145 182],[123 188 228],[118 200 240],[111 205 243],[107 205 240],[103 203 235],[105 205 239],[101 201 237],[106 203 238],[116 199 229],[108 169 188],[ 0 13 23],[15  0  0],[97 41 40],[172  93  89],[205  78  85],[203  80  83],[201  81  83],[203  80  82],[205  79  80],[207  79  80],[205  79  80],[196  84  83],[162  71  68],[140  71  66],[99 48 47],[29  0  0],[47 14 23],[93 62 78],[80 52 74],[83 58 80],[109  67  87],[107  72  92],[95 70 89],[68 55 72],[37 31 45],[12 10 21],[0 3 8],[0 5 5],[0 6 5],[ 2 11  8],[ 9 11 10],[16  0  0],[81 37 38],[166  87  90],[186  76  79],[202  73  77],[201  82  78],[200  82  80],[197  81  81],[199  81  81],[203  79  79],[204  80  78],[198  84  83],[183  92  91],[139  73  74],[41  0  0]
[ 0 14 11],[32 71 78],[133 191 211],[118 197 230],[113 202 242],[105 197 234],[116 199 231],[125 192 218],[132 181 198],[24 54 65],[ 0  8 17],[ 89 100 106],[148 167 173],[31 68 77],[ 95 154 168],[134 207 224],[112 182 190],[130 194 203],[ 72 127 134],[27 68 74],[141 164 170],[81 88 94],[16 15 20],[11  9 12],[12 12 14],[0 1 3],[61 60 65],[105 104 112],[ 7  7 17],[65 69 80],[21 34 43],[ 87 106 113],[ 84 108 136],[ 71 106 138],[130 183 225],[122 196 241],[112 200 246],[106 201 245],[102 200 239],[110 204 242],[108 198 233],[114 199 228],[121 196 217],[116 169 177],[ 0 14 13],[19  0  0],[99 42 35],[174  95  90],[199  83  83],[201  83  83],[201  82  84],[204  81  84],[205  80  84],[205  80  84],[201  82  84],[191  87  88],[158  77  76],[122  66  65],[75 41 39],[26  6  5],[17  0  0],[98 72 75],[165 125 133],[124  77  85],[66 46 55],[48 30 42],[31 19 33],[25 18 34],[21 23 36],[15 24 33],[12 25 31],[16 27 29],[0 5 7],[ 2 10 12],[0 0 4],[18  6  8],[50 14 16],[158  88  90],[195  90  94],[208  83  87],[206  82  82],[202  82  83],[201  82  84],[201  81  83],[205  79  80],[206  80  81],[199  83  83],[185  91  91],[140  74  75],[42  0  0]
[ 0 18 15],[36 75 82],[136 194 214],[120 196 230],[112 200 240],[105 195 232],[116 199 231],[126 192 218],[102 149 167],[ 0 23 35],[ 0 13 21],[ 94 103 108],[ 99 114 121],[ 4 38 47],[111 164 178],[139 206 223],[117 177 188],[ 83 140 151],[ 78 126 136],[ 97 134 142],[ 97 120 128],[10 19 26],[ 2  5 10],[ 3  7 10],[0 2 2],[0 7 9],[29 34 37],[112 115 120],[62 62 70],[ 7 11 20],[0 3 9],[42 57 62],[ 84 104 128],[ 62  93 122],[104 156 193],[124 195 237],[109 196 239],[ 94 187 230],[116 212 252],[119 213 249],[108 198 233],[114 199 230],[121 196 219],[116 168 181],[ 0 14 15],[19  0  0],[99 41 39],[174  94  93],[202  82  83],[202  82  83],[204  81  84],[205  80  84],[206  80  84],[206  80  84],[202  82  84],[192  86  88],[153  72  71],[127  71  70],[68 34 32],[14  0  0],[23  4  6],[94 68 71],[128  88  96],[77 30 38],[34 21 28],[29 16 26],[23 12 26],[19 15 30],[18 20 33],[15 24 33],[16 27 33],[18 29 31],[0 7 9],[ 6 11 15],[0 0 4],[18  6 10],[48  9 12],[152  80  84],[186  81  85],[198  72  76],[206  82  82],[202  82  83],[201  82  84],[201  81  83],[205  79  80],[206  80  81],[199  83  83],[185  91  91],[140  74  75],[42  0  0]
[ 0 16 17],[36 73 81],[135 191 214],[120 194 229],[111 199 239],[108 196 234],[120 200 233],[125 191 217],[ 45  92 110],[ 1 27 40],[22 32 41],[76 81 87],[41 52 58],[ 0 13 22],[111 157 170],[141 200 216],[ 69 115 131],[ 90 133 149],[102 140 153],[107 137 148],[29 51 62],[ 0  3 12],[36 47 53],[33 47 50],[18 36 36],[10 28 28],[ 4 20 20],[61 71 72],[68 73 76],[15 20 23],[ 7 17 18],[0 4 4],[60 76 91],[ 70  97 118],[ 99 146 176],[131 196 234],[125 207 247],[ 95 184 224],[110 202 239],[106 196 233],[109 197 233],[115 198 232],[123 195 220],[116 167 184],[ 0 13 20],[19  0  0],[99 40 44],[173  94  99],[204  81  83],[204  81  83],[205  80  84],[206  80  84],[209  78  84],[208  79  84],[204  81  84],[194  85  88],[158  74  74],[114  56  55],[61 26 24],[15  0  0],[18  0  0],[97 71 74],[124  84  92],[44  0  5],[17 11 15],[20 15 22],[22 19 30],[21 20 34],[19 23 35],[17 25 36],[17 26 33],[17 24 30],[ 3 11 14],[ 8 13 17],[0 0 4],[18  3  8],[44  5 10],[149  77  81],[189  83  87],[200  74  78],[206  82  82],[202  82  83],[201  82  84],[201  81  83],[205  79  80],[206  80  81],[199  83  83],[185  91  91],[140  74  75],[42  0  0]
[ 0 14 15],[33 65 76],[132 184 208],[118 191 226],[114 199 240],[112 200 238],[121 200 233],[118 182 209],[ 7 52 71],[60 86 99],[41 50 59],[33 34 39],[24 29 35],[ 6 25 32],[ 85 121 133],[117 164 180],[ 4 31 52],[132 161 179],[ 96 123 140],[41 67 80],[ 0 17 30],[22 40 50],[70 90 97],[ 77 105 108],[65 97 96],[59 91 88],[ 79 108 104],[55 74 72],[ 1 11 10],[12 18 18],[24 33 30],[0 4 0],[36 45 52],[ 67  86 101],[ 63 103 128],[ 77 138 169],[116 194 230],[120 205 242],[113 203 238],[113 201 239],[111 196 235],[115 197 234],[123 194 224],[116 167 186],[ 0 12 24],[18  0  4],[99 39 47],[173  93 102],[205  81  83],[206  80  83],[206  80  84],[208  79  84],[211  77  84],[209  78  84],[205  80  84],[195  85  88],[169  80  82],[98 36 37],[60 22 21],[23  0  0],[15  0  0],[111  82  86],[153 113 121],[59 12 20],[13 14 16],[20 21 26],[23 26 35],[20 24 36],[18 24 36],[20 28 39],[18 25 33],[14 19 25],[15 18 23],[14 17 22],[2 1 6],[14  2  6],[37  1  5],[147  76  80],[192  89  93],[207  82  86],[206  82  82],[202  82  83],[201  82  84],[201  81  83],[205  79  80],[206  80  81],[199  83  83],[185  91  91],[140  74  75],[42  0  0]
[ 0 14 18],[31 61 72],[129 179 204],[119 189 225],[116 199 239],[116 201 240],[116 195 228],[101 165 192],[29 74 93],[115 141 154],[32 41 50],[1 0 6],[51 50 55],[59 70 76],[52 76 88],[ 56  89 104],[ 9 21 43],[126 141 162],[40 59 76],[ 1 20 35],[14 36 49],[50 74 84],[ 67  98 103],[ 94 134 134],[101 147 144],[ 94 140 137],[127 166 161],[107 133 130],[0 8 7],[ 3 12  9],[16 22 18],[14 24 16],[21 25 28],[23 37 46],[ 8 43 63],[ 15  72 101],[ 73 148 180],[116 200 234],[106 192 227],[115 200 237],[111 196 235],[115 197 234],[123 194 224],[116 167 188],[ 0 12 26],[18  0  6],[99 39 49],[173  93 104],[205  81  83],[205  81  83],[206  80  84],[208  79  84],[209  78  84],[209  78  84],[206  80  84],[197  84  88],[166  76  78],[116  52  53],[63 21 22],[23  0  0],[41 16 20],[120  88  93],[144 101 110],[94 44 53],[12 21 20],[17 22 25],[17 21 30],[15 19 31],[16 22 34],[22 26 37],[19 23 32],[15 15 23],[18 19 24],[13 16 21],[2 3 8],[13  4  7],[30  0  2],[140  75  79],[188  89  92],[201  82  86],[206  82  82],[202  82  83],[201  82  84],[201  81  83],[205  79  80],[206  80  81],[199  83  83],[185  91  91],[140  74  75],[42  0  0]
[ 1 16 21],[33 61 75],[130 180 205],[120 190 226],[116 199 239],[115 200 239],[111 190 223],[ 87 153 179],[ 93 140 160],[129 157 171],[ 6 15 24],[1 0 5],[71 69 72],[ 93  96 103],[34 48 57],[ 0 22 34],[72 77 96],[ 87  94 112],[ 0 10 26],[ 2 20 32],[40 62 73],[ 70  97 104],[ 85 123 126],[103 149 149],[104 159 154],[104 159 154],[ 97 143 140],[129 161 158],[49 69 68],[16 28 26],[22 31 28],[17 26 21],[13 13 15],[ 2 15 23],[43 76 95],[ 94 148 176],[109 182 215],[126 209 243],[113 199 234],[118 203 240],[111 196 235],[115 197 234],[123 194 224],[116 167 188],[ 0 12 24],[18  0  4],[99 40 46],[173  94 100],[204  81  83],[204  81  83],[204  81  84],[206  80  84],[208  79  84],[209  78  84],[205  80  84],[197  84  88],[155  65  67],[145  79  81],[66 22 23],[21  0  0],[88 59 64],[118  83  89],[88 42 52],[100  47  57],[23 29 27],[20 25 28],[17 20 27],[14 16 28],[15 17 30],[20 20 32],[21 18 29],[17 14 23],[12  9 16],[ 8  9 14],[0 1 6],[12  6 10],[27  1  2],[136  77  79],[183  91  94],[195  82  84],[206  82  82],[202  82  83],[201  82  84],[201  81  83],[205  79  80],[206  80  81],[199  83  83],[185  91  91],[140  74  75],[42  0  0]
[ 0 15 22],[34 62 76],[134 184 211],[120 193 228],[113 198 237],[112 200 238],[112 192 225],[ 89 156 183],[136 187 208],[123 155 168],[ 0  8 17],[11 12 16],[46 41 45],[77 76 81],[32 39 47],[ 0 10 21],[ 94  96 111],[56 62 76],[ 0 11 20],[15 32 40],[58 78 85],[ 83 111 115],[108 146 147],[110 158 158],[ 80 136 133],[104 161 155],[102 151 148],[128 164 164],[ 81 102 105],[0 8 9],[27 37 38],[21 31 32],[4 4 6],[ 0  6 15],[ 49  81 102],[143 198 228],[135 208 241],[115 197 234],[109 194 231],[104 192 230],[111 196 235],[115 197 234],[123 194 222],[116 167 184],[ 0 13 20],[18  0  0],[99 40 42],[174  94  97],[201  83  83],[201  83  83],[201  82  84],[204  81  84],[205  80  84],[206  80  84],[204  81  84],[195  85  88],[159  67  70],[135  66  69],[67 21 23],[46 14 17],[111  80  86],[112  75  82],[60 13 23],[74 18 29],[25 24 22],[21 19 22],[19 13 23],[17 11 25],[17  9 24],[19  8 24],[22 10 22],[27 14 24],[32 20 30],[22 17 24],[ 7  6 12],[14  8 12],[25  0  2],[133  77  78],[183  93  95],[195  85  86],[206  82  82],[202  82  83],[201  82  84],[201  81  83],[205  79  80],[206  80  81],[199  83  83],[185  91  91],[140  74  75],[42  0  0]
[ 0 11 18],[32 61 75],[135 186 213],[120 194 229],[109 197 235],[110 202 239],[116 201 232],[ 97 169 194],[141 198 218],[120 157 173],[ 2 20 30],[12 17 21],[1 0 2],[40 40 42],[35 38 45],[25 34 43],[58 64 76],[35 43 54],[12 25 34],[25 42 49],[73 92 98],[ 78 103 107],[ 97 131 132],[110 154 153],[ 70 120 117],[ 77 129 125],[117 161 160],[130 161 164],[102 123 128],[0 3 9],[27 38 44],[24 35 39],[79 83 86],[41 58 68],[25 61 83],[115 172 202],[126 200 235],[107 193 228],[116 204 240],[110 200 237],[109 197 235],[114 198 232],[121 195 220],[116 168 182],[ 0 13 17],[18  0  0],[99 41 39],[174  95  91],[198  84  83],[198  84  83],[199  83  84],[201  82  84],[204  81  84],[205  80  84],[202  82  84],[195  85  88],[170  80  82],[96 27 30],[66 20 22],[81 49 52],[107  76  82],[109  72  79],[72 26 36],[44  0  1],[14  0  0],[12  0  2],[13  0  8],[16  0 15],[16  0 14],[18  0 14],[29  5 21],[40 16 30],[71 49 61],[52 39 49],[26 19 26],[22 11 15],[24  0  0],[129  70  72],[181  89  92],[195  82  84],[206  82  82],[202  82  83],[201  82  84],[201  81  83],[205  79  80],[206  80  81],[199  83  83],[185  91  91],[140  74  75],[42  0  0]
[ 0  9 17],[38 70 85],[129 183 209],[122 198 232],[106 198 235],[107 201 237],[108 197 229],[120 197 223],[130 192 213],[128 174 189],[ 0 16 25],[ 92 106 109],[109 113 114],[0 0 2],[25 28 33],[ 2  7 13],[28 40 52],[26 38 50],[17 31 40],[17 34 41],[ 92 109 116],[113 132 136],[54 80 81],[ 73 107 106],[ 86 126 125],[128 170 168],[108 144 144],[ 71  99 102],[25 42 49],[ 0 10 19],[ 0  5 14],[44 57 63],[129 138 143],[37 59 70],[ 61 103 125],[125 188 219],[125 205 240],[ 91 181 216],[110 202 239],[111 203 240],[106 196 231],[114 198 232],[122 196 221],[114 166 179],[ 0 12 13],[18  0  0],[99 41 37],[172  93  88],[196  82  81],[196  82  81],[198  82  83],[201  82  84],[202  82  84],[203  80  83],[199  80  82],[192  83  86],[173  84  86],[83 17 19],[76 32 33],[61 31 33],[31  4  9],[63 31 36],[98 57 65],[120  73  81],[91 66 69],[98 73 79],[21  0  8],[26  2 16],[47 23 39],[55 28 45],[75 44 60],[106  74  89],[78 47 62],[35 13 25],[27 11 21],[21  4 10],[37  5  8],[125  61  62],[190  94  96],[193  74  78],[202  78  78],[200  80  81],[200  81  83],[200  80  82],[202  76  77],[203  77  78],[198  82  82],[185  91  91],[140  74  75],[42  0  0]
[ 0  9 17],[38 70 83],[128 184 207],[120 199 230],[105 199 235],[104 202 237],[105 198 229],[115 199 227],[127 195 218],[119 172 188],[ 0 31 40],[ 87 108 113],[126 136 137],[12 16 17],[1 4 9],[11 16 22],[ 0  3 19],[ 0  9 25],[ 0 17 29],[ 5 22 32],[ 81  96 103],[118 131 137],[59 77 81],[45 69 69],[108 138 136],[60 92 91],[ 0 21 22],[ 3 22 26],[50 61 67],[45 54 61],[ 6 17 23],[61 74 80],[ 93 111 113],[ 0 29 39],[ 66 114 134],[127 196 225],[128 212 246],[114 208 242],[105 202 237],[100 194 230],[104 197 231],[113 199 232],[122 196 221],[113 167 179],[ 0 11 15],[18  0  0],[99 41 37],[171  93  89],[199  81  81],[197  81  81],[198  82  83],[201  82  84],[202  82  84],[203  80  83],[199  80  82],[190  84  86],[159  70  72],[72  8  9],[38  0  0],[19  0  0],[15  0  0],[55 29 32],[74 39 45],[62 23 28],[125  95  97],[102  73  77],[23  0  6],[20  0  9],[55 31 45],[94 68 81],[96 66 78],[82 48 62],[95 63 74],[48 25 35],[28 11 19],[14  0  0],[37  1  3],[129  63  65],[197  97  99],[201  78  81],[202  78  78],[200  80  81],[200  81  83],[200  80  82],[202  76  77],[203  77  78],[198  82  82],[185  91  91],[140  74  75],[42  0  0]
[ 0 10 17],[37 71 83],[127 185 207],[119 200 230],[103 200 235],[103 203 237],[102 199 231],[113 200 228],[115 191 215],[134 195 214],[18 62 75],[25 54 60],[106 124 126],[58 68 69],[ 3 11 14],[53 58 64],[139 164 186],[145 167 188],[114 137 153],[36 54 68],[14 28 39],[36 46 55],[22 33 37],[22 40 40],[12 37 34],[43 69 66],[104 126 124],[147 161 164],[153 160 166],[ 89  96 102],[ 7 16 21],[66 77 81],[ 85 111 110],[ 4 41 49],[100 156 173],[125 201 227],[107 196 228],[115 212 245],[100 198 233],[107 204 239],[104 196 233],[113 199 232],[122 196 221],[113 166 180],[ 0 11 17],[18  0  0],[97 41 40],[171  93  91],[200  80  81],[200  80  81],[201  81  83],[202  82  84],[204  81  84],[203  80  83],[199  80  82],[190  84  86],[189 100 102],[121  57  58],[59 19 19],[25  1  1],[32 13 15],[84 64 65],[127  98 102],[123  91  94],[59 28 26],[42 14 13],[22  0  3],[25  6 12],[18  1  9],[39 19 28],[64 41 49],[98 68 76],[101  74  81],[60 39 46],[33 16 22],[13  0  0],[41  5  5],[137  69  70],[201  98 101],[205  81  83],[202  78  78],[200  80  81],[200  81  83],[200  80  82],[202  76  77],[203  77  78],[198  82  82],[185  91  91],[140  74  75],[42  0  0]
[ 0  9 16],[37 71 83],[127 185 207],[119 200 230],[103 200 233],[101 204 237],[101 200 232],[110 201 230],[104 184 211],[149 215 237],[ 74 126 140],[ 0 26 34],[ 86 110 114],[103 118 121],[0 4 9],[49 58 65],[120 150 174],[138 169 190],[127 154 173],[44 67 81],[ 0  3 16],[ 0  3 12],[ 0  5 11],[ 0 18 18],[ 0 18 15],[49 74 70],[157 177 175],[165 179 179],[102 110 112],[22 27 30],[0 2 4],[66 76 77],[ 69 101 100],[33 76 83],[128 189 207],[122 202 229],[ 98 191 222],[114 213 245],[ 99 198 230],[103 200 235],[104 196 233],[114 198 232],[122 196 223],[114 165 182],[ 0 11 18],[18  0  0],[97 41 42],[171  92  95],[203  79  81],[202  79  81],[203  80  83],[204  81  84],[205  80  84],[204  79  83],[200  80  82],[192  83  86],[175  86  88],[133  69  70],[66 26 26],[23  0  0],[14  0  0],[36 18 18],[73 47 50],[78 48 50],[40  7  2],[43 13 11],[56 36 35],[37 25 27],[6 0 0],[7 0 0],[16  0  1],[61 41 43],[61 39 42],[43 24 28],[24 12 14],[11  0  0],[48 13 11],[140  72  71],[195  92  93],[201  77  77],[202  78  78],[200  80  81],[200  81  83],[200  80  82],[202  76  77],[203  77  78],[198  82  82],[185  91  91],[140  74  75],[42  0  0]
[ 0  9 16],[38 70 83],[128 185 205],[119 200 229],[103 200 233],[101 204 239],[101 199 234],[108 201 232],[112 195 225],[129 201 225],[114 173 191],[ 0 44 55],[53 82 88],[105 124 128],[ 3 16 22],[32 42 51],[ 81 117 139],[ 80 117 136],[ 72 105 122],[39 68 82],[18 42 52],[26 46 53],[33 54 57],[30 56 55],[30 61 56],[ 0 19 13],[ 0 15 10],[0 5 4],[0 3 4],[0 1 4],[0 6 8],[ 94 104 105],[ 65  99 101],[ 81 125 134],[141 204 222],[115 196 225],[101 194 227],[113 212 244],[111 209 244],[109 203 239],[106 196 233],[114 198 232],[124 195 223],[114 165 182],[ 0 11 18],[18  0  0],[97 41 44],[171  92  97],[202  79  81],[202  79  81],[201  81  83],[204  81  84],[205  80  84],[204  79  83],[200  80  82],[192  83  86],[179  89  91],[137  71  73],[67 23 24],[27  0  0],[15  0  0],[15  0  0],[27  0  2],[28  0  0],[43  0  0],[102  67  63],[120  94  93],[41 27 26],[7 2 0],[20 15 12],[12  1  0],[19  1  0],[14  0  0],[19  3  3],[18  7  5],[15  0  0],[63 28 24],[147  77  75],[189  85  84],[199  73  74],[202  78  78],[200  80  81],[200  81  83],[200  80  82],[202  76  77],[203  77  78],[198  82  82],[185  91  91],[140  74  75],[42  0  0]
[ 0  9 16],[40 70 81],[129 184 205],[120 199 229],[105 199 233],[103 203 239],[101 199 234],[108 201 235],[116 201 232],[109 185 211],[134 196 217],[ 45  93 107],[25 59 68],[ 79 102 108],[50 65 72],[13 26 35],[125 166 184],[124 166 182],[100 142 154],[ 78 116 125],[ 70 105 111],[ 73 104 107],[ 86 120 119],[ 97 136 131],[ 99 142 133],[ 71 112 104],[24 59 53],[ 0 19 16],[ 4 18 18],[ 2 12 13],[45 55 56],[102 114 114],[22 57 63],[ 84 130 145],[141 203 228],[116 197 227],[101 194 228],[ 97 195 230],[113 210 245],[115 207 244],[107 195 231],[115 198 232],[124 195 223],[116 165 182],[ 0 11 18],[18  0  0],[97 41 44],[169  93  97],[200  80  81],[199  81  81],[200  81  83],[202  82  84],[204  81  84],[203  80  83],[200  80  82],[193  83  86],[185  90  94],[144  73  77],[85 35 38],[39  4  8],[31  4  9],[38  9 13],[36  1  7],[37  0  2],[51  0  0],[140  89  88],[147 109 108],[34 13 12],[8 0 0],[18  8  6],[14  0  0],[17  0  0],[36 12 12],[43 23 22],[38 20 18],[34 13 10],[92 51 47],[167  93  90],[196  86  85],[208  75  76],[202  78  78],[200  80  81],[200  81  83],[200  80  82],[202  76  77],[203  77  78],[198  82  82],[185  91  91],[140  74  75],[42  0  0]
[ 0  8 14],[41 69 81],[129 184 205],[122 199 229],[105 199 233],[103 203 239],[101 199 236],[108 201 235],[106 192 225],[117 194 224],[137 203 225],[122 174 188],[ 63 100 109],[47 72 79],[ 83 100 108],[ 5 19 30],[28 74 87],[ 89 137 147],[107 156 163],[105 153 157],[106 150 151],[ 92 136 135],[ 99 146 140],[115 166 159],[103 159 148],[129 182 172],[109 154 147],[67 99 96],[ 5 25 24],[0 4 5],[70 81 83],[75 87 87],[ 0 27 39],[ 56 101 120],[129 190 219],[123 201 237],[108 200 239],[ 94 190 228],[103 197 235],[104 194 231],[109 194 231],[117 197 232],[125 195 221],[116 165 180],[ 0 11 17],[18  0  0],[96 42 42],[169  93  95],[197  81  81],[196  82  81],[197  83  83],[199  83  84],[202  82  84],[203  80  83],[200  80  82],[195  82  86],[183  87  91],[159  84  89],[122  67  72],[63 22 28],[57 22 29],[84 47 54],[66 23 32],[47  0  8],[130  50  53],[173 102 106],[142  87  90],[42  6  8],[23  0  0],[19  0  0],[28  7  4],[45 17 16],[96 66 66],[83 54 56],[48 22 23],[38  8  6],[108  59  55],[181 100  97],[201  85  85],[214  74  75],[202  78  78],[200  80  81],[200  81  83],[200  80  82],[202  76  77],[203  77  78],[198  82  82],[185  91  91],[140  74  75],[42  0  0]
[ 0  8 14],[41 69 81],[131 183 205],[122 199 229],[106 199 233],[104 202 239],[101 199 236],[108 200 237],[116 202 237],[127 204 234],[104 170 194],[162 215 231],[111 149 160],[15 42 51],[108 126 136],[68 82 93],[23 72 79],[ 98 149 153],[107 158 161],[ 97 148 149],[108 158 155],[100 151 146],[ 98 151 145],[101 161 151],[100 163 152],[ 92 152 142],[ 99 150 143],[124 160 156],[51 75 75],[15 30 33],[112 126 127],[41 55 56],[ 91 124 141],[ 91 136 159],[126 187 218],[110 188 227],[105 194 236],[108 201 242],[112 206 244],[111 201 238],[110 194 231],[118 197 230],[125 195 221],[116 165 180],[ 0 11 17],[18  0  0],[96 42 42],[169  93  95],[195  83  81],[195  83  81],[196  84  83],[198  84  84],[201  82  84],[201  81  83],[200  80  82],[195  82  86],[187  88  93],[160  81  87],[119  60  66],[47  2  9],[66 26 35],[143 102 110],[137  90 100],[110  57  67],[155  63  68],[185 103 109],[147  82  88],[57 11 14],[34  2  3],[31  5  4],[80 52 51],[123  89  88],[126  90  90],[93 59 60],[31  1  1],[25  0  0],[97 43 41],[177  91  90],[199  76  78],[212  67  70],[202  78  78],[200  80  81],[200  81  83],[200  80  82],[202  76  77],[203  77  78],[198  82  82],[185  91  91],[140  74  75],[42  0  0]
[ 0  7 13],[41 69 83],[130 181 208],[123 197 234],[108 197 239],[108 201 244],[106 198 239],[109 201 242],[104 196 237],[114 206 245],[ 83 171 207],[140 220 247],[ 98 165 182],[ 0 34 42],[ 83 123 125],[141 173 172],[18 67 64],[ 92 142 141],[106 157 158],[102 156 156],[105 157 155],[ 90 142 140],[ 85 140 137],[ 72 130 131],[ 80 142 141],[102 164 161],[107 164 157],[111 161 150],[42 84 74],[ 82 118 116],[ 89 126 132],[14 52 63],[111 193 217],[110 194 220],[109 194 223],[109 196 224],[110 197 225],[110 197 225],[108 197 229],[108 196 234],[107 194 237],[116 197 240],[125 196 228],[117 166 183],[ 0 12 16],[14  1  0],[88 46 32],[157  98  84],[196  88  75],[199  86  78],[202  84  84],[202  81  86],[202  81  86],[204  79  83],[207  78  82],[207  78  82],[197  80  86],[177  88  92],[93 39 39],[30  2  0],[36 11  7],[117  67  66],[193 107 110],[193  78  85],[164  65  59],[157  63  55],[134  45  37],[105  18   9],[111  22  14],[128  38  30],[142  53  45],[177  98  93],[133  72  67],[56 17 12],[27  1  0],[21  0  0],[79 37 38],[162  90  93],[181  78  81],[202  79  82],[211  78  81],[209  81  80],[207  82  78],[207  80  74],[210  76  73],[212  76  78],[206  83  86],[191  95  97],[135  74  73],[32  0  0]
[ 0  8 13],[40 69 83],[128 182 208],[122 198 234],[108 197 239],[108 201 244],[106 198 237],[111 200 240],[106 195 235],[113 205 244],[106 194 230],[128 207 237],[101 168 187],[28 78 89],[51 90 95],[147 178 180],[ 79 128 125],[ 85 135 134],[100 154 154],[106 160 160],[ 98 153 150],[ 84 136 134],[ 60 115 112],[ 44 103 101],[ 88 150 149],[102 164 161],[111 168 161],[ 86 136 125],[ 64 106  96],[105 144 141],[ 59  96 102],[ 62 100 111],[117 198 225],[116 197 226],[113 196 228],[111 196 227],[109 196 226],[110 197 227],[109 198 230],[109 199 236],[106 195 237],[115 198 238],[123 196 228],[115 166 183],[ 0 12 16],[15  0  0],[89 45 34],[159  97  86],[195  88  78],[198  86  82],[199  85  85],[199  82  88],[201  82  88],[203  80  83],[205  79  82],[205  79  82],[193  78  81],[169  80  82],[84 30 30],[28  3  0],[28  7  2],[86 42 39],[167  88  91],[185  80  85],[167  69  58],[162  68  58],[142  52  43],[118  30  20],[125  37  27],[133  44  36],[128  41  34],[136  61  55],[122  64  60],[45 10  6],[20  0  0],[19  0  0],[74 32 33],[161  89  90],[191  86  90],[210  85  89],[206  80  81],[206  82  80],[205  83  78],[205  82  75],[209  77  73],[208  76  74],[202  79  81],[184  88  89],[136  75  74],[34  0  0]
[ 0  9 13],[37 71 83],[127 183 208],[120 199 232],[108 197 237],[109 201 240],[108 198 235],[112 200 236],[107 195 231],[112 200 238],[122 208 243],[117 194 224],[110 175 197],[ 89 141 155],[15 53 62],[112 143 148],[123 172 169],[ 94 144 143],[101 155 155],[101 157 156],[105 160 157],[105 160 155],[ 78 134 131],[ 80 140 138],[108 172 171],[ 90 155 151],[107 167 159],[ 92 142 131],[113 156 146],[114 153 148],[ 1 40 45],[ 91 131 141],[121 202 232],[120 200 233],[115 198 232],[112 195 229],[111 195 229],[111 198 228],[110 199 231],[109 201 238],[104 196 235],[112 200 236],[122 197 226],[114 167 183],[ 0 12 16],[15  0  0],[92 43 38],[162  95  89],[193  88  84],[196  86  85],[197  84  88],[198  83  90],[199  82  90],[202  81  86],[205  79  82],[205  79  80],[197  81  82],[177  87  87],[94 40 38],[34  9  4],[26  9  2],[58 23 19],[142  76  77],[181  92  96],[168  68  53],[169  73  59],[157  65  52],[142  52  41],[150  60  51],[148  60  50],[126  43  35],[118  47  41],[99 48 44],[33  4  0],[15  0  0],[17  0  0],[64 24 24],[153  81  82],[195  90  94],[205  79  83],[200  82  78],[198  83  78],[198  83  76],[201  82  74],[207  80  74],[207  77  75],[199  79  80],[180  86  86],[139  75  73],[37  0  0]
[ 0  9 13],[35 71 83],[126 184 208],[120 199 232],[108 198 235],[109 201 238],[109 198 232],[114 200 233],[110 196 229],[110 198 234],[111 197 232],[112 191 222],[117 183 207],[135 188 206],[13 53 65],[35 69 79],[107 153 150],[113 163 160],[108 163 160],[ 93 149 148],[106 162 159],[106 163 157],[ 86 143 137],[ 99 159 157],[101 166 162],[ 82 147 141],[102 162 152],[107 159 147],[130 173 163],[ 90 129 124],[ 0 11 14],[ 61  99 108],[117 200 232],[116 198 235],[114 196 234],[113 195 233],[112 196 232],[112 196 230],[110 199 233],[108 200 237],[103 197 235],[111 201 236],[121 198 224],[114 167 181],[ 0 12 16],[17  0  0],[93 42 39],[164  93  91],[194  86  86],[195  85  88],[197  83  91],[198  82  91],[199  82  90],[202  82  84],[206  80  81],[206  80  81],[195  79  80],[185  94  93],[111  53  51],[37  9  5],[21  6  0],[32  7  2],[112  62  61],[168  98 100],[171  68  53],[173  71  56],[164  66  53],[158  62  50],[159  65  55],[147  57  49],[126  43  37],[118  51  45],[71 26 21],[25  1  0],[16  5  1],[14  0  0],[51 13 12],[143  71  74],[196  90  94],[194  68  72],[197  84  78],[196  85  78],[195  84  75],[200  83  74],[206  81  75],[209  79  77],[202  82  83],[184  89  87],[140  75  71],[38  0  0]
[ 0  9 13],[37 71 83],[126 184 208],[120 199 232],[108 198 233],[109 202 236],[109 198 228],[115 200 229],[111 198 228],[114 203 237],[ 94 183 217],[117 200 232],[116 188 213],[147 205 225],[ 52  98 114],[ 0 27 39],[54 99 96],[ 99 148 145],[101 153 151],[ 95 151 150],[ 99 155 152],[ 83 138 133],[ 74 131 125],[ 73 132 128],[ 71 133 128],[ 92 154 149],[105 162 153],[104 154 143],[ 91 133 123],[57 93 89],[12 50 53],[49 86 95],[106 195 227],[109 194 231],[111 196 235],[112 197 236],[113 197 234],[112 198 233],[109 198 232],[105 197 234],[103 197 233],[111 201 235],[121 198 224],[114 167 181],[ 0 12 18],[18  0  0],[95 40 43],[166  91  95],[199  82  88],[199  82  90],[199  82  90],[199  82  90],[201  82  88],[202  82  84],[206  80  81],[208  80  79],[193  75  75],[176  80  81],[115  54  53],[35  4  0],[22  7  0],[14  0  0],[69 31 30],[143  91  93],[191  81  66],[179  71  58],[160  56  43],[158  55  46],[157  58  52],[137  42  38],[118  35  31],[110  45  43],[51  7  4],[23  2  0],[17  7  5],[13  0  0],[41  5  5],[133  63  65],[201  98 102],[201  78  83],[200  87  83],[198  87  80],[198  85  77],[201  82  74],[207  80  74],[210  77  78],[202  82  83],[188  90  89],[141  73  70],[41  0  0]
[ 0  8 13],[38 70 83],[127 183 208],[120 199 232],[108 198 233],[111 201 236],[111 198 228],[115 200 229],[113 200 230],[118 208 242],[ 91 184 218],[119 208 242],[112 189 219],[136 201 223],[100 153 171],[ 5 51 67],[46 85 82],[ 79 121 119],[ 90 138 138],[110 161 162],[102 157 154],[ 87 139 135],[ 98 151 145],[ 82 137 132],[ 79 138 134],[105 164 158],[105 158 150],[101 147 136],[57 97 88],[24 59 55],[ 65  99 101],[115 148 157],[101 194 225],[102 195 229],[107 197 234],[110 200 237],[111 199 237],[110 198 234],[109 197 233],[106 196 233],[104 196 235],[114 200 235],[123 197 224],[117 166 181],[ 0 11 18],[19  0  0],[95 40 45],[166  91  96],[204  79  85],[204  79  85],[204  80  88],[202  81  88],[201  82  86],[202  82  83],[206  82  80],[207  82  80],[202  84  84],[165  69  70],[124  58  59],[43  8  6],[50 31 27],[28  8  7],[39  9  9],[121  79  81],[207  96  85],[188  80  70],[164  57  49],[164  61  54],[166  67  62],[146  52  50],[124  43  42],[103  42  41],[39  0  0],[22  2  1],[14  6  3],[12  1  0],[33  2  0],[110  48  51],[189  97 102],[207  96 102],[197  85  83],[199  87  85],[200  87  83],[204  82  79],[205  77  76],[205  75  77],[199  79  81],[185  87  88],[142  72  70],[41  0  0]
[ 0  7 13],[41 69 83],[128 182 208],[122 198 234],[108 198 235],[109 202 236],[109 198 228],[114 201 229],[113 202 232],[109 203 237],[101 199 236],[109 203 237],[111 196 225],[123 195 219],[113 174 192],[ 54 107 123],[50 80 78],[ 65 101 101],[ 81 125 126],[ 97 145 147],[103 151 151],[106 155 151],[113 159 156],[107 156 152],[107 157 154],[109 160 155],[ 97 144 138],[ 79 119 110],[42 75 68],[ 0 27 23],[46 74 78],[160 187 196],[105 199 225],[106 199 230],[107 200 234],[108 200 237],[109 201 238],[110 200 235],[109 199 236],[108 197 237],[106 195 235],[115 199 236],[126 195 224],[118 165 183],[ 0 11 18],[19  0  0],[95 40 45],[164  91  98],[210  77  82],[208  77  83],[205  78  85],[202  81  86],[199  83  84],[199  85  84],[200  85  82],[202  84  82],[201  89  88],[162  68  69],[139  70  73],[44  4  4],[77 53 53],[69 47 49],[31  2  6],[87 51 55],[188  86  81],[184  85  80],[167  70  64],[168  73  69],[168  77  74],[148  64  62],[121  49  50],[86 32 32],[33  0  0],[17  3  2],[6 2 0],[12  7  4],[22  1  0],[63 17 17],[139  67  70],[178  91  97],[177  74  75],[183  81  79],[192  87  84],[199  85  85],[201  78  81],[199  74  80],[193  78  85],[182  87  91],[142  74  75],[43  0  0]
[ 0  6 11],[42 68 83],[128 182 210],[120 198 236],[106 198 239],[108 202 238],[108 199 230],[112 201 231],[110 203 234],[ 97 195 230],[108 210 248],[ 94 194 230],[114 203 235],[117 193 217],[104 167 185],[ 88 144 159],[ 4 26 24],[32 60 61],[59 94 96],[ 60 101 103],[ 96 137 139],[120 160 159],[103 142 139],[119 158 155],[109 149 148],[108 148 147],[ 91 130 125],[38 71 64],[21 46 42],[0 7 5],[ 0 10 16],[135 155 164],[117 203 226],[115 202 229],[113 202 232],[111 201 235],[108 201 234],[108 201 235],[107 201 237],[108 200 241],[106 195 239],[116 198 238],[126 195 226],[119 164 183],[ 0 10 19],[18  0  0],[92 42 45],[162  93  96],[208  77  82],[205  79  83],[201  80  85],[197  84  88],[191  87  88],[189  89  87],[189  89  87],[191  89  87],[177  79  80],[151  66  69],[140  75  79],[29  0  0],[82 53 57],[99 74 78],[27  0  3],[47 15 20],[144  63  62],[161  81  80],[157  79  77],[154  79  76],[145  74  72],[124  59  57],[94 38 37],[51  9 10],[26  2  0],[11  3  1],[0 1 0],[13 15 10],[11  1  0],[18  0  0],[79 33 35],[129  73  74],[146  65  64],[160  76  76],[176  88  87],[185  89  90],[189  84  88],[189  80  86],[184  83  91],[177  92  99],[138  76  79],[43  0  0]
[ 0  7 12],[43 71 85],[126 182 209],[113 192 231],[102 195 238],[108 204 244],[107 197 232],[103 192 224],[ 96 189 222],[104 202 239],[ 93 195 235],[111 210 249],[106 195 227],[ 92 166 191],[113 174 192],[100 152 166],[0 7 7],[ 0 19 20],[ 74 102 106],[58 91 96],[ 87 122 126],[ 89 120 122],[104 134 132],[ 96 125 123],[ 87 117 117],[ 85 115 115],[42 71 69],[ 81 103 100],[26 45 43],[ 0 10 11],[ 0 11 17],[ 91 104 113],[138 204 226],[130 200 225],[119 195 221],[109 192 222],[111 200 230],[114 209 239],[109 206 239],[100 196 236],[103 196 239],[116 199 241],[137 205 240],[113 160 180],[ 2 19 27],[14  0  0],[80 34 34],[151  90  89],[198  79  81],[188  75  77],[189  83  87],[187  91  93],[149  63  64],[135  55  54],[158  80  80],[152  74  74],[133  57  61],[170 101 106],[117  62  67],[45  4 10],[62 31 36],[117  90  95],[72 43 48],[32  0  6],[57  2  7],[90 38 40],[115  65  64],[86 38 34],[88 43 38],[86 45 41],[34  0  0],[29  3  2],[15  1  0],[6 5 1],[1 7 3],[0 8 3],[4 6 1],[11  3  0],[19  0  0],[22  0  0],[46  0  0],[70 15 12],[118  57  56],[166  96  96],[188 108 111],[183  98 105],[173  92  99],[165  98 105],[134  83  88],[47 11 13]
[ 0  8 11],[41 73 86],[129 189 217],[119 202 242],[104 199 243],[106 202 244],[110 200 235],[119 205 238],[112 201 235],[113 207 245],[110 207 249],[106 200 238],[ 95 178 210],[120 187 213],[114 165 182],[19 63 74],[ 8 14 14],[ 0 11 13],[118 138 145],[ 72  99 106],[30 59 65],[56 82 83],[60 80 81],[58 76 76],[54 74 75],[38 58 59],[24 44 45],[100 116 115],[45 55 54],[ 5 13 15],[0 2 8],[22 29 39],[ 74 115 135],[109 155 178],[140 198 222],[139 209 234],[116 198 222],[ 99 189 215],[ 99 194 224],[104 202 239],[101 196 240],[106 193 236],[128 201 236],[105 155 178],[ 0  9 18],[10  0  0],[92 51 49],[167 109 107],[197 101 103],[190  98 101],[172  87  90],[147  75  78],[95 33 34],[43  0  0],[40  0  0],[49  0  2],[135  85  88],[151 105 108],[98 57 63],[31  0  4],[48 19 23],[121  95  98],[88 59 63],[26  0  0],[31  4 11],[32  5 10],[31  7  7],[20  0  0],[17  0  0],[22  2  0],[22  4  0],[20  6  3],[8 3 0],[3 5 2],[0 7 4],[0 8 4],[0 8 3],[3 8 4],[8 7 5],[10  6  5],[20  0  0],[31  2  0],[60 25 23],[100  56  57],[124  72  76],[126  69  75],[120  65  71],[115  68  74],[72 35 42],[20  0  0]
[ 0 14 16],[33 69 83],[117 181 209],[114 199 240],[102 199 242],[103 196 237],[103 189 224],[111 190 221],[123 202 235],[112 196 233],[100 188 228],[ 95 178 218],[112 185 218],[136 192 215],[ 88 127 142],[ 0 22 32],[25 25 25],[0 6 9],[139 156 163],[103 126 134],[ 0 12 20],[17 36 40],[15 29 30],[10 20 21],[ 9 19 21],[0 4 8],[29 40 42],[117 125 127],[36 42 42],[1 5 8],[12 12 20],[ 0  3 12],[ 0 12 31],[40 62 83],[ 94 129 151],[129 180 201],[137 204 223],[126 207 228],[112 202 228],[101 195 229],[103 199 241],[100 189 233],[132 208 244],[119 171 195],[ 0 17 28],[7 0 0],[67 29 26],[113  58  53],[154  80  81],[152  82  84],[135  73  76],[133  81  85],[115  73  77],[56 21 25],[22  0  0],[30  3  8],[82 55 60],[84 57 62],[54 28 31],[17  0  0],[31  6  9],[127 102 105],[111  85  88],[19  0  0],[15  5 14],[12  3  8],[6 0 0],[13  5  2],[18  9  4],[10  1  0],[15  7  4],[4 0 0],[10  6  5],[7 7 7],[2 6 5],[0 6 4],[0 7 6],[1 7 7],[ 2  7 10],[ 3  8 11],[15  7  4],[9 0 0],[12  0  0],[25  4  3],[34  5  7],[30  0  3],[24  0  0],[20  0  0],[27  6 11],[12  0  4]
[ 0 12 15],[34 72 85],[121 185 213],[116 201 242],[107 202 246],[113 202 242],[117 193 227],[121 190 221],[108 174 206],[ 96 166 202],[ 82 156 195],[ 99 168 207],[129 188 220],[ 83 125 147],[ 5 31 44],[ 0 14 22],[23 22 20],[0 4 7],[ 96 111 118],[142 162 171],[21 41 48],[ 0  8 13],[13 21 23],[0 1 4],[ 3  7 10],[0 1 5],[68 73 77],[114 118 121],[13 14 16],[0 0 4],[13 14 19],[ 2  2 10],[ 2  0 13],[ 3  6 23],[18 35 51],[ 59  92 109],[108 157 172],[134 200 216],[131 207 230],[114 198 232],[109 198 240],[ 95 182 225],[127 202 241],[119 173 199],[ 0 25 36],[6 0 0],[55 20 16],[82 31 27],[56  0  0],[53  0  0],[55  6  9],[95 54 58],[127  96 101],[89 66 72],[30 15 20],[8 0 3],[15  4  8],[17  5  7],[20  4  5],[13  0  0],[19  0  0],[118  96  98],[114  92  94],[15  0  0],[16 13 24],[21 18 25],[6 1 5],[3 0 0],[17 12  8],[12  7  3],[6 1 0],[10  6  7],[14  9 13],[10  8 11],[8 6 9],[5 5 7],[3 4 6],[1 5 8],[ 1  6 10],[ 1  6 12],[8 8 8],[4 2 3],[6 0 0],[13  3  4],[17  2  5],[15  0  3],[18  3  8],[23 12 16],[13  7 11],[18 16 19]
[0 6 9],[42 79 95],[132 196 224],[117 198 241],[101 190 234],[110 189 228],[112 178 210],[113 169 196],[ 71 122 151],[ 73 130 160],[106 166 202],[138 194 229],[115 160 189],[30 61 81],[ 0  3 14],[24 29 33],[9 5 4],[ 4  8 11],[21 36 43],[160 180 189],[ 93 112 119],[0 3 9],[26 30 33],[3 3 5],[ 8  8 10],[ 5  6 11],[82 85 90],[77 81 84],[2 3 5],[ 6  7 11],[ 4  5 10],[0 0 7],[25 15 26],[ 8  2 14],[ 0  0 12],[ 0 13 26],[31 61 72],[ 77 121 134],[118 175 195],[140 206 238],[129 204 244],[116 193 239],[130 202 242],[107 161 189],[ 0 13 26],[4 0 3],[74 40 38],[128  79  74],[92 39 35],[61 10  7],[44  0  0],[59 19 20],[90 58 63],[89 66 72],[57 42 49],[31 22 27],[12  6 10],[14  8 10],[26 16 17],[28 12 13],[21  3  3],[106  86  87],[119 100 102],[32 16 17],[ 8  2 12],[21 14 22],[46 37 40],[23 13 12],[8 0 0],[15  7  5],[4 0 0],[12  7 11],[11  6 12],[10  5 11],[ 9  4 10],[8 3 7],[6 4 9],[ 5  4 10],[ 5  5 13],[ 6  6 16],[4 5 9],[2 2 4],[2 0 3],[6 1 5],[4 0 3],[3 0 2],[3 0 4],[3 1 6],[3 2 7],[12 13 17]
[ 0  7 14],[40 73 90],[123 179 212],[106 181 223],[ 98 176 222],[109 178 217],[ 98 152 180],[ 82 122 147],[ 85 123 146],[ 87 128 156],[150 196 229],[169 214 245],[ 71 107 133],[ 0 15 32],[ 0  4 10],[5 3 4],[3 2 0],[13 19 19],[ 0  4 11],[129 152 160],[139 159 166],[0 3 7],[15 19 20],[5 3 4],[3 1 4],[15 14 19],[68 69 74],[27 31 34],[0 0 2],[6 7 9],[0 1 4],[ 3  6 11],[4 0 2],[7 2 8],[ 7  6 12],[ 0  4 10],[ 0  9 17],[15 37 48],[ 53  88 107],[ 85 131 164],[106 163 206],[119 183 229],[137 200 243],[109 158 188],[ 0 20 35],[6 1 7],[77 46 44],[160 111 107],[150  91  83],[111  54  47],[80 25 22],[53  3  2],[42  0  0],[45 10 16],[36 11 17],[19  4  9],[19 10 13],[19 10 11],[21  9  9],[25  9 10],[14  0  0],[77 58 62],[108  91  97],[66 54 58],[8 0 5],[20  5 12],[105  86  90],[95 77 77],[29 11 11],[23  9  9],[15  4  8],[3 0 4],[3 0 7],[3 2 8],[5 3 8],[6 4 9],[ 8  6 11],[ 9  6 13],[ 9  7 18],[ 9  7 20],[ 4  5 10],[1 0 6],[0 0 5],[ 5  4 10],[10  9 15],[ 8  9 14],[ 5  6 11],[3 2 8],[0 0 4],[ 9  8 13]
[ 0  9 18],[38 66 87],[117 170 204],[106 175 217],[102 173 217],[108 168 205],[ 90 131 159],[ 70  98 119],[47 74 93],[33 63 87],[ 83 120 147],[142 179 206],[ 82 113 134],[10 26 39],[14 15 19],[7 2 0],[10 11  6],[ 9 18 17],[ 0  7 11],[59 82 90],[143 163 170],[40 54 57],[0 3 4],[11  7  8],[7 2 6],[35 34 39],[46 47 51],[1 5 8],[0 2 3],[0 1 2],[0 5 8],[ 8 13 17],[1 3 0],[6 8 7],[14 14 16],[16 16 18],[ 8  7 12],[ 0  2 11],[ 0  9 28],[ 0 22 55],[ 29  70 114],[ 62 112 161],[ 85 138 182],[ 78 121 155],[ 4 27 45],[14  9 16],[58 26 27],[138  90  88],[177 109  96],[169 101  90],[171 104  96],[152  87  83],[124  64  64],[104  54  57],[73 34 39],[49 22 27],[35 19 20],[35 21 21],[21  5  6],[28  8 10],[14  0  0],[37 18 24],[56 41 48],[47 36 44],[29  8 17],[23  0  4],[102  76  79],[119  93  94],[38 14 14],[13  0  0],[22 11 17],[2 0 6],[0 1 8],[ 0  4 10],[ 2  5 10],[ 5  6 10],[ 7  6 11],[ 7  6 12],[ 6  4 15],[ 6  4 17],[ 6  7 12],[4 3 9],[1 0 6],[2 1 7],[3 4 9],[0 3 8],[0 2 7],[1 0 6],[3 0 5],[20 13 20]
[ 0  9 19],[49 76 97],[137 185 221],[115 179 223],[ 81 148 191],[ 65 119 155],[ 51  87 113],[49 72 90],[ 0 19 36],[ 0  5 27],[ 0 23 48],[117 151 176],[156 183 202],[51 65 76],[6 6 8],[24 16 13],[12 13  8],[0 3 2],[ 4 23 27],[ 0 21 28],[132 155 161],[ 99 113 116],[0 3 4],[25 21 22],[3 0 0],[38 36 41],[19 20 24],[0 4 7],[31 35 36],[11 17 17],[23 28 31],[ 9 17 20],[20 29 24],[ 6 12  8],[0 1 0],[4 0 1],[13  7  9],[12  7 14],[ 0  2 21],[ 0  1 34],[ 0 16 63],[  9  50 102],[ 12  59 105],[17 57 92],[ 0  7 26],[7 2 9],[30  0  1],[99 51 51],[149  73  57],[151  75  61],[168  91  81],[169  94  89],[166  96  96],[158  98 100],[129  83  86],[116  84  87],[97 75 77],[97 79 79],[72 52 53],[73 51 54],[47 24 30],[26  6 15],[10  0  7],[ 9  0 10],[29  2  9],[20  0  0],[69 39 41],[118  86  87],[59 30 32],[14  0  0],[20  9 15],[2 1 9],[ 1  5 14],[ 0  8 13],[ 2 10 13],[ 4  9 12],[ 4  8 11],[3 4 9],[ 0  0 10],[ 0  0 11],[1 1 9],[ 3  3 11],[ 6  5 13],[ 2  2 10],[0 0 7],[0 0 7],[ 5  8 13],[17 14 21],[7 0 6],[29 16 25]
[ 4  6 27],[57 68 96],[109 135 172],[ 44  79 121],[ 47  81 118],[ 87 113 138],[54 68 81],[ 7 12 18],[16 16 24],[19 21 36],[11 13 38],[21 26 55],[125 131 155],[126 133 149],[ 5 14 21],[ 0  9 11],[0 3 7],[ 4 11 17],[ 0  2 11],[ 0  6 15],[ 94 104 114],[113 120 130],[16 19 26],[ 4  5 10],[1 0 6],[14 17 24],[ 6 13 23],[ 0  1 12],[ 0  4 15],[ 0  7 17],[0 3 9],[ 4  5 10],[ 0  6 17],[ 0  6 17],[ 0 11 20],[ 0 19 28],[ 7 24 31],[16 27 33],[25 32 42],[31 40 57],[17 32 61],[17 35 81],[ 41  57 116],[ 43  53 115],[13 16 69],[ 0  0 34],[ 9 13 24],[0 5 0],[32  7 13],[49 22 29],[46 19 26],[43 13 21],[33  2 10],[57 26 34],[56 25 33],[55 24 32],[50 23 30],[36 11 17],[30 11 15],[16  1  4],[12  3  4],[17 13 12],[9 9 7],[14 16 13],[ 6  3 12],[4 0 5],[22 11 19],[41 26 31],[30 14 15],[17  0  0],[15  0  2],[13  1  5],[7 0 5],[15  9 19],[ 8  2 14],[19 13 23],[30 20 29],[19  6 13],[19  3  6],[19  0  2],[12  8  9],[12  8  9],[13  9 10],[14 10 11],[15 11 12],[16 12 13],[18 14 15],[19 15 16],[16 10 12],[16 10 12]
[ 0  1 19],[ 5 26 53],[ 8 43 81],[ 6 51 93],[111 156 197],[104 141 170],[ 0 17 32],[ 0  5 12],[ 0  7 16],[ 0  9 24],[ 0  3 23],[ 0  3 27],[30 53 71],[43 67 79],[ 0 21 25],[15 41 40],[53 68 73],[55 72 79],[ 83 103 112],[ 69  89 100],[62 82 93],[65 82 92],[22 35 43],[ 5 14 21],[ 6 15 22],[ 0  2 11],[ 0 14 25],[61 79 91],[111 129 141],[129 146 156],[131 144 152],[128 139 145],[141 145 154],[128 137 144],[115 130 137],[107 124 131],[105 118 124],[103 110 116],[101 108 116],[ 99 111 125],[48 65 91],[ 7 29 70],[ 33  53 104],[ 52  63 119],[ 3  5 53],[ 0  0 25],[21 20 26],[18 19 13],[19  0  0],[30  5 11],[28  1  8],[30  3 10],[19  0  0],[32  5 12],[29  2  9],[31  6 12],[21  0  4],[17  0  1],[26 10 13],[24 12 14],[21 11 12],[18 12 12],[14 10  9],[25 21 20],[23 18 25],[16  9 16],[16  7 12],[16  4  6],[13  0  0],[10  0  0],[11  0  0],[8 0 0],[21 10 16],[26 16 25],[16  9 17],[21 11 20],[28 17 25],[32 20 24],[42 27 30],[36 20 21],[24 20 21],[22 18 19],[20 16 17],[17 13 14],[16 12 13],[16 12 13],[18 12 14],[18 12 14],[16 10 12],[16 10 12]
[ 0 14 28],[ 8 40 65],[ 42  87 126],[ 13  67 114],[ 63 119 166],[131 181 218],[131 172 194],[126 160 172],[108 138 148],[110 144 156],[120 156 172],[121 158 174],[130 168 181],[139 178 185],[141 181 181],[153 193 192],[159 183 187],[148 173 180],[156 185 193],[156 184 195],[145 173 184],[ 83 107 117],[ 0 17 26],[ 0  9 15],[ 0  4 11],[15 35 44],[105 127 138],[169 196 207],[146 173 184],[109 133 143],[100 120 129],[ 89 108 114],[84 84 86],[72 76 79],[59 67 69],[51 61 63],[46 54 57],[42 45 50],[34 41 49],[28 42 55],[10 34 58],[ 0  8 42],[ 7 34 77],[36 53 97],[ 2  8 44],[ 1  0 17],[22 13 16],[16  7  0],[47 20 27],[45 18 25],[30  5 11],[39 14 20],[28  5 11],[34 13 18],[27  8 12],[28 12 15],[30 14 17],[24  9 12],[32 17 20],[35 20 23],[32 17 20],[28 13 16],[27 12 15],[39 24 27],[29 18 24],[32 21 27],[21 12 15],[10  2  0],[12  4  2],[20 12  9],[25 15 14],[27 17 18],[35 23 27],[31 16 23],[29 13 23],[38 21 29],[39 22 28],[41 26 29],[43 29 29],[24 10  9],[26 22 23],[25 21 22],[25 21 22],[25 19 21],[24 18 20],[22 16 18],[21 15 17],[20 14 16],[16 10 12],[16 10 12]
[ 0 19 33],[ 0 10 35],[ 27  74 116],[  4  59 113],[  1  58 113],[ 57 108 155],[112 155 189],[147 183 205],[155 191 207],[149 185 199],[143 180 196],[141 179 192],[122 160 171],[108 145 153],[106 141 145],[ 87 122 124],[ 76  97 102],[55 78 84],[32 56 66],[60 84 96],[116 140 152],[ 74  94 105],[ 0 13 21],[18 33 40],[ 0 11 18],[65 82 90],[149 169 180],[136 158 171],[42 64 77],[ 0 15 26],[ 0 16 23],[ 0  4 11],[11  9 10],[9 9 9],[4 8 9],[2 6 7],[0 2 5],[0 0 7],[ 0  1 12],[ 0  4 21],[ 0 21 44],[ 40  79 110],[ 67 103 137],[38 64 97],[ 0  6 33],[ 7  3 17],[20  6  6],[41 22 15],[48 15 24],[46 15 23],[29  2  9],[44 19 25],[39 18 23],[41 25 28],[28 16 18],[21 11 12],[34 24 25],[33 21 23],[38 23 26],[43 24 28],[45 24 29],[46 21 27],[47 17 25],[49 19 27],[31 12 16],[43 27 30],[37 25 25],[24 16 14],[23 18 14],[22 17 13],[22 14 11],[34 20 20],[44 24 26],[32  7 13],[44 14 22],[61 31 39],[53 28 34],[50 30 32],[46 30 30],[23  9  8],[14  8 10],[17 11 13],[22 16 18],[27 21 23],[29 23 25],[29 23 25],[27 21 23],[28 19 22],[18  9 12],[18  9 12]
[ 0 18 32],[ 0 27 51],[ 32  73 117],[ 52 101 159],[121 171 234],[100 142 200],[18 51 96],[20 46 79],[ 52  78 101],[39 66 83],[13 39 54],[ 7 30 44],[ 0 21 34],[ 0 12 22],[ 0 16 24],[ 0  4 12],[ 2 11 16],[0 2 9],[ 0  2 11],[ 0  6 15],[ 6 16 26],[ 7 16 25],[ 1  5 14],[ 5  8 15],[0 0 7],[21 25 34],[42 49 59],[21 29 40],[ 0  2 13],[ 3 12 21],[16 23 31],[ 2  7 13],[15 13 16],[16 16 18],[14 15 17],[ 7 11 14],[ 2  5 12],[ 2  6 18],[ 2 13 31],[ 0 21 45],[ 62 102 128],[137 186 216],[138 185 215],[ 56  92 118],[ 0  8 28],[15 12 23],[20  1  3],[39 14 10],[40  0 11],[50 12 23],[37  6 14],[51 24 31],[41 20 25],[36 21 24],[22 12 13],[8 0 0],[23 14 15],[37 25 27],[50 31 35],[57 32 38],[59 28 36],[60 22 33],[61 17 30],[58 12 25],[35  4  9],[38 12 15],[31 13 13],[28 17 15],[30 25 21],[21 16 12],[17  7  5],[32 14 14],[31  2  6],[40  3 10],[67 26 34],[67 26 34],[47 10 17],[53 24 28],[57 37 38],[36 20 20],[4 0 0],[7 1 3],[12  6  8],[18 12 14],[24 18 20],[28 22 24],[33 24 27],[35 26 29],[18  9 12],[18  9 12]
[ 0  3 14],[35 57 80],[131 164 205],[134 175 231],[146 186 248],[129 161 220],[ 47  69 118],[ 0  9 45],[ 0  7 33],[ 0 12 31],[ 0  2 18],[ 0  1 14],[ 3  7 18],[11 11 21],[23 21 32],[34 30 44],[18 16 19],[15 14 19],[25 24 29],[29 30 35],[11 10 16],[4 2 7],[14  9 15],[8 2 6],[15  9 13],[9 2 9],[5 0 6],[ 7  4 11],[12  9 16],[12 10 15],[10  5 11],[5 0 4],[0 0 7],[0 0 5],[0 0 5],[0 0 7],[ 0  0 11],[ 6 11 30],[17 31 57],[18 47 77],[ 75 118 150],[132 185 216],[159 210 237],[ 97 138 160],[ 0 19 36],[15 13 24],[23  4 10],[36  7 11],[96 52 65],[98 58 69],[65 29 39],[57 30 37],[30  9 14],[19  4  7],[15  5  6],[8 0 0],[17  7  8],[40 25 28],[55 34 39],[64 34 42],[66 26 37],[73 25 39],[98 44 60],[113  56  73],[68 27 31],[43  8 12],[22  0  0],[25 11 10],[36 28 26],[32 24 22],[26 15 13],[36 14 16],[41  6 10],[86 41 48],[127  76  83],[98 49 55],[52  9 16],[55 23 28],[56 31 34],[30 11 13],[7 1 3],[6 0 2],[5 0 1],[7 1 3],[12  6  8],[19 13 15],[29 20 23],[34 25 28],[18  9 12],[18  9 12]
[ 0 15 20],[34 55 72],[156 186 220],[122 158 208],[ 34  69 125],[ 34  61 114],[ 53  70 114],[37 48 80],[ 2 10 33],[10 17 35],[15 21 33],[14 14 22],[16 13 20],[15  8 15],[7 0 6],[16  6 15],[10  9  7],[8 7 5],[1 0 0],[4 2 3],[11  9 10],[3 0 0],[7 1 1],[13  4  5],[13  4  5],[11  2  3],[16 10 12],[20 14 16],[7 3 4],[3 0 0],[4 0 0],[15  9  9],[ 4  6 18],[ 5  8 17],[ 5  8 17],[ 8 11 20],[21 24 39],[42 48 70],[ 56  69 101],[ 56  82 117],[12 52 87],[ 65 114 146],[146 194 217],[129 166 184],[ 0 16 30],[0 0 9],[40 20 31],[88 56 67],[140 100 111],[114  76  87],[52 19 28],[39 12 19],[14  0  0],[8 0 0],[8 0 0],[7 0 0],[10  0  1],[24  9 12],[34 13 18],[52 21 29],[59 19 30],[72 24 38],[123  69  85],[164 105 123],[115  73  77],[67 31 33],[28  2  3],[21  5  6],[23 14 15],[24 15 16],[22 10 10],[25  3  5],[77 41 45],[126  79  85],[166 115 122],[129  78  85],[73 30 37],[60 28 33],[42 20 23],[18  2  5],[10  4  6],[8 2 4],[5 0 1],[4 0 0],[6 0 2],[11  5  7],[17 11 13],[20 14 16],[18  9 12],[18  9 12]
[ 5 16 18],[44 62 74],[ 81 109 133],[ 7 39 77],[ 0 24 65],[21 44 85],[21 36 69],[29 39 64],[ 4 11 29],[ 0  3 14],[ 0  7 13],[0 1 2],[2 2 2],[11 10  8],[1 0 0],[5 3 6],[0 1 0],[6 8 7],[2 4 3],[1 3 2],[0 0 0],[3 1 2],[17 15 16],[3 0 0],[4 0 0],[3 0 0],[8 6 7],[7 5 6],[2 0 1],[8 6 7],[10  8  9],[1 0 0],[ 1  3 16],[ 0  2 11],[0 0 7],[1 1 9],[15 14 28],[30 32 53],[34 43 72],[28 44 78],[15 44 78],[26 61 89],[ 82 119 138],[ 90 118 130],[ 0  3 11],[ 8  3 10],[55 31 44],[111  79  92],[124  93 101],[81 51 59],[17  0  0],[17  0  2],[16  1  4],[13  4  5],[13  7  7],[7 1 1],[11  5  5],[11  1  2],[12  0  0],[37 12 18],[42  9 18],[44  4 15],[92 46 59],[135  87 101],[121  82  85],[67 35 38],[23  1  3],[8 0 0],[4 0 0],[6 2 3],[15  6  9],[17  0  0],[81 52 56],[106  67  70],[132  90  94],[105  64  68],[62 27 31],[40 15 19],[18  2  5],[9 0 2],[7 3 4],[7 3 4],[7 3 4],[7 3 4],[8 4 5],[8 4 5],[9 3 5],[9 3 5],[16 10 12],[16 10 12]
[ 8 13 16],[ 0  7 17],[ 0  5 25],[ 0 11 39],[ 0 14 45],[ 0  9 35],[ 0  3 24],[ 0  3 19],[10 14 26],[ 7 14 22],[ 5 13 15],[ 6 12 10],[ 6 11  5],[ 6 11  4],[ 6 13  6],[ 5 14  9],[ 7 11 14],[ 7 11 14],[ 9 10 14],[ 9 10 12],[10 10 12],[10  9 14],[10  9 14],[10  9 14],[10  9 14],[11  9 14],[11  9 14],[11  9 12],[11  9 12],[10  9 14],[10  9 14],[10  9 14],[ 9 11 23],[ 5  8 15],[ 7  8 12],[11 10 15],[10  9 17],[ 3  2 18],[ 0  0 25],[ 0  3 33],[ 0  6 36],[ 0  6 31],[ 0  6 20],[ 0  8 15],[ 8 13 16],[24 13 17],[30  4 13],[28  0  6],[17  0  2],[17  1  4],[20  5  8],[20 10 11],[20 11 12],[16 12 11],[12 11  9],[10  9  7],[11  7  6],[13  7  7],[17  7  8],[21  5  8],[23  0  6],[24  0  4],[27  0  4],[28  0  4],[24  0  0],[23  0  0],[22  6  7],[20 11 14],[13 11 14],[10  9 14],[14  9 13],[23 13 14],[16  0  0],[23  0  0],[25  0  0],[24  0  0],[21  0  1],[19  4  7],[15  9 11],[11  9 14],[11  9 10],[11  9 10],[12 10 11],[12 10 11],[14 10 11],[15 11 12],[15 11 12],[15 11 12],[13  9 10],[18 14 15]