Unnamed: 0,popularity,acousticness,danceability,duration_ms,energy,instrumentalness,liveness,loudness,speechiness,tempo,valence,genre
37591.0,63.0,0.0038399999999999,0.635,190448.0,0.908,0.0834,0.239,-4.795,0.0563,110.012,0.637,1.0
37658.0,59.0,7.509999999999998e-05,0.352,456320.0,0.956,0.0203,0.125,-3.634,0.149,122.897,0.228,1.0
36060.0,54.0,0.945,0.488,352280.0,0.326,0.0157,0.119,-12.02,0.0328,106.063,0.3229999999999999,1.0
35710.0,55.0,0.245,0.667,273693.0,0.647,0.000297,0.0633,-7.787000000000001,0.0487,143.995,0.3,1.0
35111.0,62.0,0.0108,0.743,243333.0,0.67,0.0702,0.22,-4.547,0.0293,110.832,0.934,1.0
35594.0,58.0,0.00107,0.5,207173.0,0.836,4.03e-05,0.1969999999999999,-6.165,0.0454,90.01100000000001,0.41,1.0
37473.0,74.0,0.0764,0.6859999999999999,200467.0,0.7829999999999999,0.0,0.163,-4.977,0.119,119.95296059529068,0.8140000000000001,1.0
37418.0,64.0,0.0027199999999999,0.235,227296.0,nan,0.0969,0.3879999999999999,-2.842,0.0561,127.788,0.342,1.0
36605.0,55.0,0.122,0.5,173773.0,0.8540000000000001,0.0,0.0794,-5.151,0.0945,94.96,0.4039999999999999,1.0
37469.0,53.0,0.263,0.2,310933.0,0.434,0.0,0.1169999999999999,-14.274,0.0294,83.876,0.37,1.0
35233.0,61.0,0.608,0.6729999999999999,117013.0,0.349,0.0,0.38,-12.414,0.0368,124.451,0.609,1.0
35920.0,59.0,0.19,0.444,206173.0,0.56,0.0,0.1169999999999999,-5.178999999999999,0.0267,172.22400000000002,0.34,1.0
35799.0,67.0,0.0102,0.68,233947.0,0.536,0.00105,0.113,-6.669,0.0582,119.958,0.417,1.0
38026.0,65.0,0.89,0.6,217400.0,0.243,0.0022,0.249,-17.085,0.0366,110.535,0.4679999999999999,1.0
38548.0,58.0,0.88,nan,241013.0,0.179,0.000346,0.1169999999999999,-17.077,0.0337,121.498,nan,1.0
36078.0,59.0,0.833,0.471,267067.0,nan,0.0,0.1009999999999999,-10.879,0.0324,125.242,0.17,1.0
38356.0,58.0,0.0844,0.593,-1.0,0.8370000000000001,0.0,0.148,-4.834,0.0302,99.947,0.569,1.0
36749.0,71.0,0.0029,0.736,-1.0,0.711,0.000275,0.0948,-5.502999999999999,0.0352,112.309,0.7190000000000001,1.0
36089.0,59.0,0.0088799999999999,0.49,224960.0,0.951,0.00126,0.376,-3.888,0.0966,158.075,0.628,1.0
35931.0,51.0,nan,0.74,220427.0,0.816,0.0,0.195,-4.763999999999999,0.0765,91.91,0.963,1.0
38054.0,50.0,1.5e-05,0.5429999999999999,218973.0,0.866,0.0298,0.32,-4.812,0.0399,137.946,0.321,1.0
36122.0,57.0,0.0837,0.498,175547.0,0.639,4.61e-05,0.1939999999999999,-6.04,0.0328,119.95296059529068,0.18,1.0
39772.0,50.0,0.00328,0.522,141133.0,nan,0.0,0.345,-4.137,0.0461,144.499,0.852,1.0
35506.0,51.0,0.0691,0.557,-1.0,0.61,0.0117,0.341,-9.899,nan,155.966,0.128,1.0
39071.0,59.0,0.144,0.613,285467.0,0.531,3.74e-06,0.8009999999999999,-9.172,0.0338,152.023,0.3379999999999999,1.0
39689.0,62.0,0.0003259999999999,0.499,205440.0,0.958,2.19e-06,0.432,-5.417000000000002,0.0898,127.491,0.359,1.0
35491.0,55.0,0.0295,0.542,185907.0,0.7659999999999999,0.0802,0.396,-5.4110000000000005,0.0282,88.06200000000001,0.643,1.0
36967.0,60.0,0.0847,nan,349187.0,0.424,0.0,0.2339999999999999,-10.583,0.0318,113.311,nan,1.0
39847.0,61.0,0.7959999999999999,0.4589999999999999,268530.0,nan,0.0,0.126,-6.856,0.0279,137.748,0.297,1.0
39871.0,64.0,0.412,0.652,163600.0,0.583,0.0,0.119,-7.811,0.038,119.95296059529068,0.7440000000000001,1.0
36760.0,63.0,0.0105,0.359,563893.0,0.762,0.281,0.368,-8.323,0.032,89.259,0.1669999999999999,1.0
37520.0,63.0,0.069,0.48,163453.0,0.969,0.00022,0.0608,-7.463999999999999,0.0854,142.489,0.494,1.0
38590.0,63.0,0.000393,0.272,262133.0,0.747,4.03e-05,0.16,-4.86,0.0401,202.777,0.255,1.0
39320.0,57.0,0.732,0.48,-1.0,0.298,0.00295,0.1,-13.477,0.0356,128.02200000000002,0.0556,1.0
39971.0,54.0,0.0074,0.6659999999999999,220462.0,0.573,0.000233,0.1159999999999999,-8.369,0.0361,96.982,0.4379999999999999,1.0
37104.0,62.0,0.000198,0.39,177048.0,0.91,0.0,0.156,-3.268,0.133,162.253,0.644,1.0
38604.0,53.0,nan,0.6509999999999999,269613.0,nan,0.00984,0.0254,-4.349,0.0409,92.022,0.83,1.0
39126.0,66.0,0.00941,0.5529999999999999,208280.0,0.8370000000000001,0.0,0.372,-5.608,0.0452,140.495,0.432,1.0
35034.0,54.0,0.174,0.568,213600.0,0.7140000000000001,0.0,0.0429,-7.138999999999999,0.0445,146.338,0.955,1.0
35070.0,71.0,0.0272,0.5770000000000001,168613.0,0.939,0.0,0.24,-1.352,0.108,105.092,0.7140000000000001,1.0
38911.0,57.0,0.735,nan,146400.0,0.373,0.0,0.303,-7.185,0.061,138.513,nan,1.0
39640.0,57.0,0.0424,0.629,244360.0,0.69,nan,0.363,-4.894,0.0357,102.036,0.307,1.0
38166.0,63.0,0.2689999999999999,0.45,297320.0,nan,0.515,0.0944,-13.692,0.0337,179.937,0.0839,1.0
37664.0,72.0,0.198,0.58,206360.0,0.498,0.0,0.132,-6.901,0.0277,116.271,0.111,1.0
39620.0,61.0,0.314,0.687,204333.0,0.648,1.37e-06,0.289,-9.137,nan,121.341,0.6,1.0
39633.0,67.0,0.344,0.489,176147.0,0.637,0.0,0.176,-5.013999999999999,0.0402,170.157,0.345,1.0
37456.0,58.0,0.00144,0.627,194533.0,0.63,0.19,0.337,-12.33,0.0403,125.154,0.3229999999999999,1.0
37851.0,52.0,0.0271,0.691,222000.0,0.754,0.0719,0.8809999999999999,-8.136000000000001,0.0372,144.085,0.924,1.0
38083.0,63.0,7.53e-06,0.5589999999999999,213920.0,0.871,0.00524,0.096,-5.337999999999999,0.0392,104.976,0.573,1.0
36108.0,53.0,0.000242,0.346,185524.0,nan,0.0119,0.271,-6.619,0.103,165.03599999999997,0.667,1.0
35173.0,53.0,0.7440000000000001,0.257,233901.0,0.452,0.0996,0.38,-12.365,0.0349,119.95296059529068,0.271,1.0
36675.0,49.0,0.00591,0.356,193213.0,0.8370000000000001,2.8300000000000007e-05,0.0635,-4.166,0.0721,131.668,0.54,1.0
37575.0,66.0,0.00187,0.552,299733.0,0.645,1.38e-06,0.0424,-6.595,0.0268,89.51799999999999,0.588,1.0
37382.0,72.0,nan,nan,250907.0,0.344,0.0112,0.106,-11.342,0.0349,144.171,nan,1.0
39400.0,51.0,0.0028699999999999,0.6759999999999999,286933.0,0.687,0.000446,0.2739999999999999,-7.792000000000002,0.0234,100.06,0.4029999999999999,1.0
38867.0,67.0,0.05,0.813,242200.0,0.977,2.75e-05,0.147,-6.077999999999999,0.0476,114.316,0.8420000000000001,1.0
35028.0,54.0,0.0173,0.575,246333.0,nan,0.0,0.173,-5.916,0.0279999999999999,107.967,0.332,1.0
37638.0,54.0,0.0887,0.626,260853.0,0.691,9.63e-05,0.115,-5.872999999999998,0.0283,109.005,0.396,1.0
38345.0,70.0,0.000242,0.606,193000.0,0.887,0.0,0.337,-4.404,0.0598,119.974,0.903,1.0
37220.0,69.0,0.00468,0.499,134200.0,0.873,0.0,0.165,-3.902,0.0386,142.726,0.8640000000000001,1.0
38687.0,64.0,0.00165,0.519,239333.0,0.78,2.14e-05,0.156,-4.939,0.0356,145.125,0.166,1.0
36912.0,59.0,0.104,0.595,234427.0,0.792,3.29e-06,0.171,-5.426,0.0297,119.531,0.611,1.0
35089.0,51.0,0.491,0.617,141091.0,0.6559999999999999,7.84e-06,0.0796,-8.023,0.304,84.712,0.475,1.0
35232.0,77.0,0.193,0.477,-1.0,nan,1.76e-06,0.131,-10.036,0.0277,81.204,0.423,1.0
35301.0,79.0,0.296,0.623,191360.0,0.417,0.0,0.135,-8.699,0.0354,130.032,0.721,1.0
36006.0,49.0,0.0946,0.419,281000.0,0.748,0.000174,0.0916,-8.142000000000001,0.0521,85.02,0.417,1.0
37143.0,59.0,0.122,nan,218853.0,0.601,5.69e-06,0.181,-5.996,nan,119.95296059529068,nan,1.0
35716.0,57.0,0.00864,0.509,238200.0,0.935,1.17e-06,0.255,-3.633,0.0493,148.062,0.501,1.0
37806.0,62.0,0.027,0.521,192333.0,0.901,0.0651,0.108,-5.518,0.067,131.18200000000002,0.8170000000000001,1.0
37532.0,55.0,0.271,0.421,263253.0,0.633,0.0,0.113,-6.8370000000000015,0.0433,155.715,0.161,1.0
38757.0,57.0,0.968,0.573,115827.0,0.235,0.0198,0.105,-16.982,0.0426,79.578,0.8340000000000001,1.0
38326.0,76.0,nan,0.49,145747.0,nan,0.0,0.311,-5.549,0.0476,130.726,0.866,1.0
39188.0,63.0,0.407,0.759,220893.0,0.779,0.061,0.159,-9.375,0.0347,128.211,0.918,1.0
36620.0,56.0,0.0116,0.507,-1.0,0.6659999999999999,0.3429999999999999,0.129,-8.362,0.0289999999999999,77.979,0.185,1.0
38029.0,70.0,0.0056799999999999,0.441,-1.0,0.762,3.3100000000000005e-05,0.0865,-3.857,0.0438,167.96400000000003,0.743,1.0
36418.0,62.0,0.0234,0.628,210653.0,0.797,3.57e-06,0.1119999999999999,-6.103,0.0371,119.95296059529068,0.497,1.0
35768.0,73.0,0.506,0.7440000000000001,328293.0,0.545,0.0977,0.0649,-9.361,0.0297,97.409,0.346,1.0
35660.0,59.0,0.0185,0.6559999999999999,248960.0,0.721,0.0,0.0478,-5.675,0.0322,93.947,0.472,1.0
38854.0,56.0,0.0238,0.655,313533.0,0.6940000000000001,0.0,0.0344,-5.184,0.0326,96.458,0.431,1.0
39158.0,58.0,0.0019199999999999,nan,205040.0,0.6990000000000001,6.45e-06,0.111,-5.55,0.0289,85.955,nan,1.0
35473.0,54.0,0.0487,0.565,234040.0,0.615,1.93e-06,0.16,-10.793,0.0384,143.928,0.591,1.0
35502.0,55.0,0.479,0.345,259741.0,0.461,nan,0.0993,-12.063,0.0645,96.346,0.171,1.0
39745.0,52.0,0.000347,0.39,272074.0,0.828,0.144,0.128,-5.452999999999999,0.0284,81.861,0.5539999999999999,1.0
37945.0,56.0,0.0984,0.396,197320.0,nan,0.0,0.0844,-6.952999999999999,0.0351,119.95296059529068,0.257,1.0
38461.0,62.0,0.4529999999999999,0.508,213267.0,0.493,0.0,0.241,-8.786,0.0327,127.671,0.467,1.0
35378.0,56.0,0.92,0.551,260840.0,0.289,0.00011,0.124,-9.83,0.0268,108.098,0.432,1.0
35084.0,64.0,0.298,0.541,160080.0,0.608,0.0,0.2339999999999999,-13.083,0.106,171.99200000000002,0.938,1.0
36558.0,60.0,nan,0.68,-1.0,0.701,4.72e-06,0.111,-10.36,nan,108.287,0.933,1.0
36674.0,71.0,0.5379999999999999,0.4039999999999999,148053.0,0.43,0.0,0.0802,-12.327,0.2239999999999999,180.06099999999998,0.6409999999999999,1.0
37136.0,66.0,0.0238,0.63,189227.0,0.908,0.5920000000000001,0.1159999999999999,-2.42,0.0326,120.522,0.968,1.0
39444.0,67.0,0.3379999999999999,0.633,-1.0,0.5589999999999999,0.0,0.262,-5.135,0.313,114.983,0.473,1.0
35470.0,64.0,0.79,0.727,133507.0,nan,0.0,0.105,-13.887,0.0454,122.421,0.6459999999999999,1.0
35253.0,60.0,0.2239999999999999,nan,217156.0,0.557,0.0,0.374,-5.882999999999999,0.0329,100.026,nan,1.0
35936.0,64.0,0.039,0.8240000000000001,249533.0,0.366,0.106,0.0403,-10.96,0.145,73.949,0.895,1.0
36340.0,57.0,0.0993,0.439,258160.0,0.591,0.00225,0.0718,-6.407,0.0419,125.893,0.397,1.0
36343.0,53.0,0.634,0.608,168027.0,0.178,0.352,0.166,-17.109,0.0264,84.78,0.401,1.0
36411.0,74.0,0.6,0.3339999999999999,336093.0,0.472,3.77e-06,0.317,-8.792,0.0277,179.167,0.431,1.0
36095.0,54.0,0.0219,0.597,218400.0,0.812,0.00106,0.102,-12.062,0.0315,135.68,0.823,1.0
39214.0,58.0,0.000957,0.445,192533.0,nan,3.510000000000001e-05,0.3779999999999999,-4.109,0.134,94.025,0.297,1.0
35747.0,52.0,0.6559999999999999,0.42,351678.0,0.662,0.000423,0.096,-9.828,0.0341,147.94899999999998,0.3779999999999999,1.0
37328.0,53.0,0.392,0.373,331173.0,0.5710000000000001,0.0476,0.126,-9.186,0.0334,161.874,0.6559999999999999,1.0
37128.0,64.0,0.17,0.505,-1.0,0.8370000000000001,0.0,0.113,-5.146,0.0358,140.066,0.623,1.0
37099.0,54.0,0.655,0.6990000000000001,252067.0,0.1969999999999999,0.0,0.0716,-14.792,0.0383,122.871,0.361,1.0
35245.0,68.0,0.0004059999999999,0.487,160886.0,0.888,0.00104,0.405,-4.7360000000000015,0.0887,137.939,0.563,1.0
37356.0,57.0,0.142,0.405,338240.0,0.7559999999999999,4.03e-05,0.638,-6.3610000000000015,0.0307,119.95296059529068,0.606,1.0
36375.0,71.0,nan,nan,205933.0,nan,1.7100000000000002e-05,0.605,-4.2810000000000015,0.157,126.064,nan,1.0
36062.0,62.0,0.0198,0.6,277533.0,0.912,6.52e-05,0.0883,-3.449,0.0724,110.339,0.506,1.0
39821.0,57.0,0.175,0.541,174573.0,0.662,0.0,0.0803,-7.1960000000000015,0.0382,144.046,0.742,1.0
35204.0,58.0,0.161,0.416,211487.0,0.53,1.34e-06,0.108,-8.182,0.0255,102.029,0.379,1.0
39754.0,64.0,0.25,0.546,178147.0,0.631,0.0,0.123,-5.7570000000000014,nan,129.556,0.569,1.0
37225.0,64.0,0.0263,0.54,188333.0,0.78,7.12e-06,0.35,-5.872000000000001,0.0418,144.011,0.514,1.0
39776.0,57.0,0.103,0.2789999999999999,496573.0,0.472,0.8740000000000001,0.063,-16.42,0.0295,115.13,0.135,1.0
37824.0,55.0,0.131,0.5670000000000001,290827.0,nan,0.011,0.0714,-11.963,0.0335,109.293,0.75,1.0
38155.0,54.0,0.0145,0.528,209206.0,0.875,0.0,0.138,-5.912000000000001,0.0436,136.83,0.479,1.0
39261.0,59.0,0.133,0.445,226827.0,0.7709999999999999,0.0,0.273,-4.607,0.0501,147.91299999999998,0.4479999999999999,1.0
38112.0,60.0,0.0819999999999999,0.8029999999999999,247160.0,0.718,0.000881,0.079,-6.457000000000002,0.0357,115.017,0.933,1.0
36380.0,59.0,0.00286,0.391,250627.0,0.557,0.0,0.209,-4.47,0.0291,145.861,0.142,1.0
38973.0,64.0,0.664,0.4029999999999999,212640.0,0.45,7.57e-06,0.0946,-6.314,0.0297,147.694,0.1159999999999999,1.0
39450.0,61.0,0.000484,0.348,187907.0,nan,6.36e-05,0.281,-4.589,0.0662,148.043,0.392,1.0
38562.0,61.0,5.870000000000001e-05,0.248,311200.0,0.988,0.84,0.3229999999999999,-3.74,0.144,119.95296059529068,0.149,1.0
35184.0,67.0,0.0609,0.648,242035.0,0.75,4.41e-06,0.104,-3.248,0.0335,105.03,0.556,1.0
38703.0,47.0,nan,0.561,184632.0,0.715,0.0,0.119,-6.343999999999999,0.0417,153.95600000000002,0.4529999999999999,1.0
38826.0,55.0,0.287,0.677,237388.0,0.45,nan,0.0992,-9.352,0.0325,119.912,0.432,1.0
39883.0,53.0,0.258,0.492,202032.0,0.7240000000000001,0.162,0.255,-6.79,0.0332,84.23700000000001,0.3229999999999999,1.0
38904.0,61.0,0.21,0.494,180320.0,0.47,0.0,0.28,-9.599,0.0301,103.477,0.698,1.0
39492.0,50.0,0.0722,0.557,183787.0,nan,0.00311,0.14,-6.311,0.038,93.98,0.357,1.0
38243.0,60.0,0.27,0.546,196907.0,0.838,1.24e-05,0.0841,-3.51,0.0319,151.914,0.7190000000000001,1.0
37979.0,58.0,0.267,0.406,320010.0,0.351,0.000893,0.0967,-7.871,0.0311,118.633,0.246,1.0
38585.0,48.0,0.00104,0.507,182987.0,0.959,0.0,0.147,-4.763,0.118,165.136,0.436,1.0
37892.0,70.0,0.748,0.401,-1.0,0.527,0.00305,0.359,-15.632,0.0615,133.749,0.208,1.0
37580.0,54.0,0.0523,0.6940000000000001,215307.0,0.951,0.0033799999999999,0.293,-5.4,0.0784,120.014,0.74,1.0
36424.0,75.0,0.0626,nan,264067.0,0.505,9.22e-05,0.172,-9.129,nan,74.807,nan,1.0
38912.0,56.0,0.0193,0.614,323600.0,0.677,0.518,0.108,-8.317,0.0323,126.477,0.7170000000000001,1.0
39678.0,70.0,0.272,0.47,-1.0,nan,0.00671,0.0491,-6.74,0.0495,151.836,0.49,1.0
39907.0,61.0,0.836,0.33,187040.0,0.214,0.0701,0.178,-17.699,0.0311,147.795,0.275,1.0
36865.0,62.0,0.4479999999999999,0.504,-1.0,0.501,0.0,0.19,-11.899,0.0385,94.961,0.731,1.0
37899.0,65.0,0.195,0.606,172640.0,0.805,8.81e-06,0.109,-5.399,0.214,119.95296059529068,0.725,1.0
37852.0,68.0,0.00107,0.46,-1.0,0.7959999999999999,0.0,0.106,-4.501,0.0333,100.011,0.182,1.0
38669.0,54.0,0.000314,0.503,177240.0,0.741,0.574,0.44,-5.6720000000000015,0.0357,120.998,0.544,1.0
35149.0,65.0,0.5660000000000001,0.368,-1.0,0.575,0.0,0.1159999999999999,-5.1,0.0443,197.639,0.294,1.0
37109.0,54.0,nan,0.675,274253.0,nan,2.65e-06,0.1009999999999999,-9.501,0.0263,113.881,0.66,1.0
36133.0,51.0,0.0483,0.498,227400.0,0.68,0.0,0.1689999999999999,-5.34,0.0332,160.043,0.695,1.0
35156.0,53.0,0.973,0.107,345373.0,0.289,0.934,0.0812,-16.15,0.0337,77.78699999999999,0.0364,1.0
38596.0,54.0,0.929,nan,390328.0,0.195,0.807,0.0798,-19.454,0.0335,126.862,nan,1.0
36057.0,65.0,0.0521,0.8290000000000001,-1.0,0.8440000000000001,0.00148,0.171,-4.329,0.0966,130.04,0.762,1.0
36595.0,56.0,0.00227,0.56,218554.0,0.688,0.0,0.0596,-4.437,0.0559999999999999,76.997,0.611,1.0
38013.0,66.0,0.623,0.752,233280.0,nan,0.0706,0.107,-9.483,0.0398,126.001,0.282,1.0
37034.0,66.0,0.444,0.579,245640.0,0.605,0.000645,0.11,-6.686,0.0328,121.793,0.74,1.0
38423.0,62.0,0.0090599999999999,0.508,225000.0,0.991,1.28e-05,0.316,-1.768,0.123,95.524,0.295,1.0
36812.0,64.0,0.0766,0.397,327400.0,0.499,1.55e-06,0.111,-10.972,0.0685,171.067,0.367,1.0
37701.0,61.0,0.0017399999999999,0.564,257347.0,0.941,6.42e-05,0.242,-4.787,0.051,112.008,0.542,1.0
38044.0,64.0,0.0125,0.522,245960.0,0.923,0.017,0.0854,-4.56,0.0539,119.95296059529068,0.595,1.0
35477.0,49.0,0.000821,0.3429999999999999,217440.0,0.89,0.0,0.0912,-5.759,0.0655,100.061,0.525,1.0
38294.0,54.0,0.503,0.22,419400.0,0.44,0.862,0.12,-9.456,nan,79.095,0.13,1.0
38501.0,53.0,0.00824,0.502,211809.0,0.758,0.0,0.102,-5.035,0.0718,149.738,0.423,1.0
35284.0,67.0,0.000932,0.513,258920.0,0.877,0.0001629999999999,0.136,-3.756,0.0292,145.91899999999998,0.389,1.0
36746.0,51.0,0.151,0.7659999999999999,291800.0,0.6809999999999999,8.68e-05,0.266,-6.919,0.0565,141.94,0.853,1.0
39629.0,56.0,nan,nan,-1.0,0.3429999999999999,5.97e-05,0.121,-16.192,0.044,153.466,nan,1.0
37891.0,57.0,0.58,0.518,-1.0,0.417,0.0,0.0722,-13.268,0.0325,119.95296059529068,0.311,1.0
36946.0,53.0,0.775,0.435,-1.0,0.384,0.92,0.119,-14.024,0.0289,159.092,0.171,1.0
35105.0,53.0,0.0038799999999999,0.615,280347.0,0.889,0.0,0.0947,-2.539,0.0371,131.96,0.659,1.0
38575.0,68.0,0.083,0.503,-1.0,0.8240000000000001,0.0,0.21,-4.039,0.0524,161.981,0.4479999999999999,1.0
38666.0,68.0,0.0189,0.7170000000000001,205000.0,0.7959999999999999,8.94e-05,0.19,-3.677,0.0303,105.017,0.942,1.0
35535.0,53.0,0.56,0.574,182267.0,0.563,nan,0.3229999999999999,-8.543,0.0292,134.083,0.67,1.0
35686.0,54.0,0.4539999999999999,0.385,130333.0,0.7909999999999999,0.0,0.0755,-2.647,0.0949,194.638,0.764,1.0
38799.0,53.0,0.00351,0.422,205427.0,0.953,1.03e-06,0.575,-5.9270000000000005,0.123,152.009,0.2,1.0
38949.0,55.0,0.0226,0.4479999999999999,224550.0,nan,0.205,0.0425,-7.427,0.026,81.814,0.7090000000000001,1.0
39671.0,53.0,0.000252,0.276,266027.0,0.883,0.462,0.0973,-5.625,0.0446,164.05200000000002,0.1639999999999999,1.0
37023.0,65.0,0.218,0.552,125827.0,0.742,0.0,0.3389999999999999,-7.962999999999999,0.0454,138.591,0.7509999999999999,1.0
36101.0,65.0,0.096,nan,248880.0,0.945,7.71e-06,0.495,-4.66,0.0779,120.723,nan,1.0
35834.0,51.0,0.0424,0.512,206067.0,0.552,0.00213,0.111,-9.499,0.0355,143.977,0.21,1.0
37810.0,55.0,0.128,0.534,295467.0,0.6629999999999999,3.63e-05,0.431,-5.48,0.0286,141.525,0.573,1.0
38834.0,60.0,0.00792,0.306,287880.0,0.872,0.8,0.261,-7.313,0.05,167.946,0.648,1.0
39386.0,52.0,0.615,0.4039999999999999,-1.0,0.272,0.000907,0.13,-10.575,0.0445,126.18,0.119,1.0
38896.0,53.0,nan,0.6759999999999999,265933.0,nan,0.0072,0.0619,-19.42,nan,115.237,0.818,1.0
35769.0,61.0,0.0534,0.462,-1.0,0.628,0.00025,0.12,-5.659,0.0274,140.049,0.0981,1.0
37772.0,65.0,0.492,0.7609999999999999,189387.0,0.5920000000000001,0.00626,0.61,-9.836,0.0586,123.095,0.332,1.0
39333.0,59.0,0.00758,0.64,227013.0,0.469,0.000453,0.0711,-8.718,0.0412,90.001,0.305,1.0
38300.0,54.0,0.8640000000000001,0.736,182027.0,0.297,1.49e-05,0.0609,-9.648,0.0349,119.95296059529068,0.186,1.0
37199.0,65.0,0.0006309999999999,0.246,212733.0,0.768,0.301,0.102,-7.48,0.0387,169.873,0.35,1.0
37362.0,62.0,0.354,0.715,-1.0,0.775,0.0,0.144,-6.613,0.0433,106.013,0.8029999999999999,1.0
38984.0,56.0,0.000349,0.684,268760.0,nan,0.55,0.103,-6.6610000000000005,0.0775,101.46,0.555,1.0
35916.0,50.0,0.0133,0.444,247373.0,0.609,0.0,0.0636,-11.19,0.0366,124.005,0.78,1.0
38150.0,65.0,0.000719,nan,-1.0,0.932,0.0594,0.174,-6.11,0.11,99.929,nan,1.0
36004.0,63.0,0.35,0.691,198907.0,0.336,0.000684,0.119,-10.843,0.0392,135.954,0.613,1.0
38658.0,61.0,0.351,0.541,199490.0,0.483,0.4,0.111,-10.675,0.0514,80.73,0.6409999999999999,1.0
37488.0,57.0,6.68e-05,0.4479999999999999,242995.0,0.974,0.000391,0.119,-2.919,0.12,137.96,0.2239999999999999,1.0
39081.0,51.0,0.27,0.648,248173.0,0.637,4.22e-06,0.0469,-10.138,0.0296,119.95296059529068,0.738,1.0
37375.0,69.0,0.45,0.643,250107.0,0.809,1.22e-06,0.154,-3.275,0.0279999999999999,112.677,0.499,1.0
38794.0,62.0,0.0004559999999999,0.519,190707.0,0.892,0.000525,0.5720000000000001,-5.285,0.113,174.02700000000002,0.5589999999999999,1.0
36025.0,65.0,0.135,0.7559999999999999,246893.0,0.415,0.0,0.144,-14.429,0.0555,96.99,0.68,1.0
35738.0,55.0,0.0934,0.602,248000.0,0.493,0.00251,0.28,-17.899,0.0279,101.941,0.505,1.0
39587.0,57.0,0.000126,0.626,188600.0,0.7909999999999999,0.0219,0.439,-2.734,0.0721,133.204,0.433,1.0
38279.0,68.0,0.021,0.424,254533.0,0.632,0.0117,0.0545,-7.2429999999999986,0.0922,97.694,0.356,1.0
36625.0,63.0,0.000841,0.65,225947.0,nan,0.0003509999999999,0.122,-3.677,0.0314,121.896,0.409,1.0
38140.0,54.0,0.141,nan,224960.0,0.8029999999999999,0.0,0.297,-4.1160000000000005,nan,147.90200000000002,nan,1.0
37694.0,70.0,0.00018,0.546,207213.0,0.959,0.00144,0.0584,-4.664,0.0819999999999999,127.831,0.416,1.0
37712.0,61.0,0.159,0.674,217387.0,0.705,6.11e-06,0.106,-7.516,0.0259,95.99,0.635,1.0
35302.0,53.0,0.0054,0.556,207040.0,0.7020000000000001,0.0,0.218,-5.792000000000002,0.0423,132.33,0.452,1.0
37344.0,62.0,0.727,0.73,163093.0,0.504,0.0,0.143,-11.686,0.0481,126.282,0.883,1.0
38779.0,58.0,0.00059,0.594,218720.0,0.858,3.11e-06,0.0642,-4.339,0.0387,138.02100000000002,0.6629999999999999,1.0
36260.0,56.0,0.375,0.677,255040.0,nan,0.000269,0.0594,-9.457,0.0291,119.95296059529068,0.568,1.0
39525.0,66.0,0.000821,0.389,189707.0,0.748,0.00058,0.358,-4.461,0.0805,119.95296059529068,0.216,1.0
35235.0,53.0,0.000289,0.44,221459.0,0.74,0.000543,0.13,-6.4220000000000015,0.0376,162.095,0.337,1.0
38281.0,53.0,0.222,0.474,352907.0,0.382,nan,0.149,-13.291,0.0252,80.8,0.69,1.0
38235.0,66.0,0.318,0.695,215853.0,0.731,0.0,0.143,-2.15,0.034,122.522,0.497,1.0
35696.0,50.0,0.0012699999999999,0.41,183147.0,0.979,0.0125,0.355,-5.021,0.106,146.741,0.478,1.0
37759.0,67.0,0.0014,0.476,202053.0,0.979,0.00729,0.0944,-3.506,0.132,140.404,0.416,1.0
39868.0,51.0,0.337,0.563,211573.0,0.497,0.00273,0.162,-7.595,0.0351,169.977,0.561,1.0
35974.0,55.0,nan,nan,210747.0,nan,0.0,0.122,-6.8660000000000005,0.0298,112.014,nan,1.0
35638.0,57.0,0.979,0.405,245040.0,0.152,9.07e-05,0.104,-13.901,0.0395,61.34,0.3829999999999999,1.0
39097.0,55.0,0.0674,0.432,-1.0,0.612,1.34e-06,0.111,-6.871,0.0285,89.995,0.113,1.0
36326.0,75.0,0.0144,0.526,195200.0,0.862,0.0597,0.2289999999999999,-6.002999999999999,0.0905,90.052,0.528,1.0
36836.0,61.0,0.00987,0.6779999999999999,268093.0,0.53,0.000274,0.0437,-8.515,0.024,91.779,0.6779999999999999,1.0
37183.0,62.0,0.0244,0.564,168094.0,0.6679999999999999,1.15e-05,0.168,-6.577999999999999,0.0442,79.99,0.32,1.0
36422.0,70.0,0.0354,0.526,193773.0,0.8009999999999999,3.17e-06,0.0637,-3.717,0.0393,172.024,0.769,1.0
39720.0,61.0,0.698,0.285,238076.0,0.371,0.00392,0.104,-6.832999999999998,0.0295,154.989,0.372,1.0
39706.0,69.0,0.00197,0.352,-1.0,0.912,0.0,0.193,-4.253,nan,166.795,0.351,1.0
39123.0,58.0,0.34,0.508,296427.0,0.638,3.2e-05,0.0769,-4.671,0.0278,119.95296059529068,0.484,1.0
36657.0,53.0,0.0248,0.574,182320.0,0.701,3.12e-05,0.313,-6.037999999999999,0.0572,145.069,0.25,1.0
37280.0,62.0,0.0812,0.56,230800.0,0.7979999999999999,1.54e-06,0.327,-6.6720000000000015,0.0316,124.397,0.675,1.0
35882.0,64.0,0.0001629999999999,nan,196947.0,0.8170000000000001,0.03,0.4029999999999999,-4.59,0.0759,119.95296059529068,nan,1.0
38530.0,51.0,0.147,0.44,201076.0,nan,0.0,0.105,-8.465,0.0925,187.783,0.405,1.0
37021.0,56.0,0.158,0.66,158800.0,0.557,0.0,0.5429999999999999,-9.597,0.03,110.743,0.7879999999999999,1.0
35431.0,77.0,0.1669999999999999,0.491,189187.0,0.867,0.0,0.4579999999999999,-2.313,0.103,167.965,0.602,1.0
35631.0,68.0,0.465,0.195,269107.0,0.483,0.497,0.0686,-4.9910000000000005,0.03,84.71,0.173,1.0
36594.0,53.0,nan,0.327,207640.0,0.948,0.515,0.126,-4.355,0.0711,177.328,0.469,1.0
37228.0,24.0,0.00633,0.606,186627.0,0.8,9.04e-06,0.506,-4.194,0.0271,130.006,0.691,1.0
37222.0,56.0,0.00134,0.684,215880.0,0.992,0.0,0.878,-1.893,0.0748,133.963,0.757,1.0
39488.0,55.0,0.0152,0.63,212600.0,0.691,0.0,0.303,-4.334,0.0312,93.014,0.261,1.0
36744.0,61.0,0.0725,0.6409999999999999,-1.0,0.792,0.513,0.175,-6.452999999999999,0.0272,87.069,0.67,1.0
37485.0,50.0,0.64,0.6509999999999999,146240.0,0.7120000000000001,6.09e-05,0.0738,-6.79,0.0429,82.961,0.804,1.0
37589.0,80.0,0.00293,0.442,181533.0,0.943,8.71e-06,0.091,-3.205,0.0602,85.064,0.7809999999999999,1.0
37898.0,68.0,0.00265,0.5529999999999999,173320.0,0.917,0.0099099999999999,0.07,-8.806000000000003,0.0906,101.798,0.7809999999999999,1.0
35154.0,63.0,0.000973,0.647,217493.0,0.71,0.703,0.0777,-4.692,0.0289999999999999,110.059,0.268,1.0
36266.0,63.0,0.0162,0.715,-1.0,0.6559999999999999,0.0005009999999999,0.0882,-6.154,0.0259,126.01,0.423,1.0
39922.0,61.0,0.00669,0.6,256467.0,nan,0.0,0.166,-4.688,0.0885,121.965,0.341,1.0
35017.0,66.0,0.173,0.68,190720.0,0.738,0.00036,0.37,-4.881,0.0331,105.015,0.675,1.0
36838.0,53.0,0.000377,0.138,257520.0,0.691,0.7859999999999999,0.0895,-7.976,0.0443,170.342,0.36,1.0
38253.0,55.0,0.000197,0.6559999999999999,345284.0,0.8640000000000001,0.107,0.281,-7.895,nan,93.197,0.617,1.0
37732.0,58.0,0.22,0.7040000000000001,238267.0,0.528,0.35,0.14,-13.382,0.0358,117.472,0.73,1.0
38691.0,72.0,0.0422,0.487,261280.0,0.382,4.74e-06,0.411,-10.889,0.0309,116.557,0.7140000000000001,1.0
39610.0,61.0,nan,0.5710000000000001,226200.0,nan,0.0037,0.2789999999999999,-5.056,0.0353,119.95296059529068,0.61,1.0
39600.0,54.0,0.181,0.799,252693.0,0.665,0.136,0.125,-6.31,0.0455,89.49799999999999,0.7829999999999999,1.0
35736.0,54.0,0.0263,0.314,309640.0,0.959,nan,0.161,-4.657,0.0908,154.221,0.492,1.0
36236.0,57.0,0.00018,0.4479999999999999,203307.0,0.927,0.0067599999999999,0.0822,-3.244,0.061,174.079,0.687,1.0
36639.0,64.0,0.347,0.669,275507.0,0.7070000000000001,0.000716,0.0997,-13.66,0.0478,124.335,0.8059999999999999,1.0
38941.0,63.0,0.7879999999999999,nan,165733.0,0.711,2.64e-05,0.0683,-10.453,0.0832,152.27700000000002,nan,1.0
36215.0,60.0,0.7190000000000001,0.346,188184.0,0.637,2.03e-05,0.263,-4.919,0.0403,186.836,0.297,1.0
38273.0,69.0,0.0416,0.341,255600.0,0.674,5.47e-06,0.345,-7.643,0.0492,88.93299999999999,0.452,1.0
36939.0,61.0,0.504,0.461,168920.0,nan,0.0171,0.684,-9.159,0.313,94.372,0.4539999999999999,1.0
35558.0,53.0,0.745,0.6970000000000001,145427.0,0.6759999999999999,0.000511,0.263,-5.273,0.0436,119.95296059529068,0.705,1.0
35496.0,59.0,0.0312,0.473,312280.0,0.691,0.00404,0.147,-7.984,0.0248,119.95296059529068,0.421,1.0
37967.0,58.0,0.0368,0.53,223400.0,0.741,0.0,0.402,-3.821,0.0296,75.012,0.424,1.0
37334.0,52.0,0.00101,0.565,213853.0,0.905,0.0,0.325,-3.575,0.057,126.011,0.684,1.0
37200.0,59.0,0.8190000000000001,0.64,227222.0,0.196,3.63e-05,0.0978,-11.478,0.0267,143.91899999999998,0.301,1.0
38069.0,51.0,0.035,0.352,-1.0,0.8079999999999999,0.0,0.991,-8.097000000000001,0.0425,162.096,0.485,1.0
35662.0,69.0,0.0156,0.711,248640.0,0.924,0.0,0.114,-3.398,0.0282,108.033,0.912,1.0
37379.0,68.0,0.461,0.573,142787.0,nan,0.0,0.0935,-6.644,0.176,169.519,0.8170000000000001,1.0
39269.0,62.0,0.006,0.4639999999999999,213173.0,0.797,0.000304,0.392,-5.244,0.0333,129.964,0.547,1.0
35137.0,58.0,nan,nan,142933.0,0.363,0.0,0.1169999999999999,-12.484000000000002,nan,123.263,nan,1.0
35476.0,62.0,0.00025,0.56,221000.0,0.901,0.134,0.299,-4.481,0.032,132.009,0.807,1.0
38230.0,55.0,0.238,0.593,204467.0,0.41,0.5870000000000001,0.1169999999999999,-9.722,0.0239,119.95296059529068,0.27,1.0
36410.0,59.0,0.395,0.439,-1.0,0.469,0.573,0.183,-9.283,0.0311,127.44,0.193,1.0
37881.0,69.0,0.0004559999999999,0.412,227440.0,nan,0.0026,0.11,-4.852,0.0575,93.162,0.455,1.0
39509.0,50.0,0.00199,0.612,206107.0,0.794,0.0,0.0776,-5.857,0.0377,130.025,0.482,1.0
39697.0,57.0,0.00879,0.433,262867.0,0.815,0.0,0.138,-3.658,0.0771,125.358,0.461,1.0
37831.0,58.0,0.0107,0.434,201347.0,0.75,0.0,0.106,-3.53,0.0293,159.82399999999998,0.488,1.0
36874.0,49.0,0.0269,0.7040000000000001,-1.0,0.589,0.11,0.154,-12.859000000000002,0.0315,128.80700000000002,0.789,1.0
38630.0,60.0,0.758,0.35,-1.0,0.293,8.21e-06,0.104,-9.502,0.0258,96.685,0.162,1.0
37317.0,64.0,0.0537,0.628,201653.0,nan,0.0,0.3779999999999999,-4.837,0.0398,115.999,0.8009999999999999,1.0
39928.0,68.0,6.57e-05,0.532,-1.0,0.889,0.0070599999999999,0.0943,-5.474,0.0543,93.994,0.508,1.0
36623.0,55.0,0.0658,0.514,253227.0,0.589,5.34e-05,0.0862,-8.249,0.032,115.283,0.726,1.0
35999.0,66.0,0.165,nan,-1.0,0.603,0.0,0.0687,-5.517,0.0435,76.874,nan,1.0
36808.0,63.0,0.00326,0.541,197800.0,0.916,2.04e-06,0.0967,-5.964,0.0612,156.015,0.627,1.0
37647.0,66.0,0.175,0.316,237026.0,0.86,4.92e-05,0.902,-5.038,0.0661,100.888,0.195,1.0
39807.0,74.0,0.0241,0.469,382834.0,0.537,0.00201,0.2689999999999999,-10.421,0.152,124.193,0.7829999999999999,1.0
38540.0,58.0,0.00235,0.3339999999999999,397768.0,0.8540000000000001,0.00114,0.158,-7.5310000000000015,0.0494,100.175,0.284,1.0
39836.0,65.0,nan,0.531,216067.0,nan,0.0,0.0716,-4.95,0.0352,124.578,0.424,1.0
38916.0,57.0,0.298,0.407,307263.0,0.411,0.935,0.0956,-11.733,0.0347,100.01,0.0723,1.0
38049.0,62.0,0.573,0.588,221187.0,0.382,3.3100000000000005e-05,0.1119999999999999,-8.821,0.036,95.239,0.72,1.0
35982.0,55.0,0.0841,0.306,384467.0,0.639,0.0,0.371,-9.91,nan,149.686,0.293,1.0
37422.0,59.0,0.205,0.674,-1.0,0.892,0.0,0.6940000000000001,-3.771,0.0293,114.048,0.889,1.0
35510.0,54.0,0.0727,0.609,-1.0,0.8759999999999999,6.96e-06,0.0778,-5.777,0.0438,152.043,0.39,1.0
39157.0,54.0,0.987,0.281,173400.0,nan,0.964,0.2739999999999999,-16.022000000000002,0.036,76.155,0.211,1.0
39260.0,65.0,0.000995,0.602,261560.0,0.755,nan,0.412,-5.791,0.0397,135.042,0.6459999999999999,1.0
38946.0,50.0,0.614,nan,-1.0,0.246,0.000138,0.0967,-12.847,0.0383,132.153,nan,1.0
35419.0,57.0,0.312,0.605,-1.0,0.605,0.00511,0.0601,-7.722,0.0837,147.736,0.418,1.0
39153.0,61.0,0.3339999999999999,0.506,-1.0,0.526,0.000539,0.0907,-9.936,0.0285,129.641,0.591,1.0
36188.0,58.0,0.838,0.665,-1.0,0.253,0.0,0.168,-7.326,0.0505,142.252,0.477,1.0
35490.0,62.0,0.0182,0.3779999999999999,339493.0,0.596,1.14e-05,0.144,-5.4060000000000015,0.0323,135.968,0.172,1.0
35898.0,59.0,0.031,0.513,242667.0,0.77,0.0,0.198,-5.131,0.0277,119.95296059529068,0.8490000000000001,1.0
35810.0,57.0,0.5539999999999999,0.371,148253.0,nan,0.0,0.299,-9.792,0.0562,170.377,0.916,1.0
35560.0,74.0,0.176,0.7140000000000001,222227.0,0.735,0.0006219999999999,0.115,-7.125,0.0306,123.57,0.68,1.0
38830.0,60.0,1.3699999999999998e-05,0.511,252400.0,0.952,0.00201,0.135,-4.243,0.0754,147.999,0.557,1.0
36202.0,51.0,0.000273,0.616,-1.0,0.985,0.000145,0.111,-1.598,0.0832,109.979,0.487,1.0
39258.0,47.0,nan,0.583,224720.0,0.921,0.4589999999999999,0.226,-8.38,0.0697,125.98,0.222,1.0
36298.0,65.0,0.114,0.491,-1.0,0.482,2.78e-06,0.626,-6.564,0.0281,112.704,0.407,1.0
37226.0,58.0,0.118,0.6629999999999999,-1.0,0.48,0.000387,0.165,-9.267,0.0245,95.912,0.218,1.0
38509.0,53.0,0.0093,0.3289999999999999,276132.0,nan,0.00469,0.1009999999999999,-6.9620000000000015,0.0283,173.97400000000002,0.471,1.0
39763.0,56.0,0.0601,0.5589999999999999,258693.0,0.3429999999999999,0.138,0.1,-13.072,0.0424,119.95296059529068,0.183,1.0
38011.0,54.0,0.267,0.467,303680.0,0.561,3.02e-06,0.132,-6.787000000000001,0.0262,81.303,0.493,1.0
37098.0,56.0,0.955,0.465,284867.0,0.242,0.0223,0.126,-10.46,0.0298,102.812,0.315,1.0
37192.0,53.0,0.0364,0.45,415600.0,0.341,0.0002839999999999,0.0405,-14.218,0.0327,118.782,0.366,1.0
38041.0,60.0,0.000761,0.512,241627.0,0.933,0.0,0.342,-4.759,nan,92.998,0.465,1.0
35295.0,68.0,0.182,0.6609999999999999,266333.0,0.818,0.000995,0.0527,-5.9,0.0291,147.54399999999998,0.79,1.0
39832.0,58.0,0.171,0.518,303307.0,0.7440000000000001,7.63e-06,0.109,-7.106,0.0351,98.022,0.161,1.0
35257.0,48.0,0.161,0.481,234274.0,0.5710000000000001,0.00494,0.357,-8.582,0.0296,167.634,0.634,1.0
38250.0,54.0,0.000173,0.521,206000.0,0.919,0.00218,0.301,-3.1460000000000004,0.0475,131.726,0.746,1.0
35355.0,64.0,4.82e-06,0.55,252533.0,0.765,0.873,0.132,-8.684,0.0287,119.95296059529068,0.417,1.0
36192.0,57.0,0.00013,0.358,241547.0,0.92,0.0118,0.0765,-2.843,0.218,99.919,0.493,1.0
36966.0,61.0,0.00851,0.703,247829.0,0.785,0.0479,0.178,-7.632999999999999,0.0459,105.857,0.5920000000000001,1.0
35427.0,58.0,nan,nan,356947.0,nan,0.107,0.0873,-2.261,0.0495,127.995,nan,1.0
35095.0,54.0,0.173,0.8109999999999999,250909.0,0.472,0.407,0.0969,-13.446,0.0429,131.983,0.8220000000000001,1.0
38734.0,60.0,0.00798,0.562,185960.0,0.843,3.1e-05,0.1119999999999999,-4.238,0.0363,91.979,0.262,1.0
37241.0,55.0,0.425,0.705,-1.0,0.8109999999999999,6.15e-05,0.126,-5.2010000000000005,0.0285,91.974,0.519,1.0
35675.0,64.0,0.0879,0.428,228147.0,0.429,0.00041,0.168,-6.06,0.049,127.173,0.182,1.0
38045.0,52.0,0.0708,0.4579999999999999,208253.0,0.7509999999999999,0.0105,0.1689999999999999,-4.681,0.032,140.895,0.387,1.0
35031.0,62.0,0.0409999999999999,0.5760000000000001,266040.0,0.659,0.0,0.0587,-5.617000000000001,0.0383,94.853,0.7170000000000001,1.0
35434.0,50.0,0.2289999999999999,0.314,241360.0,0.483,0.0269,0.564,-8.365,0.0351,145.047,0.348,1.0
39468.0,53.0,0.373,0.649,213528.0,0.7879999999999999,0.0,0.108,-7.029,0.0532,119.95296059529068,0.736,1.0
38950.0,71.0,0.000332,0.305,206773.0,0.8320000000000001,2.4e-05,0.091,-7.981,0.0398,100.677,0.585,1.0
38528.0,49.0,0.5529999999999999,0.6809999999999999,265640.0,0.447,4.36e-06,0.122,-8.83,0.0477,99.418,0.746,1.0
37036.0,65.0,0.431,0.5660000000000001,233467.0,0.7659999999999999,0.0,0.1009999999999999,-5.0360000000000005,0.0399,119.95296059529068,0.547,1.0
37237.0,67.0,0.00238,0.236,354393.0,0.84,0.204,0.303,-3.454,0.0572,129.19,0.1889999999999999,1.0
39125.0,61.0,0.74,nan,233667.0,0.281,0.0,0.163,-10.56,nan,142.263,nan,1.0
38240.0,72.0,0.605,0.669,231173.0,nan,nan,0.0905,-11.547,0.0306,130.015,0.649,1.0
35259.0,55.0,0.000138,0.547,243933.0,0.966,0.000659,0.312,-3.839,0.0452,114.053,0.532,1.0
39397.0,59.0,0.00106,0.5820000000000001,-1.0,0.765,0.0506,0.344,-6.544,0.0376,128.164,0.528,1.0
38805.0,64.0,nan,0.61,217400.0,0.59,2.32e-06,0.15,-7.325,0.0362,137.838,0.352,1.0
39315.0,61.0,0.0433,0.596,185030.0,0.7290000000000001,0.151,0.135,-5.82,0.0698,149.999,0.56,1.0
37514.0,70.0,0.00569,0.7240000000000001,163673.0,0.591,0.0249,0.0833,-5.6960000000000015,0.0677,107.944,0.633,1.0
37297.0,66.0,0.445,0.6609999999999999,180360.0,0.785,0.000266,0.0854,-5.622999999999998,0.0369,91.975,0.371,1.0
36328.0,59.0,0.00457,0.597,182653.0,nan,0.00191,0.501,-4.727,0.11,87.479,0.866,1.0
36555.0,56.0,0.0121,0.517,187267.0,0.743,0.0,0.166,-6.152,0.0807,150.134,0.371,1.0
39652.0,69.0,0.644,0.561,267253.0,0.337,8.79e-05,0.67,-9.272,0.0284,109.373,0.273,1.0
35320.0,79.0,0.57,0.65,180056.0,0.306,7.07e-06,0.0707,-9.443,0.0393,118.068,0.605,1.0
36247.0,58.0,0.0751,0.411,-1.0,0.611,0.000221,0.0762,-4.718999999999999,0.0298,140.002,0.138,1.0
37455.0,51.0,0.213,0.535,391320.0,0.551,8.72e-06,0.172,-9.99,0.0337,79.414,0.631,1.0
36583.0,66.0,0.129,nan,195173.0,0.83,0.0,0.29,-5.43,0.0652,95.004,nan,1.0
38121.0,52.0,0.386,0.691,256800.0,nan,0.00115,0.223,-8.984,0.0389,93.979,0.654,1.0
35074.0,64.0,0.303,0.3989999999999999,445187.0,0.467,0.0186,0.124,-11.763,0.0284,119.95296059529068,0.525,1.0
35864.0,64.0,0.35,0.764,174627.0,0.6459999999999999,0.0,0.0823,-9.349,0.0305,116.115,0.8859999999999999,1.0
37758.0,62.0,9.62e-05,0.623,162293.0,0.983,0.0617,0.261,-3.548,0.151,134.975,0.271,1.0
36655.0,56.0,0.392,0.482,323707.0,0.55,0.0208,0.111,-4.485,0.0267,114.435,0.353,1.0
38865.0,51.0,0.00537,0.507,231133.0,0.6859999999999999,0.0,0.124,-4.974,0.0401,119.95296059529068,0.389,1.0
38111.0,67.0,0.175,0.386,363114.0,0.562,9.17e-06,0.209,-4.363,0.03,72.945,0.228,1.0
36079.0,61.0,nan,0.523,241507.0,nan,0.0,0.094,-14.069,nan,142.814,0.291,1.0
39006.0,66.0,0.106,0.66,200227.0,0.799,0.0,0.154,-4.644,0.0995,125.966,0.475,1.0
35792.0,55.0,0.475,0.581,151093.0,0.41,2.04e-05,0.0746,-12.617,0.0303,129.175,0.6970000000000001,1.0
38635.0,62.0,0.0513,0.395,211453.0,0.8959999999999999,0.00396,0.14,-4.262,0.0351,101.867,0.35,1.0
36879.0,62.0,0.0208,0.575,249813.0,0.478,1.11e-05,0.144,-5.517,0.0314,125.968,0.297,1.0
35816.0,57.0,0.0025399999999999,0.306,232533.0,0.985,0.626,0.13,-6.687,0.0822,133.963,0.255,1.0
35392.0,63.0,0.0414,0.325,153160.0,nan,0.0,0.478,-2.535,0.1009999999999999,199.842,0.7440000000000001,1.0
37887.0,61.0,0.148,0.701,462267.0,0.7879999999999999,0.625,0.0977,-5.6110000000000015,0.0425,142.584,0.795,1.0
36180.0,73.0,0.000243,0.431,-1.0,0.914,0.0096,0.502,-4.243,0.0616,147.108,0.534,1.0
38202.0,55.0,0.178,0.687,242347.0,0.6509999999999999,0.00879,0.149,-6.6960000000000015,0.0255,119.937,0.514,1.0
37628.0,75.0,0.0364,0.4539999999999999,212689.0,0.66,0.0,0.181,-4.357,0.168,184.353,0.568,1.0
36356.0,53.0,0.00277,0.612,242773.0,0.6659999999999999,0.0,0.286,-5.8660000000000005,0.0317,120.048,0.353,1.0
39217.0,63.0,3.2200000000000003e-05,0.47,215120.0,0.885,0.196,0.1689999999999999,-7.224,0.0354,138.153,0.79,1.0
35114.0,52.0,0.0070599999999999,0.5720000000000001,215080.0,nan,0.0,0.121,-4.833,0.047,118.011,0.248,1.0
40000.0,65.0,0.171,0.444,145640.0,0.943,6.59e-06,0.297,-3.724,0.104,125.896,0.411,1.0
38434.0,68.0,0.221,0.588,278441.0,0.301,0.00236,0.128,-14.979,0.0294,112.458,0.19,1.0
37814.0,67.0,0.000531,0.502,229928.0,0.685,1.61e-06,0.0923,-5.847,0.0283,81.978,0.574,1.0
37599.0,56.0,nan,nan,254493.0,0.738,0.0,0.0651,-4.109,0.0427,81.962,nan,1.0
37841.0,51.0,0.000488,0.488,187853.0,0.879,1.19e-06,0.14,-3.329,0.0393,86.986,0.557,1.0
37377.0,66.0,0.188,0.69,190280.0,0.7979999999999999,0.0,0.111,-3.347,0.039,92.967,0.645,1.0
36240.0,53.0,0.0344,0.479,245333.0,0.718,nan,0.282,-4.271,0.0368,149.576,0.3979999999999999,1.0
37151.0,59.0,0.31,0.476,283133.0,nan,2.82e-06,0.172,-14.884,0.0305,130.57399999999998,0.24,1.0
39980.0,59.0,0.000386,0.542,183480.0,0.939,3.85e-06,0.0931,-4.166,nan,129.983,0.256,1.0
35604.0,55.0,0.16,0.525,257346.0,0.501,0.025,0.146,-14.192,0.0318,108.291,0.3329999999999999,1.0
36439.0,50.0,0.6659999999999999,0.624,369947.0,0.511,0.204,0.0662,-10.746,0.0281,144.049,0.713,1.0
40001.0,53.0,0.00358,0.765,460493.0,0.397,0.715,0.1169999999999999,-10.538,0.0359,123.89,0.15,1.0
35543.0,75.0,0.5820000000000001,0.6509999999999999,202920.0,0.708,0.0,0.0796,-4.791,0.0376,119.964,0.5579999999999999,1.0
35726.0,52.0,0.108,0.397,224027.0,0.507,0.118,0.109,-11.765999999999998,0.0358,117.971,0.3429999999999999,1.0
39415.0,57.0,0.242,0.562,181827.0,0.7979999999999999,0.0,0.1119999999999999,-3.873,0.0311,143.97899999999998,0.579,1.0
37850.0,65.0,0.222,0.332,474360.0,0.623,0.000883,0.278,-12.365,0.0803,182.63,0.416,1.0
37912.0,52.0,5.83e-05,nan,227400.0,0.8859999999999999,0.275,0.2189999999999999,-6.981,0.0617,176.426,nan,1.0
37259.0,58.0,0.515,0.471,284840.0,0.357,0.0036299999999999,0.114,-11.333,0.0283,138.255,0.278,1.0
35182.0,60.0,4.85e-05,0.518,189787.0,0.718,0.244,0.25,-4.355,0.0343,127.593,0.531,1.0
37895.0,54.0,0.0822,0.628,224382.0,0.584,0.433,0.298,-8.03,0.0284,112.0,0.335,1.0
35085.0,53.0,0.0698,0.757,192414.0,0.72,1.4499999999999997e-05,0.1119999999999999,-5.644,0.0425,121.968,0.96,1.0
37566.0,54.0,0.424,0.669,269323.0,0.517,0.0,0.155,-5.97,0.0345,140.931,0.354,1.0
36728.0,57.0,0.0164,0.638,191126.0,0.682,1.09e-05,0.457,-3.798,0.0526,142.977,0.206,1.0
36622.0,61.0,0.0214,0.426,271533.0,0.805,0.0,0.0951,-5.827999999999999,0.0398,88.088,0.2189999999999999,1.0
36659.0,62.0,0.0316,0.5579999999999999,213653.0,0.8959999999999999,0.0,0.528,-3.687,0.0545,90.064,0.63,1.0
37333.0,59.0,0.507,0.581,116160.0,0.821,0.0,0.108,-4.387,0.0318,136.145,0.968,1.0
39618.0,50.0,0.0193,0.407,205587.0,0.821,2.06e-06,0.36,-4.987,0.0657,99.814,0.61,1.0
35226.0,57.0,0.402,0.498,-1.0,nan,5.74e-06,0.525,-5.284,0.0265,119.95296059529068,0.664,1.0
35098.0,52.0,0.0038399999999999,0.544,210080.0,0.625,0.00657,0.0889,-6.7970000000000015,0.0342,75.243,0.43,1.0
37614.0,61.0,0.517,nan,228747.0,0.477,0.446,0.139,-8.709,nan,88.005,nan,1.0
38387.0,77.0,0.381,0.66,-1.0,0.3829999999999999,0.0,0.119,-9.377,0.0304,83.096,0.381,1.0
39420.0,48.0,0.0185,0.3279999999999999,574000.0,0.479,0.682,0.268,-13.336,0.0313,119.596,0.0569,1.0
36402.0,65.0,0.858,0.654,134400.0,0.336,0.385,0.0786,-12.825,0.0379,176.083,0.947,1.0
39691.0,56.0,0.0407,0.569,178555.0,0.625,0.0113,0.536,-7.4289999999999985,0.0273,119.95296059529068,0.502,1.0
36297.0,82.0,0.0021,0.5920000000000001,329733.0,0.767,0.00165,0.127,-2.7880000000000003,0.027,96.483,0.3279999999999999,1.0
37169.0,55.0,0.121,0.625,218867.0,nan,0.0,0.158,-5.037,0.0325,99.919,0.6990000000000001,1.0
37944.0,66.0,0.0874,0.525,252280.0,0.741,0.147,0.1169999999999999,-5.643,0.0311,117.031,0.179,1.0
38673.0,56.0,0.0116,0.528,208067.0,0.888,0.762,0.154,-6.039,0.0326,145.971,0.897,1.0
35894.0,77.0,0.3229999999999999,0.606,182493.0,0.652,0.0,0.201,-6.982,0.0281,97.155,0.476,1.0
36456.0,60.0,0.034,0.521,215973.0,0.933,2.07e-05,0.33,-4.874,0.179,169.842,0.607,1.0
38321.0,64.0,0.0299,0.57,222573.0,0.83,0.0,0.148,-5.096,0.0579,155.014,0.765,1.0
37564.0,58.0,0.0196,0.439,246827.0,nan,0.0054,0.1369999999999999,-4.08,0.0649,119.95296059529068,0.351,1.0
37685.0,71.0,0.0771,0.7120000000000001,287733.0,0.967,0.0,0.356,-5.206,0.047,145.024,0.895,1.0
39656.0,55.0,0.324,0.705,191280.0,0.813,0.0,0.347,-4.522,0.1159999999999999,119.95296059529068,0.843,1.0
39816.0,68.0,0.514,0.4579999999999999,342493.0,0.486,0.0,0.574,-8.147,0.0258,72.484,0.363,1.0
39684.0,58.0,0.0073,0.491,249067.0,0.738,0.0,0.295,-6.73,0.0571,162.003,0.524,1.0
37969.0,59.0,0.045,0.624,199767.0,0.5479999999999999,nan,0.11,-6.658,0.0318,91.973,0.367,1.0
37677.0,65.0,0.0152,0.465,217824.0,0.917,0.02,0.286,-6.331,0.237,155.061,0.39,1.0
35566.0,57.0,0.0218,0.456,257960.0,nan,0.0,0.237,-14.339,0.0402,119.95296059529068,0.5529999999999999,1.0
37783.0,55.0,0.83,0.387,-1.0,0.1939999999999999,0.00145,0.131,-10.829,0.031,121.7,0.0862,1.0
37953.0,60.0,0.051,0.4429999999999999,267906.0,0.778,0.0,0.267,-3.037,0.0328,148.04399999999998,0.418,1.0
37822.0,63.0,0.0004669999999999,0.617,254510.0,0.7040000000000001,1.33e-05,0.326,-6.835,nan,99.804,0.358,1.0
37763.0,64.0,0.794,0.39,330533.0,0.31,0.0,0.379,-14.545,0.0676,177.515,0.584,1.0
36761.0,60.0,0.138,0.516,-1.0,0.745,0.0,0.114,-5.674,0.0381,119.95296059529068,0.77,1.0
35729.0,54.0,0.000179,0.5870000000000001,396333.0,0.613,0.151,0.178,-9.444,0.0341,85.693,0.655,1.0
35224.0,60.0,0.13,0.872,247133.0,0.679,0.00746,0.3229999999999999,-10.026,0.156,119.95296059529068,0.948,1.0
39144.0,55.0,nan,nan,-1.0,nan,0.000178,0.148,-8.939,0.0368,107.719,nan,1.0
38962.0,61.0,0.244,0.529,168853.0,0.847,0.0,0.205,-5.513,0.0482,93.977,0.69,1.0
36593.0,53.0,0.917,0.561,228920.0,0.252,0.0,0.106,-9.448,0.0345,144.226,0.346,1.0
39712.0,50.0,0.0125,0.264,287613.0,0.875,0.24,0.0925,-3.3710000000000004,0.054,119.95296059529068,0.2319999999999999,1.0
38006.0,53.0,0.1639999999999999,0.552,295667.0,0.802,0.00114,0.13,-7.479,0.04,152.80700000000002,0.631,1.0
35215.0,56.0,0.0293,0.647,219213.0,nan,0.0,0.139,-4.388,0.0363,161.416,0.598,1.0
35682.0,55.0,0.0276,0.684,238973.0,0.8370000000000001,2.98e-05,0.0627,-5.46,0.0307,115.94,0.565,1.0
35359.0,54.0,0.0399,0.575,177960.0,0.985,0.0,0.166,-1.038,0.0743,119.95296059529068,0.476,1.0
36438.0,55.0,1.87e-05,0.409,258373.0,0.974,0.118,0.1159999999999999,-5.274,0.085,166.00099999999998,0.473,1.0
35954.0,60.0,1.04e-05,0.545,209480.0,0.836,0.000129,0.413,-4.029,0.0281,105.925,0.449,1.0
37848.0,67.0,0.0073799999999999,0.547,197053.0,0.804,0.0,0.0308,-5.268,0.0361,142.016,0.6659999999999999,1.0
35582.0,68.0,0.129,0.662,209693.0,0.65,0.0,0.113,-5.981,0.0383,117.992,0.481,1.0
38933.0,67.0,0.0312,nan,244760.0,0.914,8.92e-05,0.0483,-3.834,0.107,97.021,nan,1.0
35372.0,56.0,0.038,0.364,260609.0,0.46,0.00131,0.535,-8.298,0.0425,93.129,0.068,1.0
36617.0,62.0,0.00963,0.639,246173.0,0.903,7.06e-05,0.174,-5.013,0.0371,135.938,0.96,1.0
38555.0,52.0,0.00614,0.515,260160.0,0.912,0.177,0.157,-8.547,0.0693,107.131,0.596,1.0
34608.0,28.0,nan,0.291,210707.0,0.948,0.0117,0.968,-4.517,nan,161.47299999999998,0.5770000000000001,0.0
11131.0,41.0,0.0118,0.8540000000000001,90667.0,0.493,0.012,0.104,-9.996,0.104,89.984,0.5820000000000001,0.0
31867.0,35.0,0.239,0.556,198320.0,0.867,0.0,0.0874,-4.904,0.0321,133.07299999999998,0.81,0.0
21483.0,40.0,0.373,0.6990000000000001,216533.0,0.6809999999999999,0.0,0.2739999999999999,-4.9830000000000005,0.0306,131.99,0.8059999999999999,0.0
10013.0,32.0,0.765,0.696,-1.0,nan,0.6509999999999999,0.1119999999999999,-7.973,0.0297,131.924,0.47,0.0
26307.0,54.0,0.0471,0.7979999999999999,190918.0,0.721,0.0,0.0626,-4.964,0.0927,104.943,0.41,0.0
18299.0,51.0,0.425,0.436,154749.0,0.655,0.0,0.3929999999999999,-8.152999999999999,0.159,139.71200000000002,0.523,0.0
33699.0,33.0,0.377,0.519,-1.0,0.374,0.0,0.0767,-8.878,0.0272,111.336,0.422,0.0
40351.0,26.0,0.911,0.129,472933.0,0.0538,0.122,0.0602,-27.769,0.0359,92.218,0.0805,0.0
49859.0,70.0,0.4039999999999999,nan,-1.0,0.601,0.0,0.0582,-7.507999999999999,0.309,199.921,nan,0.0
47965.0,58.0,0.195,0.475,314493.0,0.757,0.0,0.37,-7.307,0.357,119.95296059529068,0.0707,0.0
23945.0,42.0,0.292,0.594,198467.0,nan,0.0,0.0934,-5.755,0.0289,133.993,0.5489999999999999,0.0
20226.0,55.0,0.1369999999999999,0.622,222187.0,0.519,0.0,0.0954,-7.971,0.0269,90.082,0.496,0.0
12724.0,45.0,0.6629999999999999,0.665,297991.0,0.634,9.77e-05,0.127,-7.811,0.21,93.05,0.43,0.0
3931.0,30.0,0.0145,0.519,234573.0,0.5760000000000001,0.392,0.201,-7.705,0.0289,139.981,0.1159999999999999,0.0
47323.0,47.0,0.4039999999999999,0.467,157608.0,0.581,nan,0.149,-9.768,0.456,91.108,0.152,0.0
11821.0,48.0,0.449,0.667,149987.0,0.485,2.33e-06,0.0716,-7.164,0.0602,119.161,0.768,0.0
5343.0,16.0,0.00883,0.4379999999999999,299053.0,0.979,0.256,0.1689999999999999,-6.269,0.408,152.97799999999998,0.126,0.0
21738.0,46.0,nan,0.42,213253.0,nan,0.0,0.919,-8.648,0.0274,119.95296059529068,0.489,0.0
11477.0,52.0,0.6940000000000001,0.7709999999999999,252653.0,0.4579999999999999,0.000137,0.0784,-7.652,0.0327,109.089,0.7070000000000001,0.0
8932.0,12.0,0.000109,0.248,105820.0,0.918,0.785,0.244,-5.005,0.107,119.95296059529068,0.34,0.0
1388.0,51.0,0.308,0.4479999999999999,198400.0,0.627,0.0,0.159,-5.657,0.047,149.756,0.37,0.0
23094.0,49.0,0.00497,0.42,281080.0,0.635,0.000146,0.139,-5.565,0.031,165.983,0.206,0.0
20580.0,63.0,0.171,nan,183640.0,0.87,4.4e-06,0.2019999999999999,-5.86,nan,83.39200000000001,nan,0.0
21010.0,47.0,0.0974,0.498,215240.0,0.88,0.0,0.341,-5.098,0.0379,76.007,0.764,0.0
22001.0,38.0,0.00483,0.638,256440.0,0.427,2.48e-06,0.146,-12.994000000000002,0.0756,169.831,0.5429999999999999,0.0
41039.0,25.0,0.996,0.36,198053.0,0.0612,0.885,0.11,-25.708,0.0447,92.864,0.11,0.0
8718.0,28.0,0.595,0.163,162027.0,0.44,0.909,0.142,-9.873,0.0436,154.357,0.126,0.0
18027.0,73.0,0.000917,0.433,269373.0,0.959,0.0,0.0279999999999999,-4.04,0.0431,119.95296059529068,0.365,0.0
30512.0,47.0,0.176,0.809,149013.0,0.701,0.0,0.184,-12.484000000000002,0.0574,105.696,0.563,0.0
7487.0,13.0,0.0588,0.523,229720.0,0.843,0.000559,0.132,-3.988,0.0328,119.95296059529068,0.494,0.0
14673.0,47.0,0.474,0.782,-1.0,nan,0.0012,0.0555,-6.3210000000000015,0.0383,99.992,0.8190000000000001,0.0
20417.0,51.0,0.2,0.427,240733.0,0.883,0.0,0.105,-1.936,0.102,159.91,0.7240000000000001,0.0
34559.0,64.0,0.795,0.631,188693.0,0.354,0.000107,0.0879,-11.112,0.0313,73.007,0.522,0.0
23571.0,39.0,0.156,0.529,-1.0,0.56,0.0299,0.155,-12.972,0.0329,104.516,0.866,0.0
7738.0,43.0,0.00153,0.196,331653.0,0.737,0.745,0.0865,-8.961,0.0728,96.138,0.0898,0.0
42403.0,50.0,0.981,0.228,441013.0,0.498,0.8640000000000001,0.7040000000000001,-20.596,0.0533,79.023,0.358,0.0
6708.0,24.0,0.11,0.626,368400.0,0.994,0.0415,0.304,-2.849,0.0802,129.993,0.475,0.0
2868.0,42.0,0.239,0.669,217778.0,nan,0.000169,0.598,-3.2230000000000003,0.0602,145.061,0.494,0.0
24184.0,44.0,0.0101,0.698,212760.0,0.6759999999999999,2.57e-05,0.1119999999999999,-11.717,0.0277,116.486,0.961,0.0
4162.0,23.0,0.0498,0.708,285427.0,0.447,1.41e-05,0.273,-10.714,0.052,102.035,0.626,0.0
43998.0,0.0,0.986,0.3429999999999999,259040.0,0.0153,0.908,0.181,-30.433000000000003,0.0453,169.22,0.102,0.0
18759.0,51.0,0.0258,0.445,-1.0,0.882,0.000808,0.0824,-4.979,0.109,144.28,0.573,0.0
43721.0,36.0,0.937,0.0874,-1.0,0.0169,0.773,0.108,-32.245,0.0478,85.068,0.05,0.0
7330.0,25.0,0.00873,0.465,243020.0,0.981,0.0,0.354,-2.366,nan,128.093,0.534,0.0
31517.0,27.0,0.0182,0.35,184773.0,0.6579999999999999,3.79e-06,0.073,-6.553,0.0568,156.295,0.593,0.0
18685.0,49.0,2.58e-05,0.475,177427.0,0.753,0.0968,0.212,-5.058,0.214,162.92,0.672,0.0
21701.0,57.0,0.00228,0.539,257080.0,0.7859999999999999,1.7899999999999998e-05,0.121,-4.884,0.0269,88.969,0.503,0.0
13008.0,30.0,0.8320000000000001,nan,329133.0,0.0917,0.94,0.1119999999999999,-17.91,0.0407,127.207,nan,0.0
9561.0,38.0,0.0010199999999999,0.467,229027.0,0.973,0.0357,0.0528,-1.236,0.143,93.153,0.445,0.0
41733.0,33.0,0.8290000000000001,0.218,372187.0,0.244,0.93,0.129,-16.472,0.0404,83.73899999999999,0.06,0.0
6740.0,27.0,0.0011,0.327,308080.0,0.972,0.0034799999999999,0.0817,-3.489,0.469,119.95296059529068,0.103,0.0
4630.0,43.0,nan,0.794,373377.0,nan,0.871,0.0654,-8.396,0.0549,113.996,0.187,0.0
7616.0,29.0,0.176,0.609,344160.0,0.888,0.0,0.15,-2.814,0.036,119.959,0.696,0.0
15849.0,47.0,0.054,0.482,-1.0,0.627,2.99e-06,0.111,-5.779,0.03,95.903,0.17,0.0
26759.0,52.0,0.059,0.625,158108.0,0.6990000000000001,0.0,0.231,-10.665,0.478,147.95600000000002,0.381,0.0
32519.0,30.0,0.1119999999999999,0.3939999999999999,325733.0,0.348,nan,0.294,-10.197,0.036,127.543,0.5379999999999999,0.0
8648.0,16.0,0.0246,0.545,225107.0,0.917,0.0,0.307,-2.839,0.0352,132.93,0.6509999999999999,0.0
34943.0,64.0,0.914,0.5670000000000001,157893.0,0.159,0.0,0.111,-13.648,0.0331,146.91299999999998,0.436,0.0
25447.0,56.0,3.98e-05,0.476,181667.0,nan,4.32e-06,0.353,-3.938,0.0593,96.515,0.303,0.0
8721.0,13.0,0.826,0.153,205347.0,0.359,0.888,0.0816,-17.719,0.0384,83.89399999999999,0.313,0.0
48293.0,55.0,0.547,nan,241133.0,0.3939999999999999,0.0,0.3829999999999999,-9.536,0.239,76.277,nan,0.0
4855.0,33.0,0.0731,0.654,148267.0,0.726,0.8909999999999999,0.243,-5.4910000000000005,0.0354,90.969,0.56,0.0
46843.0,64.0,0.0217,0.858,247613.0,0.76,0.0,0.322,-7.895,0.254,93.082,0.951,0.0
18788.0,47.0,0.326,0.6990000000000001,147107.0,0.59,0.0,0.108,-4.952,0.215,144.88,0.812,0.0
8494.0,31.0,0.569,0.449,249600.0,nan,1.93e-06,0.401,-2.365,0.0714,204.048,0.7859999999999999,0.0
10378.0,38.0,0.11,0.418,318178.0,0.652,0.535,0.354,-11.112,0.0748,80.45100000000001,0.607,0.0
12947.0,36.0,0.0335,0.6609999999999999,314080.0,0.5589999999999999,0.146,0.0822,-10.3,0.0336,95.994,0.602,0.0
25659.0,55.0,0.126,0.779,217440.0,0.902,0.0,0.242,-2.975,0.1689999999999999,95.321,0.82,0.0
30269.0,23.0,nan,0.7340000000000001,180773.0,0.6759999999999999,0.221,0.741,-7.273,0.04,94.518,0.907,0.0
25927.0,59.0,0.0887,0.691,272379.0,0.74,0.0,0.149,-5.884,0.298,78.025,0.41,0.0
26948.0,52.0,0.0132,0.624,245947.0,0.684,0.0,0.113,-4.745,0.31,164.07,0.255,0.0
16071.0,50.0,0.102,0.307,367160.0,0.407,0.0571,0.103,-8.25,0.0279999999999999,90.255,0.0433,0.0
42137.0,0.0,0.928,0.382,588400.0,nan,0.5589999999999999,0.12,-19.09,0.0535,93.319,0.266,0.0
42727.0,0.0,0.956,nan,194053.0,0.188,0.929,0.1369999999999999,-20.45,0.0446,136.27,nan,0.0
48701.0,56.0,0.0563,0.892,-1.0,0.5379999999999999,0.0,0.303,-7.042999999999998,0.304,130.129,0.325,0.0
13160.0,51.0,0.184,0.754,208867.0,0.8009999999999999,0.0,0.132,-5.992000000000001,0.35,119.95296059529068,0.391,0.0
21616.0,36.0,0.0914,0.698,218000.0,0.921,0.0,0.0602,-4.091,0.0387,119.95296059529068,0.685,0.0
5186.0,28.0,0.0357,0.455,226027.0,0.951,0.000614,0.389,-2.365,0.109,131.814,0.3829999999999999,0.0
24825.0,33.0,0.00166,0.495,-1.0,0.534,0.000117,0.0889,-7.347,0.0253,92.997,0.182,0.0
30796.0,30.0,0.00701,0.442,398333.0,nan,0.149,0.129,-10.696,0.0616,97.643,0.51,0.0
24328.0,50.0,0.1009999999999999,0.53,231640.0,0.504,0.000633,0.106,-6.71,0.0251,119.95296059529068,0.56,0.0
6319.0,32.0,0.409,0.528,145027.0,0.5660000000000001,0.8740000000000001,0.0956,-10.951,0.0376,149.885,0.482,0.0
16345.0,50.0,0.0879,0.7759999999999999,187653.0,0.601,0.000305,0.353,-6.041,0.0487,82.48100000000001,0.416,0.0
17026.0,60.0,0.5820000000000001,0.421,187134.0,0.407,0.775,0.1169999999999999,-10.732,0.0777,80.748,0.238,0.0
10608.0,38.0,0.00108,0.7759999999999999,448480.0,0.703,0.88,0.352,-16.542,0.0498,125.938,0.922,0.0
28971.0,57.0,nan,nan,238054.0,nan,0.0,0.371,-8.623,nan,120.068,nan,0.0
10500.0,30.0,0.915,0.479,124400.0,0.217,0.000816,0.0853,-11.499,0.0291,74.86399999999999,0.364,0.0
20512.0,40.0,0.102,0.5579999999999999,197053.0,0.8370000000000001,0.0,0.0651,-4.385,0.0356,170.03400000000002,0.857,0.0
19645.0,47.0,0.0021899999999999,0.605,243800.0,0.789,0.0178,0.127,-7.035,0.0338,136.041,0.434,0.0
30459.0,26.0,0.77,0.81,153093.0,0.524,1.03e-05,0.161,-9.77,0.0339,130.214,0.949,0.0
33930.0,26.0,3.87e-05,0.476,169613.0,0.7909999999999999,0.838,0.165,-8.086,0.0582,119.95296059529068,0.4029999999999999,0.0
13399.0,40.0,0.109,0.797,284067.0,0.555,0.0001899999999999,0.0648,-12.692,0.0385,114.746,0.8809999999999999,0.0
31631.0,28.0,0.8590000000000001,0.574,185387.0,0.284,0.0,0.114,-9.087,0.0363,68.07,0.672,0.0
18896.0,66.0,0.2189999999999999,0.701,144333.0,nan,0.0,0.0821,-19.846,0.0938,97.042,0.89,0.0
29707.0,62.0,0.0819,0.421,300427.0,0.963,0.0,0.5,-2.16,0.415,119.95296059529068,0.494,0.0
46543.0,51.0,0.602,0.6579999999999999,141174.0,0.626,2.46e-06,0.682,-6.069,0.3279999999999999,119.95296059529068,0.738,0.0
9682.0,36.0,0.289,0.5539999999999999,299600.0,0.8109999999999999,nan,0.363,-4.481,0.0461,160.17,0.737,0.0
47736.0,64.0,0.2789999999999999,0.723,298200.0,0.691,0.0,0.0363,-6.784,0.2189999999999999,138.03799999999998,0.512,0.0
26726.0,54.0,0.00664,0.496,316004.0,0.5539999999999999,0.0,0.111,-8.487,0.365,80.0,0.3279999999999999,0.0
44618.0,37.0,0.192,0.265,205320.0,0.6409999999999999,0.952,0.11,-6.854,0.033,186.004,0.1669999999999999,0.0
32434.0,38.0,0.0306,nan,251320.0,0.7559999999999999,0.00121,0.33,-9.216,0.0443,83.79700000000001,nan,0.0
41367.0,44.0,0.888,0.37,195360.0,0.471,0.003,0.103,-10.544,0.0371,146.322,0.373,0.0
34495.0,46.0,0.823,0.505,164666.0,0.17,2.87e-05,0.0619,-12.848,0.0325,119.95296059529068,0.305,0.0
42110.0,42.0,7.730000000000001e-05,0.422,287267.0,0.879,0.0484,0.3289999999999999,-5.238,0.1009999999999999,180.05,0.196,0.0
41280.0,35.0,0.995,0.387,363800.0,0.0353,0.893,0.0729,-32.142,0.0482,96.86,0.15,0.0
20509.0,44.0,0.204,0.674,246938.0,0.67,0.0,0.289,-6.457000000000002,0.061,143.94799999999998,0.371,0.0
29355.0,53.0,0.0266,0.7759999999999999,144493.0,nan,0.0,0.1689999999999999,-3.96,0.142,100.14,0.499,0.0
17452.0,51.0,0.0224,0.647,233573.0,0.69,0.0,0.147,-8.657,nan,117.514,0.682,0.0
46010.0,68.0,0.154,0.71,180675.0,0.47,0.0,0.643,-9.33,0.142,80.027,0.581,0.0
17395.0,65.0,0.664,0.5820000000000001,215813.0,0.4429999999999999,0.0,0.0703,-7.816,0.0436,78.071,0.452,0.0
10035.0,45.0,0.445,0.715,197013.0,0.662,0.0,0.0813,-5.761,0.188,87.904,0.626,0.0
7266.0,25.0,0.0166,0.376,255120.0,0.3,0.000842,0.483,-5.8610000000000015,0.0305,99.677,0.2769999999999999,0.0
48476.0,49.0,0.0533,nan,-1.0,0.995,0.000298,0.674,-3.611,0.0636,117.26,nan,0.0
46292.0,71.0,0.0414,0.6859999999999999,289560.0,0.428,0.0,0.138,-13.072,0.192,141.95,0.3289999999999999,0.0
30321.0,33.0,0.289,0.546,294933.0,nan,0.000312,0.119,-8.993,0.0326,129.955,0.534,0.0
6988.0,13.0,0.7609999999999999,0.544,214800.0,0.792,0.0,0.335,-3.512,0.0462,119.998,0.615,0.0
48494.0,57.0,0.123,0.7490000000000001,238054.0,0.649,0.0,0.371,-8.623,0.053,120.068,0.146,0.0
16323.0,42.0,0.000128,0.442,290547.0,0.7929999999999999,0.000305,0.2269999999999999,-5.465,0.0289999999999999,149.958,0.313,0.0
44550.0,32.0,0.8059999999999999,0.423,123840.0,0.156,0.000587,0.623,-17.959,0.039,135.911,0.563,0.0
8578.0,21.0,0.000266,0.502,-1.0,0.949,3.72e-05,0.336,-4.046,0.0514,150.003,0.4589999999999999,0.0
11069.0,39.0,0.872,0.121,499960.0,0.27,0.746,0.176,-13.276,0.0421,71.806,0.035,0.0
1114.0,25.0,0.0242,0.449,376500.0,0.8909999999999999,0.258,0.669,-4.118,0.135,109.953,0.544,0.0
27645.0,62.0,nan,0.753,193093.0,nan,0.0,0.391,-9.486,0.0816,112.568,0.562,0.0
26361.0,65.0,0.273,0.535,184500.0,0.524,0.0,0.08,-6.225,0.192,80.538,0.8909999999999999,0.0
45248.0,80.0,0.381,0.642,195053.0,0.782,0.0,0.108,-3.395,0.0477,162.005,0.396,0.0
34795.0,40.0,0.000636,0.384,180400.0,0.917,4.35e-05,0.409,-4.516,0.1939999999999999,79.47800000000001,0.4429999999999999,0.0
15724.0,48.0,5.29e-06,nan,202467.0,0.939,0.898,0.0819999999999999,-3.65,0.0382,84.08,nan,0.0
33471.0,21.0,0.122,0.866,295867.0,0.637,0.0,0.0727,-6.563,0.0291,95.509,0.9,0.0
14575.0,41.0,0.962,0.6829999999999999,192200.0,0.0941,0.762,0.119,-20.776,0.0517,123.967,0.4029999999999999,0.0
3125.0,46.0,0.141,0.612,316653.0,0.607,0.1669999999999999,0.104,-8.637,0.0396,79.975,0.6609999999999999,0.0
23180.0,56.0,0.0873,0.542,203120.0,0.8590000000000001,0.0,0.145,-5.1370000000000005,nan,140.9,0.637,0.0
24379.0,44.0,0.0462,0.6759999999999999,195053.0,0.7879999999999999,0.0,0.173,-5.7570000000000014,0.0994,119.95296059529068,0.384,0.0
7275.0,23.0,3.61e-05,0.42,214027.0,0.935,0.121,0.0654,-3.63,0.0429,119.95296059529068,0.682,0.0
29462.0,52.0,0.15,0.835,170658.0,0.873,0.0,0.304,-4.052,0.247,122.019,0.833,0.0
22883.0,42.0,0.903,0.449,136493.0,0.174,0.0,0.124,-12.56,0.0292,119.95296059529068,0.288,0.0
14170.0,38.0,0.1369999999999999,0.494,205160.0,nan,0.667,0.131,-17.063,0.0343,119.95296059529068,0.292,0.0
1000.0,46.0,0.0007599999999999,0.505,223373.0,0.755,0.0725,0.348,-7.568,0.0315,157.993,0.532,0.0
20840.0,40.0,0.423,0.312,389395.0,0.379,nan,0.951,-9.93,0.0307,105.734,0.285,0.0
42652.0,39.0,0.97,0.206,208280.0,0.1159999999999999,0.959,0.144,-23.543000000000006,0.0464,114.943,0.0383,0.0
45350.0,54.0,0.2739999999999999,0.846,163480.0,0.752,0.0,0.11,-4.942,0.449,140.018,0.575,0.0
19587.0,50.0,0.0028699999999999,0.517,260094.0,0.561,0.0,0.556,-5.364,0.0351,139.959,0.149,0.0
47647.0,63.0,0.309,0.635,223480.0,0.562,2.01e-06,0.11,-8.92,0.168,181.014,0.288,0.0
11086.0,41.0,0.578,0.611,-1.0,nan,1.53e-05,0.0603,-11.332,0.0472,120.15,0.654,0.0
3789.0,40.0,0.966,0.716,219173.0,0.4039999999999999,0.909,0.107,-13.79,0.0437,96.979,0.565,0.0
672.0,29.0,0.00843,0.345,275200.0,0.8959999999999999,0.0312,0.128,-2.695,0.374,75.89699999999999,0.149,0.0
46289.0,56.0,0.153,0.731,-1.0,0.488,4.44e-06,0.0634,-7.256,0.0538,93.981,0.465,0.0
24138.0,53.0,0.177,0.655,304693.0,0.429,0.0,0.0643,-12.824000000000002,0.0289,118.732,0.528,0.0
22230.0,48.0,0.174,0.843,305219.0,0.6679999999999999,6.659999999999999e-05,0.0963,-7.2360000000000015,0.0371,125.028,0.3779999999999999,0.0
29066.0,56.0,0.0236,0.705,273810.0,0.584,0.0,0.176,-6.397,0.396,71.666,0.35,0.0
9935.0,30.0,0.331,0.779,-1.0,nan,1.43e-06,0.076,-5.78,0.0384,127.96,0.941,0.0
8454.0,18.0,0.903,0.477,-1.0,0.221,0.852,0.113,-20.078,0.0329,128.154,0.198,0.0
31832.0,30.0,0.0021899999999999,0.497,128787.0,0.92,0.8140000000000001,0.16,-3.0980000000000003,0.0491,82.87,0.6629999999999999,0.0
2969.0,52.0,0.0117,0.665,413880.0,0.991,0.00392,0.3389999999999999,-6.725,0.256,152.596,0.0676,0.0
1655.0,33.0,0.125,0.726,334173.0,0.497,0.89,0.104,-10.742,0.0433,125.004,0.4589999999999999,0.0
3154.0,38.0,0.637,0.752,553500.0,0.7909999999999999,0.7509999999999999,0.1,-12.4,0.0554,116.004,0.11,0.0
17366.0,46.0,0.129,0.6759999999999999,492267.0,0.352,0.283,0.11,-10.239,0.0345,121.438,0.492,0.0
22034.0,38.0,nan,0.5760000000000001,201347.0,nan,0.0,0.14,-4.624,0.0496,80.98,0.809,0.0
26921.0,79.0,0.0149,0.921,191252.0,0.467,0.0002379999999999,0.3339999999999999,-8.443,0.119,135.995,0.287,0.0
27924.0,68.0,6.06e-05,0.451,194227.0,0.815,0.0,0.27,-5.55,0.0368,147.974,0.618,0.0
13995.0,48.0,0.6679999999999999,0.54,349980.0,0.48,0.0468,0.599,-10.737,0.0355,86.054,0.243,0.0
14944.0,30.0,0.223,0.637,224587.0,0.831,0.402,0.114,-6.372000000000001,0.0298,90.008,0.5329999999999999,0.0
1219.0,42.0,0.00798,0.672,522075.0,0.688,0.861,0.1939999999999999,-9.605,0.0375,127.003,0.8079999999999999,0.0
19625.0,70.0,0.0066599999999999,0.494,175093.0,0.939,0.0,0.139,-3.127,0.126,177.75099999999998,0.893,0.0
25626.0,55.0,0.2269999999999999,0.551,295067.0,nan,9.84e-06,0.276,-3.446,0.161,147.001,0.436,0.0
29591.0,56.0,0.1689999999999999,0.669,329187.0,0.662,0.0,0.345,-7.757999999999999,0.0446,94.531,0.471,0.0
33385.0,26.0,0.0605,0.348,313400.0,0.6759999999999999,0.00118,0.948,-8.054,0.0342,119.95296059529068,0.482,0.0
4277.0,65.0,0.0207,0.665,192905.0,0.973,0.8390000000000001,0.0381,-2.112,0.26,160.018,0.135,0.0
13272.0,45.0,0.0464,0.708,309227.0,0.745,0.873,0.365,-6.961,0.0424,122.016,0.161,0.0
3375.0,50.0,0.000225,0.606,281147.0,0.905,0.00199,0.0724,-6.513999999999999,0.0486,126.793,0.672,0.0
44860.0,30.0,0.973,0.43,533684.0,0.0828,0.609,0.214,-22.039,0.0474,125.093,0.4589999999999999,0.0
21310.0,40.0,0.557,0.531,239730.0,nan,0.000133,0.104,-7.955,0.0264,70.99600000000001,0.231,0.0
7264.0,48.0,0.00806,0.52,259231.0,0.963,0.000151,0.175,-2.662,0.0498,155.934,0.5670000000000001,0.0
1812.0,41.0,0.00976,0.321,-1.0,0.7879999999999999,0.395,0.29,-7.772,0.0289,126.355,0.657,0.0
32359.0,35.0,0.0072099999999999,0.551,667973.0,0.531,0.000868,0.135,-9.054,0.0495,82.36,0.546,0.0
23231.0,35.0,nan,0.55,205559.0,0.7340000000000001,0.0,0.2,-5.72,nan,74.995,0.5920000000000001,0.0
22475.0,41.0,0.178,0.7,227159.0,0.679,0.0,0.0787,-7.019,0.1169999999999999,78.817,0.412,0.0
49363.0,73.0,0.2319999999999999,0.848,181948.0,0.649,0.0,0.1009999999999999,-6.082999999999998,0.315,118.04,0.629,0.0
28007.0,72.0,0.564,nan,164083.0,0.7120000000000001,nan,0.357,-7.278,0.691,137.453,nan,0.0
4704.0,23.0,0.146,0.7440000000000001,161544.0,0.65,0.204,0.2239999999999999,-7.676,0.183,119.95296059529068,0.357,0.0
32149.0,27.0,0.7020000000000001,0.738,160240.0,0.411,0.0086,0.106,-8.988,0.0507,76.005,0.6509999999999999,0.0
20112.0,37.0,0.0383,0.594,209877.0,0.735,0.0,0.13,-5.408,0.0518,121.947,0.752,0.0
27585.0,64.0,0.0507,0.693,184615.0,0.563,0.0021,0.1119999999999999,-8.552999999999999,0.0675,155.96200000000002,0.618,0.0
429.0,32.0,0.7829999999999999,0.358,207573.0,0.5489999999999999,0.0286,0.0928,-8.012,0.0766,148.118,0.0854,0.0
46598.0,52.0,0.152,0.715,130342.0,0.684,0.0,0.473,-8.138,0.5489999999999999,89.963,0.767,0.0
2182.0,22.0,0.0978,0.1889999999999999,139400.0,nan,0.875,0.181,-10.686,0.0436,123.597,0.276,0.0
48583.0,47.0,0.45,0.381,67520.0,0.5920000000000001,0.0,0.534,-10.879,0.289,84.97399999999999,0.6729999999999999,0.0
24419.0,42.0,0.6659999999999999,0.6559999999999999,187053.0,0.7070000000000001,0.0,0.17,-3.841,0.0293,126.057,0.473,0.0
28446.0,66.0,0.0219,0.733,227027.0,0.66,0.0,0.151,-6.87,0.0436,138.034,0.259,0.0
24650.0,36.0,0.0412,0.578,214093.0,0.826,0.000113,0.3429999999999999,-5.042,0.0302,120.98,0.534,0.0
6354.0,23.0,0.000136,0.475,271640.0,0.8220000000000001,0.0,0.106,-4.06,0.068,134.776,0.2789999999999999,0.0
47859.0,49.0,0.2689999999999999,0.6940000000000001,298600.0,0.895,4.17e-06,0.4,-3.258,0.335,167.97400000000002,0.779,0.0
811.0,30.0,nan,nan,358387.0,nan,0.916,0.109,-17.747,0.0471,177.829,nan,0.0
9957.0,19.0,0.00242,0.396,281640.0,0.986,2.14e-05,0.3379999999999999,-4.843,0.23,169.976,0.143,0.0
46336.0,53.0,0.144,0.726,227187.0,0.616,0.0,0.316,-6.6770000000000005,0.364,82.54799999999999,0.607,0.0
44143.0,8.0,0.954,0.0843,1617333.0,0.123,0.74,0.711,-17.919,0.0396,56.855,0.0446,0.0
4273.0,38.0,0.000416,0.6940000000000001,128000.0,0.917,0.422,0.515,-3.181,0.2189999999999999,150.01,0.526,0.0
43153.0,21.0,0.732,0.231,-1.0,0.0406,0.0823,0.605,-29.209,nan,75.319,0.1639999999999999,0.0
15599.0,47.0,0.23,0.622,196227.0,0.4479999999999999,0.0,0.102,-10.709,0.0265,119.95296059529068,0.5529999999999999,0.0
44334.0,35.0,0.959,0.0667,226787.0,0.0338,0.885,0.09,-26.563,0.0474,119.95296059529068,0.0376,0.0
43061.0,12.0,0.991,0.254,106933.0,nan,0.8859999999999999,0.313,-19.116,0.04,109.666,0.172,0.0
3707.0,39.0,0.000672,0.56,219000.0,0.87,0.109,0.129,-3.492,0.0523,160.04399999999998,0.345,0.0
45253.0,58.0,0.13,0.8390000000000001,-1.0,0.888,0.000376,0.1159999999999999,-4.181,0.1159999999999999,115.005,0.6,0.0
28425.0,54.0,0.149,0.738,257640.0,0.879,0.0,0.102,-4.444,0.245,90.338,0.893,0.0
34338.0,21.0,0.988,0.613,-1.0,0.213,0.00128,0.138,-13.443,0.0603,102.223,0.71,0.0
29561.0,50.0,0.0506,0.6629999999999999,125747.0,0.738,0.0,0.0894,-6.957999999999998,0.4,184.078,0.544,0.0
32202.0,35.0,0.437,nan,184000.0,0.611,0.0288,0.118,-10.708,0.0275,93.119,nan,0.0
47275.0,78.0,0.371,0.5579999999999999,-1.0,0.5589999999999999,7.49e-06,0.109,-9.222,0.0959,78.558,0.62,0.0
40990.0,47.0,0.975,0.36,-1.0,0.366,0.00229,0.375,-11.636,0.0683,80.491,0.386,0.0
1784.0,52.0,0.00297,0.3989999999999999,294000.0,0.925,0.799,0.106,-5.45,0.0382,176.009,0.145,0.0
14233.0,46.0,nan,0.374,478428.0,0.926,0.0117,0.341,-4.947,0.0832,106.315,0.619,0.0
25303.0,74.0,0.311,0.644,177000.0,0.501,0.0,0.106,-8.959,0.492,129.828,0.173,0.0
48182.0,72.0,0.536,0.562,375050.0,0.544,0.0,0.17,-5.065,0.369,159.517,0.231,0.0
42909.0,27.0,0.665,0.327,-1.0,0.132,0.8320000000000001,0.249,-17.153,0.0413,119.95296059529068,0.216,0.0
13539.0,47.0,0.0792,0.73,263533.0,0.5429999999999999,0.5589999999999999,0.11,-8.418,0.0638,166.024,0.7959999999999999,0.0
16614.0,60.0,0.0688,0.626,-1.0,0.527,0.000214,0.372,-9.371,0.109,151.657,0.2269999999999999,0.0
10369.0,34.0,0.428,0.512,643545.0,0.64,0.00447,0.693,-12.263,0.0761,159.814,0.411,0.0
11550.0,39.0,0.963,0.474,498840.0,0.0431,0.935,0.11,-25.246,0.0396,129.786,0.145,0.0
19917.0,55.0,0.000651,nan,184427.0,0.863,0.0,0.3389999999999999,-3.424,nan,93.977,nan,0.0
44039.0,30.0,0.726,0.377,213253.0,0.111,0.7070000000000001,0.109,-17.324,0.0588,96.688,0.1369999999999999,0.0
11941.0,45.0,0.935,0.5479999999999999,250760.0,nan,nan,0.16,-18.408,0.034,107.799,0.15,0.0
14803.0,44.0,0.000254,0.3779999999999999,287365.0,0.919,0.899,0.61,-6.234,0.0489,93.045,0.205,0.0
43143.0,37.0,0.0106,0.204,137350.0,0.104,0.828,0.136,-21.608,0.046,68.32300000000001,0.0323,0.0
11107.0,33.0,0.176,0.615,264840.0,0.526,0.0128,0.127,-7.502999999999999,0.0284,155.972,0.3829999999999999,0.0
15633.0,68.0,0.0125,0.426,166707.0,0.894,0.00041,0.187,-6.699,0.174,108.725,0.63,0.0
27442.0,56.0,0.0632,0.705,241947.0,0.75,0.0,0.146,-4.558,0.0522,77.817,0.392,0.0
48459.0,44.0,nan,0.841,294040.0,nan,0.0,0.108,-6.191,0.308,133.024,0.7020000000000001,0.0
7431.0,36.0,0.9,0.6779999999999999,143320.0,0.327,0.158,0.111,-9.072,0.0288,113.803,0.557,0.0
29390.0,56.0,0.0434,0.8,139279.0,0.672,0.0,0.141,-7.925,0.32,76.023,0.871,0.0
16596.0,49.0,0.0117,0.562,284093.0,0.8959999999999999,0.0,0.322,-7.974,0.203,93.378,0.362,0.0
48352.0,52.0,0.516,0.813,-1.0,0.757,0.0,0.363,-5.358,0.356,92.996,0.6459999999999999,0.0
41377.0,56.0,0.993,nan,350107.0,0.00914,0.934,0.109,-31.231,0.0362,67.14399999999999,nan,0.0
33216.0,50.0,0.0749,0.7909999999999999,308373.0,0.535,1.96e-06,0.156,-13.261,0.0355,127.488,0.963,0.0
12214.0,36.0,0.8420000000000001,0.324,460613.0,0.153,0.975,0.108,-20.82,0.0386,119.95296059529068,0.0367,0.0
8592.0,15.0,0.4639999999999999,0.0624,177867.0,nan,0.941,0.125,-12.529000000000002,0.0416,62.838,0.0298,0.0
45401.0,68.0,0.555,0.635,217419.0,0.691,0.0,0.0969999999999999,-4.862,0.258,82.14200000000001,0.638,0.0
25166.0,55.0,0.396,0.326,211520.0,0.65,0.0,0.119,-9.574,0.1989999999999999,84.461,0.4379999999999999,0.0
19992.0,62.0,0.472,0.757,200865.0,0.614,0.0,0.161,-6.827999999999999,0.126,90.523,0.616,0.0
7029.0,23.0,0.019,0.519,256560.0,0.875,0.0,0.315,-4.542,0.0406,104.04,0.546,0.0
40015.0,37.0,0.995,0.45,85707.0,0.00251,0.926,0.0571,-38.718,0.0535,62.44,0.0896,0.0
26063.0,50.0,0.00263,0.884,228667.0,0.855,0.00104,0.0499,-8.919,0.2269999999999999,99.018,0.415,0.0
21916.0,41.0,0.218,0.7290000000000001,-1.0,nan,0.00032,0.34,-10.212,0.0297,120.296,0.882,0.0
19308.0,41.0,0.018,0.482,172520.0,0.8640000000000001,0.0,0.0743,-4.04,0.0948,185.736,0.7709999999999999,0.0
22678.0,53.0,0.015,0.609,216693.0,0.807,0.00123,0.37,-8.286,0.0559,121.768,0.754,0.0
26839.0,51.0,0.0236,0.47,145120.0,0.564,3.89e-06,0.103,-9.241,0.216,122.111,0.408,0.0
34222.0,28.0,nan,nan,333867.0,0.6759999999999999,0.701,0.478,-8.7,0.1119999999999999,149.22,nan,0.0
22783.0,56.0,0.6509999999999999,0.665,286067.0,0.37,0.000315,0.073,-16.651,0.035,122.997,0.519,0.0
17291.0,45.0,0.784,0.56,214945.0,nan,0.0,0.109,-15.395,0.0448,120.138,0.282,0.0
45960.0,50.0,0.127,0.4579999999999999,202307.0,0.805,0.0,0.664,-5.465,0.16,143.755,0.282,0.0
48447.0,63.0,0.0015199999999999,0.648,278067.0,0.622,5.97e-05,0.109,-6.063,0.0428,88.684,0.51,0.0
31854.0,61.0,0.491,0.545,288053.0,0.467,0.175,0.0805,-10.862,0.0305,113.713,0.444,0.0
11997.0,34.0,0.00477,0.758,231224.0,0.479,0.872,0.107,-6.791,0.0868,92.003,0.652,0.0
30588.0,32.0,0.00938,0.495,200360.0,0.7859999999999999,0.00752,0.107,-10.51,0.035,142.266,0.696,0.0
20820.0,62.0,0.039,0.485,184920.0,0.701,0.0,0.0977,-3.807,0.0288,151.94799999999998,0.613,0.0
7321.0,29.0,0.301,0.511,295987.0,0.6990000000000001,0.0,0.0884,-4.485,0.037,119.95296059529068,0.496,0.0
30587.0,32.0,0.000744,0.471,228520.0,0.944,0.000587,0.193,-4.673,0.0686,94.414,0.763,0.0
314.0,37.0,0.3329999999999999,0.7929999999999999,509107.0,0.479,0.907,0.0279,-10.759,0.0822,95.99,0.645,0.0
3455.0,44.0,0.71,nan,370453.0,0.496,0.831,0.3429999999999999,-11.866,0.0396,95.0,nan,0.0
14092.0,40.0,0.7020000000000001,0.674,246693.0,0.528,1.63e-05,0.0799,-6.939,0.045,88.105,0.955,0.0
14505.0,38.0,0.3279999999999999,0.444,337017.0,0.54,0.0127,0.08,-11.003,0.216,119.95296059529068,0.287,0.0
26112.0,50.0,0.188,0.7659999999999999,261176.0,0.526,0.0,0.0744,-6.228,0.233,136.105,0.568,0.0
32394.0,34.0,0.551,0.301,260200.0,0.7390000000000001,nan,0.11,-7.615,0.043,90.96,0.595,0.0
13458.0,30.0,nan,0.216,212160.0,nan,0.904,0.513,-11.300999999999998,nan,163.16299999999998,0.155,0.0
19293.0,46.0,0.866,0.47,320520.0,0.22,1.07e-06,0.113,-11.727,0.043,156.109,0.349,0.0
15838.0,44.0,0.000354,0.272,204402.0,0.908,0.0362,0.18,-7.928,0.103,160.91299999999998,0.38,0.0
31297.0,30.0,0.0618,0.389,160440.0,0.8290000000000001,0.00125,0.168,-5.58,0.15,122.051,0.435,0.0
43647.0,31.0,1.14e-05,0.294,253947.0,0.921,8.04e-05,0.0802,-4.165,0.0807,184.78,0.241,0.0
4193.0,36.0,0.42,0.52,575933.0,0.479,0.779,0.0942,-8.389,0.0278,90.01100000000001,0.1689999999999999,0.0
11034.0,36.0,0.481,0.718,285533.0,nan,0.857,0.0892,-11.204,0.0316,109.96,0.629,0.0
47667.0,50.0,0.00555,0.74,184490.0,0.497,0.0,0.3339999999999999,-5.309,0.152,147.026,0.067,0.0
30629.0,34.0,3.23e-06,0.275,144600.0,0.958,0.959,0.315,-9.171,0.0408,99.993,0.727,0.0
31430.0,42.0,0.4579999999999999,0.368,-1.0,0.395,3.66e-05,0.14,-14.067,0.0296,101.564,0.466,0.0
42423.0,44.0,0.931,0.221,184169.0,0.093,0.957,0.0757,-23.238000000000003,0.0367,102.96,0.127,0.0
25340.0,52.0,0.0178,0.878,251667.0,0.6509999999999999,0.0,0.0408,-8.074,0.252,92.028,0.102,0.0
28102.0,58.0,0.335,0.792,230600.0,0.8079999999999999,0.0,0.2689999999999999,-4.1560000000000015,0.0963,92.064,0.7090000000000001,0.0
18144.0,51.0,0.0378,0.5489999999999999,177000.0,nan,7.22e-06,0.156,-3.68,0.0291,104.976,0.386,0.0
32950.0,36.0,0.847,0.465,131200.0,0.431,0.0,0.36,-10.847,0.0304,93.981,0.74,0.0
25145.0,59.0,0.0193,0.691,305680.0,0.96,0.0,0.0626,-1.616,0.198,157.02,0.645,0.0
23534.0,46.0,0.0217,0.57,232880.0,0.6,0.0,0.0957,-11.618,0.039,143.861,0.611,0.0
17816.0,54.0,nan,0.499,335893.0,0.816,0.0,0.105,-3.913,0.0358,82.01700000000001,0.275,0.0
48760.0,81.0,0.387,0.836,-1.0,0.621,9.16e-05,0.104,-4.685,0.0892,101.995,0.762,0.0
7776.0,28.0,0.935,0.294,37027.0,0.349,0.581,0.158,-17.519000000000002,0.0475,155.418,0.0298,0.0
2004.0,21.0,0.614,0.7170000000000001,89958.0,0.433,0.764,0.108,-10.354,0.146,80.038,0.546,0.0
49940.0,48.0,0.198,0.741,194581.0,nan,0.0597,0.126,-8.28,0.046,129.53799999999998,0.2,0.0
11281.0,43.0,0.163,nan,350467.0,0.59,0.06,0.0961,-7.421,nan,120.017,nan,0.0
29298.0,56.0,0.298,0.632,180000.0,0.742,0.0,0.433,-7.041,0.0846,160.037,0.657,0.0
16359.0,54.0,0.00535,0.413,231368.0,0.885,1.97e-06,0.166,-7.695,0.0777,113.807,0.211,0.0
48523.0,52.0,0.0031,0.769,195347.0,0.601,0.0,0.272,-8.402000000000001,0.171,168.99599999999998,0.4479999999999999,0.0
20124.0,55.0,0.349,0.446,245693.0,0.519,0.00599,0.249,-7.585,0.0274,151.267,0.3829999999999999,0.0
12945.0,37.0,0.904,0.547,374093.0,0.1159999999999999,0.848,0.107,-21.946,0.0354,105.115,0.344,0.0
30469.0,28.0,0.0298,0.489,241680.0,nan,0.21,0.0997,-7.073,0.0431,166.597,0.866,0.0
17163.0,55.0,0.0312,0.473,312280.0,0.691,0.00404,0.147,-7.984,0.0248,82.118,0.421,0.0
12893.0,37.0,0.988,0.6679999999999999,205640.0,0.243,0.0296,0.108,-11.664,0.0541,74.258,0.6679999999999999,0.0
3858.0,49.0,0.32,0.601,229520.0,0.5579999999999999,0.375,0.0732,-8.353,0.0441,92.948,0.416,0.0
25545.0,60.0,0.103,0.401,60000.0,0.532,0.0,0.478,-11.554,0.508,84.777,0.413,0.0
26511.0,48.0,0.3339999999999999,0.768,192923.0,0.7659999999999999,0.0,0.115,-3.697,0.0891,129.985,0.6759999999999999,0.0
17784.0,48.0,nan,nan,400711.0,nan,0.0214,0.1169999999999999,-5.002,0.0386,111.105,nan,0.0
13863.0,41.0,0.644,0.823,236533.0,0.8140000000000001,0.687,0.1169999999999999,-5.6110000000000015,0.177,102.619,0.649,0.0
1444.0,25.0,0.0161,0.815,149647.0,0.6659999999999999,0.552,0.0745,-5.995,0.2269999999999999,119.95296059529068,0.483,0.0
5382.0,23.0,0.0096099999999999,0.514,262253.0,0.523,0.778,0.14,-6.601,0.1169999999999999,143.844,0.444,0.0
18192.0,54.0,5.45e-05,0.483,250128.0,0.962,9.61e-06,0.273,-2.93,0.107,88.00299999999999,0.4589999999999999,0.0
30184.0,39.0,0.00351,0.534,287033.0,0.653,0.0205,0.254,-7.358,0.0314,155.69299999999998,0.434,0.0
13114.0,38.0,0.992,0.379,239640.0,0.2789999999999999,nan,0.107,-12.694,0.0339,89.91799999999999,0.293,0.0
23947.0,42.0,0.48,0.65,204533.0,0.7909999999999999,0.0,0.16,-4.397,0.0331,93.992,0.8959999999999999,0.0
33781.0,41.0,0.0873,0.364,187853.0,nan,1.4e-06,0.0843,-4.115,0.0571,130.02200000000002,0.428,0.0
14054.0,30.0,0.0303,0.813,245040.0,0.767,0.887,0.0467,-7.1770000000000005,0.0375,119.95296059529068,0.877,0.0
399.0,46.0,0.281,0.498,-1.0,0.7240000000000001,6.75e-06,0.157,-5.142,nan,145.908,0.384,0.0
34918.0,41.0,0.885,0.4539999999999999,264667.0,0.206,0.000108,0.067,-14.855,0.0333,167.169,0.336,0.0
2111.0,54.0,0.0005639999999999,0.635,325385.0,0.7559999999999999,0.868,0.11,-9.421,0.0381,129.998,0.106,0.0
25261.0,63.0,0.0129,0.826,130909.0,0.914,0.0,0.0787,-2.925,0.266,93.532,0.687,0.0
48840.0,48.0,0.131,nan,256000.0,0.503,0.000692,0.104,-7.189,0.0437,119.95296059529068,nan,0.0
27204.0,62.0,0.00273,0.449,210707.0,nan,0.0,0.141,-3.66,0.0476,144.031,0.414,0.0
5181.0,41.0,0.703,0.546,418027.0,0.34,0.0,0.0975,-8.161,0.026,78.31,0.325,0.0
23520.0,41.0,0.0282,0.61,224341.0,0.774,0.0,0.111,-5.159,0.0289,82.993,0.695,0.0
30182.0,34.0,0.0267,0.519,408920.0,0.482,0.00787,0.337,-6.85,0.0305,125.844,0.152,0.0
9728.0,31.0,nan,0.565,260467.0,0.3929999999999999,0.0008449999999999,0.143,-9.309,0.0244,75.53699999999999,0.2289999999999999,0.0
46753.0,54.0,0.2289999999999999,0.862,148747.0,0.598,0.0030399999999999,0.135,-6.667000000000002,0.0612,141.934,0.561,0.0
33984.0,28.0,0.422,0.585,232400.0,0.726,0.0235,0.332,-12.614,0.0549,126.105,0.884,0.0
18340.0,40.0,0.00851,0.5489999999999999,199240.0,0.895,1.12e-06,0.131,-7.145,0.0445,134.595,0.95,0.0
23886.0,49.0,0.0121,0.3,181333.0,0.965,0.000742,0.687,-6.724,0.0429,178.963,0.7929999999999999,0.0
11849.0,53.0,0.985,0.336,190400.0,0.0619,0.8909999999999999,0.11,-20.494,0.0363,60.705,0.1969999999999999,0.0
47738.0,48.0,0.495,0.95,190240.0,0.3429999999999999,0.0,0.0805,-9.418,0.508,124.051,0.564,0.0
20912.0,48.0,0.951,0.498,193787.0,0.0969,0.0,0.105,-16.482,0.0435,144.077,0.39,0.0
21611.0,39.0,0.152,nan,235416.0,0.826,0.0,0.113,-5.167000000000002,0.132,167.988,nan,0.0
47894.0,48.0,0.203,0.6729999999999999,212907.0,0.838,8.8e-06,0.105,-5.9220000000000015,0.314,168.114,0.872,0.0
8057.0,37.0,0.0266,0.491,324100.0,nan,0.0,0.21,-3.0460000000000003,0.0354,92.483,0.396,0.0
14815.0,42.0,0.0614,0.643,370160.0,0.643,0.711,0.119,-8.081,0.027,102.0,0.436,0.0
16145.0,59.0,0.000813,0.653,309573.0,0.708,0.0197,0.0764,-9.367,nan,100.698,0.8909999999999999,0.0
42014.0,33.0,0.978,0.434,208147.0,0.0867,0.86,0.407,-22.613000000000003,0.0527,79.847,0.82,0.0
13047.0,45.0,0.347,0.741,289800.0,0.7240000000000001,0.0325,0.305,-4.674,0.0402,91.017,0.607,0.0
48013.0,54.0,0.206,0.501,247202.0,0.903,0.0,0.155,-4.327,0.12,131.957,0.432,0.0
10476.0,35.0,0.000612,0.292,301613.0,0.97,0.4029999999999999,0.308,-3.615,0.132,109.8,0.351,0.0
20404.0,39.0,0.81,0.478,213667.0,0.395,0.0,0.346,-11.674,0.0306,136.467,0.616,0.0
34558.0,33.0,0.1369999999999999,0.472,220187.0,0.815,5.06e-05,0.261,-9.725,0.0478,131.547,0.593,0.0
29807.0,53.0,0.00216,0.474,132733.0,0.994,0.126,0.314,-1.884,0.103,171.433,0.847,0.0
9722.0,20.0,0.000918,0.1669999999999999,-1.0,0.461,0.7929999999999999,0.113,-10.65,0.0331,87.03,0.103,0.0
6808.0,19.0,0.105,nan,148067.0,0.352,0.7879999999999999,0.217,-13.681,0.0352,84.439,nan,0.0
1107.0,42.0,0.0586,0.809,160500.0,0.27,0.901,0.257,-13.723,0.0781,80.009,0.108,0.0
49679.0,53.0,0.746,0.561,225533.0,0.8909999999999999,0.0,0.109,-4.771,0.305,91.316,0.69,0.0
43431.0,32.0,0.995,0.209,318000.0,nan,0.877,0.0674,-29.801,0.0408,119.95296059529068,0.118,0.0
29601.0,70.0,0.0557,0.6779999999999999,213402.0,0.76,0.0,0.359,-5.546,0.221,96.044,0.24,0.0
1232.0,25.0,0.0106,0.584,253467.0,0.925,0.0857,0.581,-4.09,0.1639999999999999,127.984,0.0534,0.0
9737.0,28.0,0.253,0.519,310707.0,0.7070000000000001,0.00084,0.212,-4.843999999999999,0.0261,180.03,0.517,0.0
45113.0,46.0,0.48,0.809,203327.0,0.523,nan,0.2769999999999999,-6.335,0.206,133.921,0.8270000000000001,0.0
15069.0,51.0,0.000614,0.411,322613.0,0.768,0.00859,0.134,-4.21,0.0562,134.408,0.672,0.0
4449.0,44.0,0.000848,0.726,-1.0,0.892,0.000144,0.831,-2.278,0.0557,120.1,0.3339999999999999,0.0
31418.0,26.0,0.488,0.522,322547.0,nan,0.7240000000000001,0.551,-14.972,0.0408,115.836,0.395,0.0
45875.0,64.0,0.263,0.782,-1.0,0.508,0.0706,0.157,-7.153,0.231,137.954,0.356,0.0
6648.0,13.0,nan,nan,173000.0,0.437,0.967,0.132,-14.015999999999998,nan,119.95296059529068,nan,0.0
25071.0,74.0,0.0459,0.655,-1.0,0.835,0.0,0.409,-3.451,0.059,91.035,0.165,0.0
48010.0,72.0,0.342,0.547,208493.0,0.596,0.335,0.148,-7.744,0.192,119.95296059529068,0.368,0.0
15814.0,44.0,0.597,0.669,192444.0,0.6990000000000001,3.09e-05,0.2,-6.8820000000000014,0.0582,92.006,0.368,0.0
4.0,32.0,0.00465,0.638,222369.0,nan,0.909,0.157,-6.266,0.0413,145.036,0.3229999999999999,0.0
22199.0,40.0,0.91,0.412,198107.0,0.0769,0.00144,0.113,-20.142,0.032,171.168,0.518,0.0
30490.0,31.0,0.158,0.498,410867.0,0.5710000000000001,0.00945,0.0553,-8.341000000000001,0.0281,139.226,0.492,0.0
42035.0,53.0,0.994,0.222,161360.0,0.0119,0.925,0.102,-32.855,0.0357,72.774,0.14,0.0
564.0,40.0,0.0138,0.77,-1.0,0.721,0.505,0.0968,-8.008,0.0532,119.996,0.366,0.0
49134.0,56.0,0.252,0.873,181360.0,0.872,0.0,0.335,-0.883,0.17,97.978,0.6829999999999999,0.0
18282.0,58.0,0.0208,0.8079999999999999,221027.0,0.726,0.276,0.129,-8.435,0.252,96.12,0.616,0.0
16409.0,55.0,0.0134,0.655,217067.0,0.626,0.0,0.349,-7.155,0.045,134.028,0.498,0.0
33608.0,64.0,0.263,0.4429999999999999,-1.0,nan,0.0001409999999999,0.1689999999999999,-7.951,0.145,160.82,0.5660000000000001,0.0
2348.0,40.0,0.168,0.568,368533.0,0.33,0.546,0.807,-16.029,0.0265,106.142,0.297,0.0
45856.0,64.0,0.517,0.82,-1.0,0.596,0.00159,0.358,-7.539,0.246,94.968,0.54,0.0
22108.0,61.0,0.4529999999999999,nan,213267.0,0.493,0.0,0.241,-8.786,0.0327,127.671,nan,0.0
44723.0,29.0,0.972,0.154,450413.0,0.0118,0.847,0.0709,-31.067,0.0467,80.15100000000001,0.0524,0.0
31350.0,38.0,0.0162,0.636,182187.0,0.526,2.3e-06,0.089,-7.372000000000001,0.0363,76.447,0.3379999999999999,0.0
297.0,32.0,0.00058,0.664,-1.0,0.83,0.113,0.3389999999999999,-5.021,0.0463,94.812,0.906,0.0
17520.0,63.0,0.0371,0.437,266493.0,0.337,0.000946,0.0981,-11.439,0.0326,119.95296059529068,0.0784,0.0
15821.0,43.0,0.0129,0.616,207067.0,0.605,0.0,0.1119999999999999,-4.641,0.093,77.493,0.435,0.0
10557.0,33.0,0.933,0.304,-1.0,0.126,0.939,0.124,-20.634,0.0286,84.37700000000001,0.307,0.0
40829.0,25.0,0.973,0.0712,257280.0,0.0169,0.35,0.0731,-26.56900000000001,nan,77.78,0.0311,0.0
25661.0,78.0,0.0571,0.8240000000000001,137134.0,0.595,3.700000000000001e-06,0.0876,-6.346,0.091,140.039,0.157,0.0
42319.0,41.0,0.934,0.185,182773.0,0.0805,0.0125,0.0841,-21.025,0.0428,89.936,0.0574,0.0
11347.0,2.0,0.498,0.539,55101.0,nan,0.875,0.106,-21.199,0.0684,82.184,0.764,0.0
28944.0,67.0,0.0662,0.816,307640.0,0.813,2.77e-06,0.602,-7.797999999999999,0.0664,127.979,0.436,0.0
44380.0,31.0,0.901,0.299,-1.0,0.182,0.939,0.429,-17.152,0.039,136.472,0.127,0.0
5672.0,21.0,0.00112,0.626,211587.0,0.8809999999999999,1.07e-05,0.254,-4.835,0.0352,128.045,0.75,0.0
25078.0,68.0,0.377,0.648,349933.0,0.631,0.0,0.12,-5.662000000000001,0.103,105.989,0.142,0.0
40991.0,33.0,0.84,0.192,422133.0,0.0068099999999999,0.0844,0.0681,-37.783,0.0456,79.046,0.0702,0.0
12630.0,30.0,0.8059999999999999,0.611,306333.0,0.67,0.913,0.121,-9.736,0.0297,95.109,0.706,0.0
3734.0,34.0,0.0183,0.544,-1.0,nan,0.0172,0.266,-5.0310000000000015,0.0615,168.364,0.462,0.0
30405.0,27.0,0.505,0.65,217227.0,0.3829999999999999,0.0,0.392,-13.074000000000002,0.0464,110.522,0.8640000000000001,0.0
40065.0,21.0,0.933,0.16,512173.0,0.0744,0.7609999999999999,0.0785,-22.592,0.0408,119.95296059529068,0.0761,0.0
46902.0,73.0,0.0249,0.413,-1.0,0.677,0.0,0.0793,-5.12,0.255,119.95296059529068,0.0845,0.0
33888.0,51.0,nan,0.474,233853.0,0.508,nan,0.166,-6.845,0.0235,77.31,0.358,0.0
4707.0,23.0,0.146,0.72,228923.0,0.425,0.108,0.785,-14.148,0.71,129.929,0.5479999999999999,0.0
17515.0,52.0,0.00372,0.326,210520.0,0.935,7.55e-06,0.302,-5.69,0.0698,135.762,0.17,0.0
31774.0,29.0,0.0684,0.437,226560.0,nan,0.848,0.133,-8.987,0.0457,139.077,0.192,0.0
24461.0,42.0,0.205,0.496,177000.0,0.895,0.0,0.0626,-4.027,0.147,119.95296059529068,0.654,0.0
1788.0,28.0,0.00531,0.531,249600.0,0.964,0.0273,0.0832,-1.971,0.5329999999999999,150.237,0.198,0.0
27706.0,56.0,0.321,0.467,208320.0,0.488,2.81e-05,0.148,-10.181,0.198,111.838,0.267,0.0
45263.0,76.0,0.1939999999999999,0.657,266893.0,0.629,0.0,0.254,-4.938,0.0782,93.985,0.726,0.0
44731.0,43.0,0.989,0.198,-1.0,0.0382,0.969,0.17,-29.885,nan,136.392,0.127,0.0
31627.0,29.0,0.506,0.847,183573.0,0.356,0.0352,0.115,-15.243,0.242,126.902,0.741,0.0
22779.0,51.0,0.742,0.603,234080.0,nan,0.0,0.233,-8.841000000000003,0.0309,122.021,0.347,0.0
11677.0,34.0,0.441,0.562,157307.0,0.728,3.33e-05,0.351,-9.14,0.0984,78.205,0.731,0.0
9667.0,30.0,0.982,0.56,61867.0,0.147,0.3929999999999999,0.0852,-24.839,0.0413,164.16299999999998,0.5760000000000001,0.0
17089.0,50.0,0.0664,0.419,271027.0,0.71,0.0,0.0967,-5.659,0.0321,143.968,0.242,0.0
29370.0,62.0,0.0855,0.6859999999999999,154373.0,0.67,0.0,0.12,-7.626,0.225,173.915,0.636,0.0
32420.0,32.0,0.0792,0.364,431936.0,0.752,1.57e-05,0.0966,-5.622999999999998,0.1,173.715,0.636,0.0
25152.0,70.0,0.155,0.491,323307.0,0.523,0.0,0.405,-9.417,0.5920000000000001,73.79,0.243,0.0
26070.0,61.0,0.00695,0.7929999999999999,225600.0,0.5539999999999999,0.0,0.127,-6.624,0.0451,119.993,0.225,0.0
25620.0,56.0,nan,nan,228907.0,nan,0.0,0.107,-8.156,0.0864,119.95296059529068,nan,0.0
49059.0,59.0,0.293,0.7859999999999999,248506.0,0.625,0.0,0.15,-4.194,0.0542,123.983,0.216,0.0
28313.0,72.0,0.411,0.6729999999999999,215067.0,0.395,0.00546,0.122,-8.639,0.123,170.074,0.1369999999999999,0.0
21429.0,52.0,0.0314,0.725,201920.0,0.55,0.0,0.0892,-6.587999999999999,0.0436,76.01100000000001,0.785,0.0
25505.0,70.0,0.00735,0.7559999999999999,170539.0,0.8140000000000001,0.0,0.143,-5.398,0.0416,146.99,0.7090000000000001,0.0
2269.0,40.0,0.0129,0.3389999999999999,233160.0,0.677,0.00162,0.105,-11.843,0.0453,187.622,0.223,0.0
1570.0,59.0,0.408,0.888,236947.0,0.687,0.0,0.0615,-7.744,0.107,115.034,0.432,0.0
19635.0,46.0,0.00764,0.377,259773.0,0.903,9.74e-05,0.109,-6.422999999999999,0.0739,195.909,0.353,0.0
42454.0,42.0,1.46e-05,0.433,230613.0,0.943,0.0314,0.222,-4.4830000000000005,0.0673,96.006,0.262,0.0
22824.0,50.0,0.0506,0.502,211147.0,0.78,0.000518,0.0897,-5.271,0.0339,78.99,0.3829999999999999,0.0
18490.0,64.0,6.06e-05,0.451,194227.0,0.815,0.0,0.27,-5.55,0.0368,147.974,0.618,0.0
49048.0,69.0,0.299,nan,211212.0,0.665,0.0,0.179,-5.6110000000000015,nan,104.239,nan,0.0
4243.0,46.0,0.0328,0.569,204933.0,nan,0.925,0.0928,-7.536,0.0512,192.043,0.8759999999999999,0.0
12108.0,42.0,0.633,0.606,218293.0,0.342,6.840000000000001e-05,0.297,-13.197,0.0301,78.01899999999999,0.432,0.0
11893.0,54.0,0.936,0.696,131024.0,0.2339999999999999,4.3e-05,0.114,-14.541,0.0383,130.30200000000002,0.484,0.0
5205.0,25.0,0.99,0.296,263240.0,0.2339999999999999,0.885,0.0781,-19.277,0.043,129.471,0.294,0.0
1487.0,41.0,nan,0.534,196597.0,0.931,0.852,0.356,-3.817,0.0708,140.031,0.3279999999999999,0.0
853.0,35.0,0.0497,0.669,190119.0,0.7929999999999999,4.86e-05,0.142,-6.898,0.153,127.994,0.439,0.0
20649.0,48.0,0.787,0.74,130293.0,0.565,0.0,0.38,-9.483,0.0541,113.713,0.8440000000000001,0.0
22138.0,49.0,0.462,0.525,191200.0,0.882,0.0,0.282,-8.624,0.0386,119.95296059529068,0.964,0.0
14326.0,37.0,0.183,0.457,270690.0,nan,0.955,0.206,-5.675,0.0441,73.984,0.595,0.0
32421.0,25.0,0.959,0.4629999999999999,351587.0,0.039,0.726,0.106,-16.647000000000002,0.0728,77.222,0.0979,0.0
1864.0,40.0,0.000303,0.711,284093.0,0.954,0.8340000000000001,0.07,-7.914,0.0707,124.982,0.897,0.0
43943.0,29.0,0.916,0.23,664600.0,0.0408,nan,0.0855,-23.741,0.0459,119.95296059529068,0.105,0.0
18430.0,46.0,0.00191,0.504,251773.0,0.952,0.0,0.6990000000000001,-3.449,0.0638,104.007,0.237,0.0
21403.0,37.0,0.0468,nan,230040.0,0.701,4.83e-06,0.349,-5.5920000000000005,0.0281,144.944,nan,0.0
21060.0,50.0,0.366,0.542,-1.0,0.5660000000000001,5.14e-06,0.0979,-5.99,0.0561,153.47899999999998,0.408,0.0
49516.0,67.0,0.299,0.575,204040.0,0.684,0.0,0.614,-6.0070000000000014,0.325,172.155,0.926,0.0
9233.0,13.0,0.812,0.615,109107.0,0.2289999999999999,0.953,0.165,-18.94400000000001,0.0472,184.591,0.0863,0.0
44501.0,57.0,0.972,0.193,208040.0,0.0329,0.929,0.0978,-28.228,0.046,82.165,0.0366,0.0
25114.0,56.0,0.00579,0.939,144453.0,0.373,0.0,0.2739999999999999,-7.779,0.2269999999999999,119.953,0.0602,0.0
46896.0,54.0,0.0161,0.7390000000000001,238339.0,0.539,0.0,0.235,-9.735,0.337,85.08200000000001,0.835,0.0
45135.0,62.0,0.326,0.515,286707.0,0.505,0.0,0.102,-5.606,0.0294,150.063,0.5379999999999999,0.0