net_wealth,service_involvement,high_wealth
112820.45148971595,19.0,0.0
106850.67473331108,19.0,0.0
118590.3312227228,19.0,0.0
184323.7729765661,12.0,0.0
166439.5159705303,10.0,0.0
200749.45570851603,15.0,0.0
186158.30444837912,10.0,0.0
185118.4166210777,13.0,0.0
102997.58526437762,19.0,0.0
198130.25314623828,9.0,0.0
141997.2723804822,14.0,0.0
128524.2667797907,8.0,0.0
139255.80683279192,8.0,0.0
149705.7181053048,15.0,0.0
138855.7022371708,18.0,0.0
114170.09571456075,8.0,0.0
152579.99809960322,7.0,0.0
70526.6630775236,16.0,0.0
148186.65588061436,10.0,0.0
141884.3948241579,17.0,0.0
160669.5842247893,9.0,0.0
71670.99808713583,12.0,0.0
190516.2919717218,9.0,0.0
174276.81638824422,17.0,0.0
144553.68583370725,19.0,0.0
169421.61321624194,16.0,0.0
203334.30868297676,5.0,0.0
129501.38643659384,6.0,0.0
142048.40046154882,13.0,0.0
115233.62733647732,9.0,0.0
77004.84456742801,17.0,0.0
102757.10004777912,15.0,0.0
177092.08739399587,18.0,0.0
186231.82455336576,10.0,0.0
213950.5215006357,16.0,0.0
133305.1170540615,18.0,0.0
91850.08516591784,5.0,0.0
105909.8320576519,14.0,0.0
164441.58025653556,18.0,0.0
128019.39272830008,13.0,0.0
137885.2096433639,15.0,0.0
111324.14238887589,12.0,0.0
99448.3637245093,17.0,0.0
157802.68782257524,13.0,0.0
137381.7283367776,10.0,0.0
99926.50259589512,12.0,0.0
188020.3189093619,17.0,0.0
111797.7430196276,9.0,0.0
168837.76554588217,9.0,0.0
54352.15926481395,7.0,0.0
133535.67756330516,12.0,0.0
118099.79278526886,9.0,0.0
102398.4715413971,5.0,0.0
142198.3555042902,17.0,0.0
119589.6650880037,16.0,0.0
163516.40785020386,18.0,0.0
85957.17045130525,10.0,0.0
181128.0018836049,9.0,0.0
151249.37697358965,9.0,0.0
114467.59943330148,15.0,0.0
191725.92686088436,13.0,0.0
201635.5450871032,14.0,0.0
152015.3651124955,7.0,0.0
53950.84168378952,18.0,0.0
156076.66856941287,11.0,0.0
122962.88116979648,5.0,0.0
127949.96493261424,13.0,0.0
163282.26593531875,12.0,0.0
150039.6687635839,11.0,0.0
90039.52304214114,17.0,0.0
182546.2022719339,19.0,0.0
210995.52961575496,10.0,0.0
164024.52617758984,18.0,0.0
199830.65024967396,15.0,0.0
81298.15118446981,16.0,0.0
145522.64898987702,7.0,0.0
121536.55229340728,14.0,0.0
157029.5915400095,5.0,0.0
100009.4343479338,12.0,0.0
262347.35182738863,13.0,0.0
203805.44929985653,14.0,0.0
109656.6875385038,9.0,0.0
194713.21430500885,11.0,0.0
232339.9101201109,16.0,0.0
114627.68375564137,6.0,0.0
125994.68702884136,9.0,0.0
90835.79440169311,8.0,0.0
183646.69402563255,5.0,0.0
201062.96065971648,8.0,0.0
195870.61555178952,19.0,0.0
69859.9260430426,9.0,0.0
161332.61533708693,13.0,0.0
207163.4395277818,6.0,0.0
181055.73317330325,16.0,0.0
209798.6568770368,16.0,0.0
164561.03350315522,15.0,0.0
150895.7231164022,8.0,0.0
131294.9385486837,10.0,0.0
185060.31324151147,8.0,0.0
175758.78839242604,6.0,0.0
186077.97034627263,6.0,0.0
162241.71200042588,17.0,0.0
100798.80269964048,8.0,0.0
167970.5306433625,19.0,0.0
133446.50514933773,7.0,0.0
177405.1700234907,7.0,0.0
144177.7012254383,18.0,0.0
197492.6494328613,17.0,0.0
176124.74962779897,8.0,0.0
124950.2501833078,17.0,0.0
223124.8916934188,15.0,0.0
140807.78969358347,16.0,0.0
26014.89014848092,18.0,0.0
159136.92169676546,17.0,0.0
99556.40184438502,16.0,0.0
134404.3816478475,19.0,0.0
190573.21562258367,5.0,0.0
157595.8382288819,15.0,0.0
148598.52411008684,12.0,0.0
129961.67586645554,9.0,0.0
180464.20093548024,11.0,0.0
76169.61957361246,17.0,0.0
153450.22835215493,13.0,0.0
148054.51582439776,14.0,0.0
226265.20755232917,19.0,0.0
153941.36047169776,13.0,0.0
130421.41658778588,14.0,0.0
126008.0337048258,8.0,0.0
188333.7917676688,14.0,0.0
163041.8157258924,8.0,0.0
124527.53141721546,10.0,0.0
132405.57654620963,9.0,0.0
141765.26685201758,19.0,0.0
138555.05493033247,18.0,0.0
186532.01258099216,9.0,0.0
178677.7241246358,17.0,0.0
186314.14403517247,5.0,0.0
126687.80005219716,6.0,0.0
81442.36151529104,17.0,0.0
139106.68139171548,11.0,0.0
164750.02813889214,7.0,0.0
133906.11449322783,12.0,0.0
128506.9315189828,14.0,0.0
231840.85447142395,5.0,0.0
77161.7667236049,15.0,0.0
134112.40160935337,15.0,0.0
88653.37190203107,14.0,0.0
124852.08635801508,17.0,0.0
213184.5394955425,9.0,0.0
200586.5912618864,10.0,0.0
104175.7989381388,11.0,0.0
143844.7630960596,15.0,0.0
209692.74352529703,6.0,0.0
205943.7483897512,14.0,0.0
100305.5713873166,15.0,0.0
144235.0429915816,8.0,0.0
102701.45589515928,12.0,0.0
142349.69820957485,12.0,0.0
120785.099441576,15.0,0.0
119673.5804393236,16.0,0.0
165846.44256598048,6.0,0.0
150950.5769946499,5.0,0.0
208614.7457169564,13.0,0.0
132383.20877600828,5.0,0.0
142148.61592159537,7.0,0.0
120307.14369589563,5.0,0.0
178209.07703940067,8.0,0.0
105943.60721076664,8.0,0.0
152534.45744476785,9.0,0.0
165748.8626826198,18.0,0.0
145609.7048435646,18.0,0.0
217496.89583568007,19.0,0.0
127026.91074566156,6.0,0.0
171449.95910106986,18.0,0.0
182034.74237431737,19.0,0.0
141074.3314987401,13.0,0.0
150031.78814712353,9.0,0.0
230234.03123182975,7.0,0.0
174947.53118273054,5.0,0.0
129379.25499268074,6.0,0.0
214159.860585504,19.0,0.0
178981.63562849388,5.0,0.0
174048.1762537068,8.0,0.0
162486.4479508678,8.0,0.0
184432.39986594464,17.0,0.0
122084.2030621596,9.0,0.0
220139.06389613345,13.0,0.0
204351.21413946457,16.0,0.0
157038.37493292143,16.0,0.0
178592.46022663428,12.0,0.0
163843.62134392973,18.0,0.0
109351.76237757244,5.0,0.0
92483.09226182169,15.0,0.0
194419.46449922124,18.0,0.0
156584.49158975302,12.0,0.0
186716.3437444045,18.0,0.0
64630.81111181804,7.0,0.0
115769.66229120264,12.0,0.0
169527.36087095205,17.0,0.0
177949.6762152806,7.0,0.0
79571.50125168629,9.0,0.0
85632.00370981287,15.0,0.0
171343.9475264965,6.0,0.0
156978.65286244953,16.0,0.0
104831.20610744468,14.0,0.0
185335.2329591906,8.0,0.0
177915.27134436287,18.0,0.0
214989.1743375452,11.0,0.0
116040.63282622508,15.0,0.0
115190.33612369576,14.0,0.0
160301.03430825798,14.0,0.0
127013.07809163089,16.0,0.0
120927.52133930755,17.0,0.0
190944.7532058068,12.0,0.0
177457.26665699325,16.0,0.0
182803.56684149223,11.0,0.0
155048.20457018045,15.0,0.0
131566.98537887557,5.0,0.0
129180.59736457188,18.0,0.0
66102.49396255193,12.0,0.0
190004.49937842548,8.0,0.0
167432.5502627021,18.0,0.0
148700.57670814847,16.0,0.0
145904.45052323886,5.0,0.0
122846.23370650408,16.0,0.0
65553.0800311531,7.0,0.0
114571.78730455835,12.0,0.0
115427.95035054066,5.0,0.0
185136.67202681693,6.0,0.0
205997.67504228555,8.0,0.0
144445.84132794265,18.0,0.0
159825.16416726913,13.0,0.0
168212.26170024142,14.0,0.0
122709.84034277612,8.0,0.0
192277.03096939265,5.0,0.0
140256.4012757753,12.0,0.0
222451.54304084287,13.0,0.0
142393.62832888027,15.0,0.0
109350.18504792862,8.0,0.0
130273.92334133356,18.0,0.0
155804.13945089682,16.0,0.0
120292.2163338867,8.0,0.0
109817.32630509598,9.0,0.0
151526.77983741582,13.0,0.0
155591.97973460745,14.0,0.0
193381.81160794356,6.0,0.0
182438.7596768257,18.0,0.0
187040.0487088528,10.0,0.0
161177.9507390716,9.0,0.0
209468.7029127235,11.0,0.0
88063.89327441779,18.0,0.0
147201.9639480495,7.0,0.0
137789.05471776152,14.0,0.0
173829.0403647449,12.0,0.0
143366.0486989915,19.0,0.0
179021.85375500558,6.0,0.0
130118.44013319904,12.0,0.0
211216.51460824916,6.0,0.0
99419.18039837058,5.0,0.0
94589.90222047448,8.0,0.0
190265.4588535585,17.0,0.0
141423.48055636813,18.0,0.0
154459.0930076318,19.0,0.0
149698.50671239325,10.0,0.0
126653.96412786176,12.0,0.0
115666.62975676266,8.0,0.0
170573.79027574763,12.0,0.0
72456.3719030874,8.0,0.0
118578.9841984237,12.0,0.0
158566.24464843815,6.0,0.0
188100.6791962224,15.0,0.0
186055.23628512613,10.0,0.0
163794.27073684993,18.0,0.0
162884.0473657163,15.0,0.0
126274.06371251403,11.0,0.0
156552.3986855132,6.0,0.0
124159.3161751592,13.0,0.0
137023.45149525884,13.0,0.0
179112.1587013092,6.0,0.0
162042.4629068607,5.0,0.0
168873.60254489275,17.0,0.0
184435.3287430037,17.0,0.0
165303.90300437273,17.0,0.0
99927.87993859156,10.0,0.0
167790.45614465434,6.0,0.0
91671.05412232393,13.0,0.0
175520.28531707852,19.0,0.0
247440.24037865383,17.0,0.0
78274.53159056594,10.0,0.0
171079.1658081778,11.0,0.0
215259.96912821967,13.0,0.0
130251.72670254669,5.0,0.0
130412.88645412611,10.0,0.0
44310.10384862457,8.0,0.0
173857.4511350288,10.0,0.0
148144.93123294893,12.0,0.0
158729.1199739431,9.0,0.0
129955.82498180868,16.0,0.0
178108.89825996774,11.0,0.0
132841.40950450563,12.0,0.0
194636.49631111708,17.0,0.0
214584.7644502892,18.0,0.0
131170.05861160712,19.0,0.0
179425.1030964945,18.0,0.0
151501.20879576818,12.0,0.0
133959.08452180165,17.0,0.0
175720.35708811478,14.0,0.0
155145.26108237196,18.0,0.0
199269.04715504136,5.0,0.0
144415.3846860777,8.0,0.0
106004.40084876344,7.0,0.0
178095.07478838443,16.0,0.0
192658.2087257848,9.0,0.0
95702.58839185636,15.0,0.0
186792.98284736992,18.0,0.0
152235.67996356095,8.0,0.0
116059.32840950898,5.0,0.0
212547.13906916225,17.0,0.0
121425.9757578644,8.0,0.0
184710.3331344757,13.0,0.0
146590.7662896978,9.0,0.0
164384.0050813696,6.0,0.0
117718.62233264509,8.0,0.0
192585.37164184728,5.0,0.0
169523.73514428208,17.0,0.0
126746.75546749108,8.0,0.0
157289.6639347755,16.0,0.0
163738.4937649844,18.0,0.0
159643.27182445122,10.0,0.0
159544.28537874977,10.0,0.0
188715.40791927595,6.0,0.0
198091.82433162237,11.0,0.0
209826.10918663675,14.0,0.0
125710.7976365638,18.0,0.0
138272.00218919246,5.0,0.0
199464.61730981804,19.0,0.0
202166.73925048756,19.0,0.0
155360.93686720682,16.0,0.0
147354.209014166,9.0,0.0
187928.29334162732,7.0,0.0
146873.11994071084,10.0,0.0
116236.5601555697,8.0,0.0
182194.0732961998,10.0,0.0
216386.97798452008,15.0,0.0
201980.1112893496,16.0,0.0
187673.8099164348,14.0,0.0
106942.65418176207,17.0,0.0
159762.91243955813,18.0,0.0
148698.32807894243,12.0,0.0
109338.02072029974,7.0,0.0
149700.5060453178,10.0,0.0
127682.8240317558,13.0,0.0
162473.65995038376,9.0,0.0
167492.70211065665,12.0,0.0
119778.0118968412,6.0,0.0
137415.92066453357,7.0,0.0
126605.78447854472,16.0,0.0
149033.4504486854,12.0,0.0
173542.9532658124,5.0,0.0
192272.79614162055,7.0,0.0
118211.3771413662,13.0,0.0
38736.94283467096,9.0,0.0
148527.2437700191,6.0,0.0
216974.79638080328,14.0,0.0
144374.51938588146,5.0,0.0
134136.57483908357,5.0,0.0
164536.13409919874,10.0,0.0
140197.86097319593,12.0,0.0
139017.16170185438,19.0,0.0
116748.26039932162,7.0,0.0
159339.32735101695,6.0,0.0
173282.660138671,13.0,0.0
162658.45804215665,9.0,0.0
175072.56987397603,18.0,0.0
75747.33662042931,13.0,0.0
124464.58612267344,6.0,0.0
180989.34023716667,10.0,0.0
146501.2691898516,12.0,0.0
80345.82575088744,19.0,0.0
144336.5380641039,17.0,0.0
165481.47765492517,5.0,0.0
199972.3206568394,7.0,0.0
110624.24336855576,11.0,0.0
173784.0727557983,6.0,0.0
177466.95049306058,17.0,0.0
227607.87714504747,9.0,0.0
83455.58403874942,14.0,0.0
193916.85979801556,19.0,0.0
103594.80335912852,6.0,0.0
182081.93471379933,8.0,0.0
221947.79452152053,14.0,0.0
88481.4944921988,5.0,0.0
203835.89260128367,19.0,0.0
137868.58625189762,14.0,0.0
139293.61040905354,6.0,0.0
130086.61291700412,13.0,0.0
61096.756381423256,8.0,0.0
75883.9775431886,8.0,0.0
135352.06779732584,10.0,0.0
136982.9693330027,16.0,0.0
159614.07065488177,8.0,0.0
167507.54576111102,7.0,0.0
134668.36697177333,6.0,0.0
230192.46680737444,10.0,0.0
125337.20618283456,12.0,0.0
131176.37870263026,15.0,0.0
188665.5351600955,13.0,0.0
141367.43138842745,5.0,0.0
174119.2005937068,11.0,0.0
147472.7934060624,13.0,0.0
154985.19478356553,14.0,0.0
125331.03354487638,17.0,0.0
221428.1963927404,15.0,0.0
153207.51016222435,7.0,0.0
206518.4791888567,17.0,0.0
195759.2452972973,7.0,0.0
157583.02703181576,17.0,0.0
165118.38729461352,16.0,0.0
119016.81678360097,18.0,0.0
159471.3147300222,17.0,0.0
139420.88332167923,18.0,0.0
182224.6171007499,14.0,0.0
181099.93876998045,5.0,0.0
155245.6169396963,14.0,0.0
248390.99932928057,6.0,0.0
207185.1274418736,13.0,0.0
223503.01549772843,8.0,0.0
195387.58391476725,17.0,0.0
206452.62136800867,12.0,0.0
146147.23488753912,13.0,0.0
125229.2666476776,10.0,0.0
162617.10573632788,8.0,0.0
145488.08482327024,6.0,0.0
166672.91315573046,13.0,0.0
160268.74852178458,7.0,0.0
208211.2185758405,12.0,0.0
175689.72485861112,5.0,0.0
207385.07657249528,7.0,0.0
117058.8956611507,6.0,0.0
205376.3548438816,7.0,0.0
129928.4838579924,12.0,0.0
171807.13397349045,13.0,0.0
129453.59366872192,16.0,0.0
154410.07845803452,7.0,0.0
134796.20825933473,14.0,0.0
98760.29624384736,15.0,0.0
165454.43642548274,8.0,0.0
147637.16028559062,10.0,0.0
153980.8999375023,13.0,0.0
218830.32832581145,8.0,0.0
208042.24047718343,8.0,0.0
116347.8548454042,10.0,0.0
149996.3464032342,13.0,0.0
186168.0180989465,17.0,0.0
159127.57767329476,19.0,0.0
146394.0605049069,14.0,0.0
139663.9735069157,17.0,0.0
150664.00373354222,18.0,0.0
185658.7580511568,11.0,0.0
172217.67829257934,8.0,0.0
201193.8025339314,8.0,0.0
146797.10160313017,11.0,0.0
137126.8042241287,9.0,0.0
189614.26481720287,15.0,0.0
195480.73778625167,8.0,0.0
194714.03649118432,5.0,0.0
181687.7395777895,14.0,0.0
174622.54269263556,11.0,0.0
170078.42288137483,17.0,0.0
87533.37692276582,10.0,0.0
129385.74503343868,11.0,0.0
128483.19773369044,10.0,0.0
257707.10937908688,6.0,0.0
168129.72744429336,15.0,0.0
116327.42400010934,13.0,0.0
179668.50709303154,16.0,0.0
91337.41662083787,14.0,0.0
111544.81942447342,6.0,0.0
197457.11130517424,12.0,0.0
140584.14731601125,9.0,0.0
109411.66521647752,10.0,0.0
183462.2349115086,8.0,0.0
144237.04611837838,15.0,0.0
98162.81869997102,18.0,0.0
67274.09724349131,18.0,0.0
140873.7882790976,16.0,0.0
157214.04726712898,5.0,0.0
66817.50267937737,12.0,0.0
86685.29081033301,18.0,0.0
168833.5694896822,12.0,0.0
106535.92110857477,15.0,0.0
96151.94660353768,5.0,0.0
148741.76452623942,9.0,0.0
187886.3154843572,11.0,0.0
95844.97639005716,5.0,0.0
137567.5426307172,10.0,0.0
150315.17136457944,8.0,0.0
92062.39966890911,7.0,0.0
185808.1898283016,18.0,0.0
188274.2515338836,11.0,0.0
167665.19195171195,7.0,0.0
196953.57335363864,9.0,0.0
192870.80487097663,8.0,0.0
114362.57147958849,6.0,0.0
178538.3952123436,9.0,0.0
174725.6134071198,15.0,0.0
88214.09664351249,19.0,0.0
160061.10592427454,17.0,0.0
231867.89618764017,13.0,0.0
126538.89811372024,10.0,0.0
138662.90911055758,9.0,0.0
154272.4297954695,15.0,0.0
223286.8130518261,19.0,0.0
151648.31572372036,6.0,0.0
233406.7851469296,13.0,0.0
219503.5318799357,15.0,0.0
165643.9218245358,6.0,0.0
137872.38505222803,18.0,0.0
107207.97262344306,19.0,0.0
190976.2661211742,9.0,0.0
179855.10491325962,7.0,0.0
117852.1512258011,11.0,0.0
95336.86512295622,15.0,0.0
138395.03074398497,19.0,0.0
139589.8354056683,18.0,0.0
146429.7753154402,6.0,0.0
142010.8810645301,14.0,0.0
196127.05563963388,10.0,0.0
181995.8407588101,9.0,0.0
147959.96276318177,10.0,0.0
169011.32348053087,16.0,0.0
163732.70245415508,17.0,0.0
178081.92692652225,18.0,0.0
152488.15438247696,13.0,0.0
106538.61976510384,7.0,0.0
103079.05498450637,15.0,0.0
189986.01776226255,6.0,0.0
95370.94969741984,14.0,0.0
103348.2018539815,16.0,0.0
193832.92318931487,5.0,0.0
113348.21488727484,9.0,0.0
206016.5589830118,7.0,0.0
89705.58627115306,9.0,0.0
116905.33324823676,12.0,0.0
95160.69039292687,9.0,0.0
146034.81874264486,7.0,0.0
219900.6598843393,9.0,0.0
184891.5128707847,19.0,0.0
158725.98174271616,7.0,0.0
129996.52695917716,15.0,0.0
257572.53838597145,10.0,0.0
190659.63361877215,17.0,0.0
172541.336950211,16.0,0.0
139504.5495014547,15.0,0.0
141015.06195131177,16.0,0.0
176683.14090415093,12.0,0.0
175706.62884818844,5.0,0.0
136486.7058782194,8.0,0.0
145473.16653217745,7.0,0.0
158009.5738888774,14.0,0.0
131657.19988913892,13.0,0.0
60113.80437011414,11.0,0.0
100912.481929567,9.0,0.0
77709.03931745315,7.0,0.0
117208.16193248075,13.0,0.0
114376.96506576404,10.0,0.0
134923.15692008293,13.0,0.0
243281.9067342253,7.0,0.0
179225.95210712892,6.0,0.0
113062.7247186459,8.0,0.0
139434.4580621458,12.0,0.0
151987.4452088467,11.0,0.0
163725.49996548647,9.0,0.0
120335.02149501804,8.0,0.0
190436.6066184789,13.0,0.0
116352.3176731138,9.0,0.0
19990.332660596483,7.0,0.0
223965.77094523265,12.0,0.0
90453.63527818296,10.0,0.0
167531.97744453617,5.0,0.0
113226.33523719276,7.0,0.0
159110.0280056547,17.0,0.0
213642.56463789835,11.0,0.0
241603.65904483627,18.0,0.0
111326.5715370784,7.0,0.0
189737.0135941638,7.0,0.0
208529.32539602288,9.0,0.0
201572.73697273823,12.0,0.0
104615.15164552323,17.0,0.0
195905.01984709068,15.0,0.0
165908.67808020476,16.0,0.0
161401.53663741203,7.0,0.0
191467.09136295045,9.0,0.0
176918.2781327609,17.0,0.0
197001.952307838,6.0,0.0
96400.33928317236,12.0,0.0
141573.7722171945,8.0,0.0
110855.0953748282,16.0,0.0
198845.50407946805,18.0,0.0
144554.4940509533,6.0,0.0
152043.83036890312,6.0,0.0
307297.0769367777,6.0,0.0
176039.82741170653,9.0,0.0
159620.097957271,10.0,0.0
187777.52445529267,6.0,0.0
105566.22261467094,5.0,0.0
109084.9371481333,9.0,0.0
112788.59838368108,18.0,0.0
178143.34850989882,11.0,0.0
182557.16572543173,11.0,0.0
197629.0570431628,19.0,0.0
155565.8272993967,18.0,0.0
133412.4487164992,11.0,0.0
124454.39476370128,10.0,0.0
68304.88421327223,19.0,0.0
148821.18379288272,17.0,0.0
174308.35206022253,10.0,0.0
160894.7560874431,14.0,0.0
107984.2585229816,12.0,0.0
67273.72226656626,10.0,0.0
97977.64798289236,9.0,0.0
139481.50072885997,13.0,0.0
142322.65921675446,10.0,0.0
179999.83456816917,8.0,0.0
220765.2405814614,16.0,0.0
165733.21219760424,7.0,0.0
142185.04785828185,16.0,0.0
118947.17935680192,6.0,0.0
154629.74839615292,19.0,0.0
140009.26311560982,12.0,0.0
162018.86009804197,6.0,0.0
157404.42277196317,7.0,0.0
179422.2952670614,5.0,0.0
143312.9409969221,14.0,0.0
222687.94858228895,5.0,0.0
137836.71787778183,10.0,0.0
95176.50064631138,12.0,0.0
145189.6857052251,17.0,0.0
191067.20421139084,6.0,0.0
224920.79209279356,16.0,0.0
205335.07711249663,18.0,0.0
128102.28419141322,19.0,0.0
132232.49775988352,19.0,0.0
67455.16755504246,16.0,0.0
157800.79088914944,11.0,0.0
182186.25511026185,18.0,0.0
184232.84334722845,6.0,0.0
162328.15928950263,9.0,0.0
111763.50659564564,16.0,0.0
118772.84430432896,9.0,0.0
168700.12305755974,19.0,0.0
113837.98304399932,16.0,0.0
163017.63176836626,11.0,0.0
168636.2414136799,10.0,0.0
161432.42271380746,18.0,0.0
103234.51801965476,18.0,0.0
138672.07257230263,15.0,0.0
152543.7149006857,15.0,0.0
101283.4592222606,18.0,0.0
195632.37751977763,8.0,0.0
161488.3475218421,8.0,0.0
104806.69247384524,11.0,0.0
228925.39308183076,10.0,0.0
168949.2927531969,7.0,0.0
115810.447588809,10.0,0.0
184184.556298994,16.0,0.0
203440.9980332212,12.0,0.0
145518.223003052,16.0,0.0
170773.8758378682,13.0,0.0
186055.7894165805,17.0,0.0
194159.21689127025,5.0,0.0
176247.0083067484,14.0,0.0
94323.52125468242,15.0,0.0
111678.00978597836,13.0,0.0
128123.22191274396,6.0,0.0
166368.52249299927,15.0,0.0
238411.3208905434,10.0,0.0
129801.6002234598,18.0,0.0
138402.40682765786,11.0,0.0
124948.1547665467,10.0,0.0
116020.4150125881,5.0,0.0
240717.14758636412,17.0,0.0
122608.87032672792,6.0,0.0
116387.12720734975,7.0,0.0
148615.11438714308,6.0,0.0
175476.91903358328,6.0,0.0
123110.70074307408,15.0,0.0
162405.55833501928,10.0,0.0
123200.58699345686,14.0,0.0
112642.3263706196,6.0,0.0
111708.415464171,16.0,0.0
176919.67837924464,6.0,0.0
132362.58111807212,19.0,0.0
193945.8212558516,7.0,0.0
115452.2715481264,6.0,0.0
48678.67017761034,19.0,0.0
151236.47175331967,5.0,0.0
147585.34018052515,8.0,0.0
208140.52402682137,11.0,0.0
146871.93208041074,7.0,0.0
122947.53543365002,8.0,0.0
128298.57853095916,19.0,0.0
215996.0356128334,19.0,0.0
115925.17007260534,12.0,0.0
133982.31684503943,17.0,0.0
131805.9884023929,16.0,0.0
167970.90568667493,10.0,0.0
176786.6020583742,12.0,0.0
185253.37684964767,19.0,0.0
96445.19884355793,15.0,0.0
114534.61807165548,18.0,0.0
121757.7395352944,9.0,0.0
181258.6556015225,10.0,0.0
124559.45427923366,18.0,0.0
204326.56967471703,18.0,0.0
176189.78476237366,15.0,0.0
112932.94276853514,18.0,0.0
114987.7116400733,8.0,0.0
155801.4001228973,8.0,0.0
119348.6699673993,16.0,0.0
132561.73831284125,5.0,0.0
180367.2415276902,16.0,0.0
112050.82501770604,11.0,0.0
172421.43287271046,12.0,0.0
113279.36349741805,5.0,0.0
204201.30234972032,18.0,0.0
186709.8988124008,11.0,0.0
79147.13829881478,17.0,0.0
140396.871029786,18.0,0.0
115884.16416146596,10.0,0.0
56150.61267136542,19.0,0.0
164494.56319941493,5.0,0.0
208459.9941988694,17.0,0.0
168242.90097638217,18.0,0.0
189482.45158787817,15.0,0.0
211293.24503644972,5.0,0.0
202046.32493041115,5.0,0.0
132091.02206382275,6.0,0.0
120983.97725152444,8.0,0.0
164089.83917140774,6.0,0.0
198764.6645391509,10.0,0.0
96465.64951881244,15.0,0.0
189742.21072117076,8.0,0.0
159531.1672595381,14.0,0.0
152352.90284049045,13.0,0.0
187543.75037064787,11.0,0.0
129657.5101131648,9.0,0.0
155207.28531178948,10.0,0.0
150155.91480778484,13.0,0.0
136836.82389391423,5.0,0.0
181563.48971201415,5.0,0.0
175005.478794271,17.0,0.0
122175.1836986361,14.0,0.0
202371.3920356944,13.0,0.0
176254.43831133418,15.0,0.0
150159.84932660093,19.0,0.0
187786.48281837572,12.0,0.0
207704.95475676676,18.0,0.0
162032.24409491208,17.0,0.0
91488.18269251662,14.0,0.0
182754.64222268143,9.0,0.0
170081.44572763325,9.0,0.0
190197.14007404124,9.0,0.0
109157.59398815676,16.0,0.0
97815.3232518194,5.0,0.0
162852.47773707492,5.0,0.0
134009.82324791583,13.0,0.0
113379.81575894948,12.0,0.0
164140.25901437033,19.0,0.0
114787.7997259389,15.0,0.0
203976.45338592923,8.0,0.0
138241.45662940986,6.0,0.0
177271.41439768794,15.0,0.0
192803.56003125245,6.0,0.0
172852.9348084787,8.0,0.0
134906.19861005445,16.0,0.0
209644.5336768829,15.0,0.0
173931.30140884747,7.0,0.0
134993.22058424933,19.0,0.0
151871.7279061465,7.0,0.0
117927.43657382372,18.0,0.0
113864.67942486182,9.0,0.0
164630.00562479591,11.0,0.0
189815.01369268485,5.0,0.0
133913.00490082015,5.0,0.0
125193.15477602178,16.0,0.0
174982.65010102128,9.0,0.0
88658.44988957522,13.0,0.0
150047.00313501825,15.0,0.0
194025.7305817827,14.0,0.0
71680.89985413548,15.0,0.0
182821.01521688892,16.0,0.0
141332.3989803176,14.0,0.0
165438.9477001037,5.0,0.0
93749.51918188516,14.0,0.0
118258.71822053732,15.0,0.0
245807.25728717347,8.0,0.0
146912.90695490138,8.0,0.0
146966.65122771537,15.0,0.0
128605.1608318784,7.0,0.0
84810.46749179515,9.0,0.0
93657.14112654571,15.0,0.0
79869.15309609433,11.0,0.0
128480.13222354304,8.0,0.0
141238.00950305784,5.0,0.0
191328.77228588192,18.0,0.0
88634.67363743865,13.0,0.0
176558.82716854115,17.0,0.0
141405.43744381733,9.0,0.0
130687.30889488594,19.0,0.0
175775.72508122725,13.0,0.0
103957.7910777241,15.0,0.0
165713.54741464584,15.0,0.0
112132.0272564078,13.0,0.0
119786.14246876368,16.0,0.0
185726.43373212664,14.0,0.0
134066.13033501554,12.0,0.0
76416.32068660085,10.0,0.0
107336.3132537732,6.0,0.0
169210.7815710047,10.0,0.0
87769.20013243689,14.0,0.0
157392.51111947533,18.0,0.0
185151.0457317346,18.0,0.0
155129.50381225283,17.0,0.0
71787.47300401275,7.0,0.0
169831.70022829564,7.0,0.0
171498.22425160412,13.0,0.0
133758.96378790282,9.0,0.0
150356.94084184902,6.0,0.0
157545.25476793465,15.0,0.0
156993.75894047046,11.0,0.0
108298.89917071976,9.0,0.0
167708.97525481967,17.0,0.0
133113.60247561272,18.0,0.0
158726.43307422425,16.0,0.0
157127.21532540995,5.0,0.0
153490.07017372997,16.0,0.0
219372.3769280948,9.0,0.0
178225.09176995786,8.0,0.0
119959.5847029007,12.0,0.0
179459.29804393853,11.0,0.0
146383.167870115,18.0,0.0
142176.55684136236,16.0,0.0
14908.83887292404,7.0,0.0
148737.23545361625,14.0,0.0
109598.58434906924,16.0,0.0
161997.40890995384,16.0,0.0
261584.99998121924,16.0,0.0
129166.19905003614,19.0,0.0
128102.1759802598,13.0,0.0
69385.88033167536,11.0,0.0
107129.65654907392,16.0,0.0
145524.08469758506,18.0,0.0
122686.0809314828,13.0,0.0
108314.77422250138,5.0,0.0
135115.9281823136,13.0,0.0
91133.55277217226,12.0,0.0
170278.98884779977,10.0,0.0
187514.6427373193,16.0,0.0
144922.81443564917,8.0,0.0
109796.7406887038,11.0,0.0
78395.15635715472,8.0,0.0
144385.68987487696,13.0,0.0
105732.71118038794,6.0,0.0
127392.4511952638,15.0,0.0
151390.6556498998,16.0,0.0
125660.86903994184,14.0,0.0
131798.30553058087,14.0,0.0
189593.80830758665,17.0,0.0
109592.00381698432,14.0,0.0
94391.09665639748,6.0,0.0
124423.95145529072,11.0,0.0
138662.5340521667,11.0,0.0
69891.02295953155,8.0,0.0
182400.95043802285,7.0,0.0
210660.3606995256,19.0,0.0
92004.94809273252,10.0,0.0
102260.16305013382,19.0,0.0
178563.07602073712,12.0,0.0
134790.3852010534,15.0,0.0
188996.01951554857,14.0,0.0
117002.5468990904,10.0,0.0
159126.21298876274,12.0,0.0
163654.87926273112,14.0,0.0
190002.021551125,10.0,0.0
113590.43691090522,10.0,0.0
114578.3491949355,15.0,0.0
153743.6260959251,19.0,0.0
150259.46454269995,9.0,0.0
145057.49145019584,14.0,0.0
157428.09323904032,19.0,0.0
96319.19210027676,19.0,0.0
142331.56608207154,11.0,0.0
89713.76821363455,12.0,0.0
200786.1032371408,7.0,0.0
92584.49912802826,19.0,0.0
187444.9565649696,17.0,0.0
70990.19896534778,11.0,0.0
125778.15314366783,16.0,0.0
159861.38828553478,6.0,0.0
110836.5952883828,5.0,0.0
127909.39697371538,11.0,0.0
203510.43668911,13.0,0.0
134778.10405012252,18.0,0.0
160901.04659740278,18.0,0.0
163687.22734260326,16.0,0.0
115622.73257256136,10.0,0.0
174384.91843308817,19.0,0.0
134074.23895294176,18.0,0.0
190097.82032563476,8.0,0.0
151493.20886252224,14.0,0.0
113138.68176277228,17.0,0.0
171147.38362781898,18.0,0.0
101326.6994019292,6.0,0.0
206865.60635148332,17.0,0.0
94940.22506936548,13.0,0.0
91861.32193240168,14.0,0.0
99740.34714308752,12.0,0.0
162142.52447779925,10.0,0.0
162664.79178033632,16.0,0.0
180755.57369900896,5.0,0.0
211192.96244150557,19.0,0.0
176613.93128275324,15.0,0.0
208895.81226659083,8.0,0.0
111537.93852978856,19.0,0.0
110273.01194548044,19.0,0.0
143898.676229786,19.0,0.0
137199.3310987482,19.0,0.0
143352.98120090563,12.0,0.0
151411.14420026817,15.0,0.0
119117.88667164856,14.0,0.0
165960.24280995614,11.0,0.0
181635.16570901155,16.0,0.0
267597.7529478968,5.0,0.0
132091.54856280726,15.0,0.0
148472.28307554923,15.0,0.0
102073.515091651,14.0,0.0
149869.72027580775,11.0,0.0
173941.269230632,9.0,0.0
137709.938559786,19.0,0.0
170803.48363092216,15.0,0.0
150852.98003074742,15.0,0.0
175239.47983097518,14.0,0.0
172457.33362610044,5.0,0.0
160405.61668787576,10.0,0.0
153467.3683784542,18.0,0.0
204705.0680541521,11.0,0.0
164056.01709819603,18.0,0.0
163467.9668005178,14.0,0.0
159962.55093201797,5.0,0.0
153037.02894536575,17.0,0.0
77922.07288640368,10.0,0.0
182679.7756658941,11.0,0.0
126110.01119807766,8.0,0.0
125500.98985483404,18.0,0.0
116423.18132858808,16.0,0.0
141942.70104519208,19.0,0.0
58799.86348612285,7.0,0.0
126350.08346545676,5.0,0.0
177092.32120804655,19.0,0.0
172021.02896914034,18.0,0.0
159542.11723014934,5.0,0.0
115021.66739759788,5.0,0.0
143262.94353892776,15.0,0.0
164537.34127705396,9.0,0.0
155537.2656987397,17.0,0.0
40027.49647475853,12.0,0.0
169541.30136321808,5.0,0.0
189096.4545133957,14.0,0.0
223378.7900874667,19.0,0.0
158889.4332209258,10.0,0.0
172526.48620793028,16.0,0.0
136766.42591765395,10.0,0.0
182232.00491871324,7.0,0.0
150899.5108631482,6.0,0.0
99261.28978814011,11.0,0.0
147341.3765374265,7.0,0.0
47322.59576573281,10.0,0.0
246304.044838126,7.0,0.0
155317.06890236837,17.0,0.0
81142.28762223001,16.0,0.0
125849.45245888967,13.0,0.0
91709.18925157037,11.0,0.0
182100.64590965185,7.0,0.0
143986.3555941649,7.0,0.0
182827.01512656375,19.0,0.0
146773.7965713106,17.0,0.0
139933.5420097525,5.0,0.0
78948.95929671841,9.0,0.0
140064.8451480546,15.0,0.0
128553.09462411594,7.0,0.0
145233.42030579256,5.0,0.0
131815.66502882467,10.0,0.0
68967.44722851616,12.0,0.0
153425.54388599197,5.0,0.0
178915.6251414647,7.0,0.0
147440.4828190737,7.0,0.0
81261.39020763543,17.0,0.0
82307.15714089927,19.0,0.0
167883.01630222303,19.0,0.0
-9914.137941376684,10.0,0.0
132287.99643422465,7.0,0.0
123512.61038935004,9.0,0.0
130038.55174700008,18.0,0.0
141305.41110032971,17.0,0.0
132026.75538437004,19.0,0.0
123264.97395231428,7.0,0.0
160517.21761500114,7.0,0.0
194671.28897666535,17.0,0.0
76467.18750501084,16.0,0.0
190829.4346343059,6.0,0.0
159187.67066600124,14.0,0.0
94027.9734320702,11.0,0.0
164415.14789691544,8.0,0.0
194823.9016213132,15.0,0.0
197379.0135246162,5.0,0.0
222789.80866266452,12.0,0.0
135644.96296717,10.0,0.0
199627.3423596522,15.0,0.0
104915.91468562708,17.0,0.0
109008.62847223863,17.0,0.0
155372.73877604166,10.0,0.0
149306.07463385334,12.0,0.0
125514.13242235438,18.0,0.0
147425.7142398177,15.0,0.0
121475.727077578,5.0,0.0
165135.81860267985,7.0,0.0
153002.74626094918,5.0,0.0
117034.95252441223,7.0,0.0
46027.14149329647,11.0,0.0
178514.21600523253,9.0,0.0
182365.800973078,5.0,0.0
142132.28450284066,6.0,0.0
186505.03755518797,13.0,0.0
207375.64618684177,12.0,0.0
129020.02540837308,7.0,0.0
131390.35284006686,7.0,0.0
129697.90530733744,7.0,0.0
177685.54749318986,15.0,0.0
113513.90741596722,16.0,0.0
155921.14852869484,15.0,0.0
203571.39249333585,15.0,0.0
162077.89048243104,15.0,0.0
138651.137612023,9.0,0.0
154375.61379077414,13.0,0.0
237395.8747229208,10.0,0.0
127569.39133560796,11.0,0.0
103317.44196180184,5.0,0.0
124331.40352251656,9.0,0.0
191954.19123751236,17.0,0.0
169107.84425646978,15.0,0.0
142619.68253718462,13.0,0.0
115365.13039323146,19.0,0.0
141476.30319710748,7.0,0.0
157220.6881804263,16.0,0.0
99840.8271567836,7.0,0.0
136699.89681527973,15.0,0.0
168637.5682915937,12.0,0.0
105891.6586511944,17.0,0.0
180197.78582065107,16.0,0.0
156714.73966188164,11.0,0.0
111360.50706300137,11.0,0.0
82861.17380036411,9.0,0.0
168072.0395956533,7.0,0.0
75840.91536816608,11.0,0.0
182065.60314198115,7.0,0.0
100765.7697814862,10.0,0.0
143892.58298896032,13.0,0.0
126625.86167799708,9.0,0.0
163847.7914894051,5.0,0.0
234227.9425703324,7.0,0.0
172066.8657851998,15.0,0.0
154070.5697076565,9.0,0.0
157341.50764641562,16.0,0.0
107731.45750040858,10.0,0.0
112854.16740154367,8.0,0.0
142860.6467832558,14.0,0.0
175301.44451149326,13.0,0.0
76707.77769180486,16.0,0.0
196603.5181440693,5.0,0.0
195620.70855995832,9.0,0.0
120422.16872898558,17.0,0.0
246679.09286016636,6.0,0.0
182301.21117949765,6.0,0.0
126306.69890764306,5.0,0.0
150894.92342986405,16.0,0.0
206985.7377525828,8.0,0.0
167508.3131108214,7.0,0.0
136517.0029492902,7.0,0.0
87699.155496453,15.0,0.0
120044.7455015916,18.0,0.0
211623.99587334984,18.0,0.0
145876.29266917598,12.0,0.0
109508.12984551626,12.0,0.0
145704.18088611448,8.0,0.0
139354.1029288991,12.0,0.0
174870.24628225958,14.0,0.0
172836.82108564995,6.0,0.0
108347.32877109032,9.0,0.0
194162.94466982072,16.0,0.0
154756.54136831238,12.0,0.0
201573.27531493048,13.0,0.0
178176.33467900514,5.0,0.0
129643.12332345944,13.0,0.0
185467.6219659228,14.0,0.0
152879.98339060007,13.0,0.0
202866.222496808,19.0,0.0
132740.50897544515,13.0,0.0
121401.70667999909,5.0,0.0
118950.72823008112,5.0,0.0
199996.1212345208,6.0,0.0
153200.5837975442,16.0,0.0
189115.98684885947,18.0,0.0
177405.2592771103,19.0,0.0
152066.2731222464,8.0,0.0
78746.68472525223,5.0,0.0
149613.3001600335,10.0,0.0
150081.17544894878,15.0,0.0
212820.7232062016,10.0,0.0
130168.28379102403,16.0,0.0
113487.99729478409,7.0,0.0
153740.7618272489,6.0,0.0
168772.89167605236,8.0,0.0
143630.7537028418,10.0,0.0
175340.4876471138,7.0,0.0
118109.42669120996,6.0,0.0
134708.5738406157,16.0,0.0
165504.2996900226,16.0,0.0
106525.53549005376,11.0,0.0
138056.1590026452,12.0,0.0
195890.4458161557,13.0,0.0
164418.06490513892,16.0,0.0
143397.1929923725,7.0,0.0
141471.51095596954,12.0,0.0
91829.79331141476,16.0,0.0
203339.4054219728,14.0,0.0
182251.67602290085,10.0,0.0
204672.9664632056,5.0,0.0
139666.79984194084,8.0,0.0
109075.51642542092,10.0,0.0
135221.24350526225,7.0,0.0
105524.59602873473,12.0,0.0
167799.57830119884,13.0,0.0
217912.8567039001,9.0,0.0
138961.42767494617,14.0,0.0
206302.1212199196,9.0,0.0
200424.0796581116,15.0,0.0
188482.62170478105,6.0,0.0
133621.4674253395,15.0,0.0
174255.90721618538,11.0,0.0
132468.7719881475,13.0,0.0
188947.81234350608,5.0,0.0
135654.5852870302,18.0,0.0
145508.61033385515,17.0,0.0
186532.4568445165,17.0,0.0
139676.49211875076,7.0,0.0
144148.9503940816,18.0,0.0
64184.19329632906,12.0,0.0
101448.79173171685,14.0,0.0
132817.9437760005,13.0,0.0
209112.2635498077,19.0,0.0
103667.68267557716,19.0,0.0
208210.06985473997,19.0,0.0
140409.64191077487,18.0,0.0
124290.7550600741,17.0,0.0
129644.502659568,19.0,0.0
105169.30278012184,8.0,0.0
89178.37918749123,9.0,0.0
126282.42316297744,15.0,0.0
99211.356399155,12.0,0.0
103115.41137260094,15.0,0.0
199063.5687539876,10.0,0.0
85661.06331301326,16.0,0.0
131631.22373194934,13.0,0.0
185019.6523311557,13.0,0.0
146875.57201384343,14.0,0.0
161731.29884628727,10.0,0.0
208088.2890251076,14.0,0.0
134247.28005605593,7.0,0.0
155950.4260572407,18.0,0.0
170207.8133743246,19.0,0.0
141036.40235791577,7.0,0.0
93069.57059914578,18.0,0.0
126022.690106138,7.0,0.0
174597.24852599305,16.0,0.0
182857.1881280844,7.0,0.0
167529.48053782707,18.0,0.0
98370.04842804052,8.0,0.0
168916.22651953908,5.0,0.0
91359.642448862,16.0,0.0
160962.00992249633,8.0,0.0
192380.8917108389,14.0,0.0
115701.72102536196,11.0,0.0
133333.09197239543,13.0,0.0
67394.98271283432,10.0,0.0
176447.22220595443,10.0,0.0
181822.3512488272,9.0,0.0
201203.21031763023,11.0,0.0
193564.99569842397,5.0,0.0
162069.44125003586,12.0,0.0
148323.6775757245,12.0,0.0
120011.12607409884,12.0,0.0
162850.31629616517,15.0,0.0
137149.79046157777,10.0,0.0
82235.20000221283,13.0,0.0
98103.34920802346,19.0,0.0
185349.4582647156,14.0,0.0
185382.09879040977,10.0,0.0
158562.0334154703,12.0,0.0
215860.2334230131,11.0,0.0
123230.84184098804,18.0,0.0
150805.9694066409,14.0,0.0
167718.39616770382,11.0,0.0
142658.4160402548,13.0,0.0
118226.16501076674,12.0,0.0
158761.01621222548,13.0,0.0
289718.6813845857,5.0,0.0
71826.31117846724,5.0,0.0
199685.51984736172,9.0,0.0
119161.21364495692,19.0,0.0
160594.84396519695,7.0,0.0
180289.62048470296,14.0,0.0
163960.992173109,16.0,0.0
191277.692565916,18.0,0.0
144961.4925521009,19.0,0.0
84563.45762127664,11.0,0.0
201246.8932317565,18.0,0.0
158497.1082115767,19.0,0.0
208922.62171878948,6.0,0.0
151559.72198072504,15.0,0.0
168367.58220388307,13.0,0.0
210493.27393571145,8.0,0.0
189099.4504745713,8.0,0.0
269529.2775887091,16.0,0.0
65846.80473388662,19.0,0.0
123496.66299956726,13.0,0.0
166914.4570334652,18.0,0.0
121329.09117232736,8.0,0.0
150156.49528597837,18.0,0.0
76268.43271502537,15.0,0.0
141779.50754910553,5.0,0.0
187234.944002434,6.0,0.0
160505.69378348952,14.0,0.0
162557.69947960065,7.0,0.0
144749.7042922171,6.0,0.0
167671.1301461949,11.0,0.0
240611.99997284816,12.0,0.0
144509.58019467138,9.0,0.0
132729.29386821043,8.0,0.0
153794.963634239,6.0,0.0
130289.90098953384,14.0,0.0
184718.53899968645,5.0,0.0
162554.55201393316,11.0,0.0
143540.4620018739,18.0,0.0
158748.12792130795,19.0,0.0
202680.9641702872,9.0,0.0
180309.6516674172,9.0,0.0
199505.02340970276,15.0,0.0
101425.67725899606,7.0,0.0
126420.50988525484,16.0,0.0
87627.28126974287,5.0,0.0
164978.38653236866,9.0,0.0
145594.88227077667,7.0,0.0
150412.94241068914,5.0,0.0
230061.28154526095,10.0,0.0
146812.8050391273,7.0,0.0
110019.88631632016,8.0,0.0
109868.5110331173,12.0,0.0
95544.97814893108,10.0,0.0
148125.50111832615,12.0,0.0
164907.33012721263,8.0,0.0
139345.4836802717,8.0,0.0
115277.5920150989,11.0,0.0
124065.63360544152,10.0,0.0
128848.61644998938,15.0,0.0
161372.49031954532,6.0,0.0
168359.83944901952,13.0,0.0
189134.0240524084,8.0,0.0
188802.3386135865,17.0,0.0
107920.23080284444,5.0,0.0
163192.88334762794,15.0,0.0
203114.54535267304,9.0,0.0
145187.38111793555,19.0,0.0
33953.75147806885,19.0,0.0
179130.5308131142,7.0,0.0
148137.04756885782,6.0,0.0
167684.78320903087,12.0,0.0
104909.34296311723,6.0,0.0
131466.3277364185,11.0,0.0
177160.52381474152,15.0,0.0
155938.6483622441,9.0,0.0
92444.52955980238,6.0,0.0
142389.40559375106,11.0,0.0
223208.3363915037,17.0,0.0
144979.00393711962,14.0,0.0
175578.72587174352,13.0,0.0
266722.95793317066,15.0,0.0
173256.35586428284,18.0,0.0
143208.84696797933,8.0,0.0
163783.06789010536,19.0,0.0
181191.1622458993,18.0,0.0
120786.40093452948,17.0,0.0
188012.593385622,14.0,0.0
179496.92738832676,17.0,0.0
133439.78709329612,13.0,0.0
212499.18381479135,13.0,0.0
108527.63430042476,17.0,0.0
200213.77723126055,10.0,0.0
97348.96190489228,14.0,0.0
137438.2059015447,18.0,0.0
120653.81167265284,16.0,0.0
152944.59408204962,6.0,0.0
149730.21329979226,18.0,0.0
167771.79365107976,17.0,0.0
75954.92913307762,6.0,0.0
107226.03858720625,7.0,0.0
168783.40738857034,14.0,0.0
234654.06260734625,12.0,0.0
111075.32560114255,13.0,0.0
164977.16866000238,9.0,0.0
188047.9633289289,9.0,0.0
143868.84064671214,6.0,0.0
67000.71720676638,16.0,0.0
174028.37257375446,11.0,0.0
137543.99428858177,10.0,0.0
152913.9920768243,13.0,0.0
178993.21171504815,14.0,0.0
136313.592906806,5.0,0.0
82069.31403989163,18.0,0.0
152315.16676435026,15.0,0.0
148715.69348708028,13.0,0.0
128224.23590111802,9.0,0.0
101802.22044208823,8.0,0.0
232522.15925901284,8.0,0.0
191779.41869360436,6.0,0.0
160845.4877454628,6.0,0.0
169651.84124925593,6.0,0.0
116716.20845955164,8.0,0.0
129137.64808839747,8.0,0.0
200308.5327008083,10.0,0.0
144817.8579241721,10.0,0.0
215491.14224774225,9.0,0.0
126148.31386850248,18.0,0.0
132690.70819535645,12.0,0.0
108240.44038372303,14.0,0.0
167785.77316229866,6.0,0.0
180747.32380930244,17.0,0.0
134635.83965461413,18.0,0.0
170424.24391667894,6.0,0.0
113597.56854119894,8.0,0.0
175630.84937232034,15.0,0.0
99646.69637746864,16.0,0.0
119996.2874196004,5.0,0.0
109294.90932893868,9.0,0.0
187291.4948676825,18.0,0.0
196410.2782772157,5.0,0.0
160021.8462692494,8.0,0.0
176869.9442261815,16.0,0.0
163944.6721445493,6.0,0.0
171900.00070765096,15.0,0.0
185337.8295652327,7.0,0.0
173502.77541179548,8.0,0.0
68264.27897368383,15.0,0.0
184329.22632300865,13.0,0.0
229148.5663377141,14.0,0.0
70500.90953319689,13.0,0.0
144106.38274965528,12.0,0.0
129309.00965401575,14.0,0.0
220856.71198925632,18.0,0.0
215332.3659079578,9.0,0.0
126086.8698080949,8.0,0.0
131345.2516752788,17.0,0.0
151248.57401362603,7.0,0.0
161147.1940034121,8.0,0.0
202893.4563309848,9.0,0.0
155008.2774781225,8.0,0.0
141647.59344172862,5.0,0.0
136046.22179392554,18.0,0.0
133519.65728361625,11.0,0.0
199381.2372253118,19.0,0.0
172062.37852015856,18.0,0.0
162647.26138668956,13.0,0.0
155255.55686664945,11.0,0.0
140568.44246217882,18.0,0.0
144082.99622375026,18.0,0.0
168755.53730840332,7.0,0.0
193235.31743459447,8.0,0.0
168831.45386936853,6.0,0.0
114060.64400637624,7.0,0.0
200345.51093697065,11.0,0.0
116197.14664137622,14.0,0.0
157320.93514484225,6.0,0.0
91271.80173133477,13.0,0.0
95836.43689954194,11.0,0.0
87914.7592027594,6.0,0.0
193984.82815573335,5.0,0.0
171063.30661838577,13.0,0.0
137053.91784216336,9.0,0.0
102442.2198146861,10.0,0.0
55932.8648970364,18.0,0.0
136144.521328765,11.0,0.0
165494.8722517584,8.0,0.0
132636.6769954886,10.0,0.0
111790.71599078788,19.0,0.0
146622.64124037878,15.0,0.0
125723.09463721908,10.0,0.0
146666.50631871895,12.0,0.0
115093.68434509914,17.0,0.0
126180.15995832293,6.0,0.0
126481.70699774331,18.0,0.0
232713.386140164,12.0,0.0
118821.3090264588,7.0,0.0
188844.3414388174,11.0,0.0
171617.76910462574,17.0,0.0
111677.2047713462,10.0,0.0
144184.14756839137,6.0,0.0
169748.9662362323,15.0,0.0
168721.0763433546,13.0,0.0
97069.47388135566,17.0,0.0
158133.78733159805,15.0,0.0
193418.88636267596,15.0,0.0
125586.96831479797,9.0,0.0
127771.19680123718,18.0,0.0
114967.01086730316,9.0,0.0
77549.77422931237,10.0,0.0
99263.87520200174,19.0,0.0
197460.5461462068,6.0,0.0
237591.8070239568,12.0,0.0
172557.41771216513,7.0,0.0
163549.3834591616,19.0,0.0
151883.68345900375,16.0,0.0
208198.84750510383,5.0,0.0
119295.3048992922,19.0,0.0
188348.9451503496,14.0,0.0
127295.93257979516,6.0,0.0
167142.66145147238,13.0,0.0
198600.55616041744,13.0,0.0
150172.75142695813,6.0,0.0
146909.96499305964,6.0,0.0
217670.3987534765,6.0,0.0
222746.8011031163,13.0,0.0
178647.4092245656,9.0,0.0
213222.50043020945,13.0,0.0
138210.44265963518,17.0,0.0
182706.9301434207,19.0,0.0
173419.54670592915,14.0,0.0
180009.7807816299,7.0,0.0
54561.20938886251,7.0,0.0
160995.9988129735,18.0,0.0
177807.83254872254,12.0,0.0
143313.1835031848,11.0,0.0
197389.303931854,13.0,0.0
105830.38172748176,11.0,0.0
208867.60052960212,6.0,0.0
150951.3997939046,19.0,0.0
110147.3625543428,9.0,0.0
170289.70717883884,18.0,0.0
116325.0504792634,12.0,0.0
120646.7783871404,9.0,0.0
67622.32127700603,6.0,0.0
179734.2822499571,18.0,0.0
159398.7771434371,6.0,0.0
175385.25815198006,18.0,0.0
105363.54024513435,14.0,0.0
182371.6879947025,8.0,0.0
125941.67163445403,13.0,0.0
171628.37934149455,5.0,0.0
51229.21294093283,19.0,0.0
135318.7440057169,5.0,0.0
141590.26914182902,19.0,0.0
247639.74030622203,9.0,0.0
88021.63300032365,12.0,0.0
101936.32920721055,11.0,0.0
164551.92252037203,5.0,0.0
182941.2857477538,5.0,0.0
164108.88403998624,8.0,0.0
183350.99259791223,18.0,0.0
42913.96917236065,11.0,0.0
159307.54690758375,15.0,0.0
200591.37671675373,11.0,0.0
118087.2840535409,11.0,0.0
179413.96264088282,18.0,0.0
180401.8594181196,18.0,0.0
182608.71953622505,15.0,0.0
154904.8895659403,12.0,0.0
159634.16322337752,17.0,0.0
179019.58433004038,17.0,0.0
189827.3116978355,16.0,0.0
123699.397686139,16.0,0.0
168741.05950066706,7.0,0.0
94111.22402257584,13.0,0.0
252702.74899176508,19.0,0.0
180194.11136236403,9.0,0.0
201981.5454437539,12.0,0.0
144762.59620523668,9.0,0.0
206541.86685478725,10.0,0.0
176679.3579735231,6.0,0.0
91048.05439999606,19.0,0.0
194750.23872478533,9.0,0.0
168437.02931738907,12.0,0.0
132311.66112553078,14.0,0.0
77068.43909246114,11.0,0.0
226474.1969301724,16.0,0.0
235093.25879118283,6.0,0.0
163734.7402917416,8.0,0.0
144708.87868409208,17.0,0.0
119257.5623875156,15.0,0.0
201747.84020341857,12.0,0.0
122855.37785003425,9.0,0.0
145447.31890247815,12.0,0.0
157240.4365764213,9.0,0.0
186094.94921510929,19.0,0.0
113889.7066553022,11.0,0.0
127274.55157640786,11.0,0.0
230062.3891210851,17.0,0.0
170828.05283413926,14.0,0.0
178083.36499512033,6.0,0.0
130744.16911757104,11.0,0.0
99247.44082480844,15.0,0.0
68991.18292735147,12.0,0.0
150978.27803202474,15.0,0.0
129734.16229804904,9.0,0.0
103974.19319378196,8.0,0.0
148940.68208719918,9.0,0.0
184308.9593261284,6.0,0.0
205429.5962257917,11.0,0.0
153569.6020995812,14.0,0.0
80449.75633668917,15.0,0.0
194684.98456938876,19.0,0.0
208172.09404499424,5.0,0.0
104815.84509560112,10.0,0.0
140322.93073389557,14.0,0.0
163732.13045563665,11.0,0.0
102851.56777571568,5.0,0.0
105095.0532643488,14.0,0.0
172788.3284995375,6.0,0.0
162737.1771428896,19.0,0.0
168967.36955240802,10.0,0.0
121829.75773807,8.0,0.0
184127.07578660944,12.0,0.0
104563.1860087492,8.0,0.0
125380.3180995106,14.0,0.0
119064.75984915168,14.0,0.0
91796.43091531376,19.0,0.0
115746.1135332848,15.0,0.0
90831.4303656395,10.0,0.0
127221.82286487657,13.0,0.0
170851.51435781864,8.0,0.0
193454.5843019366,6.0,0.0
127503.90139009508,12.0,0.0
228398.99732689327,18.0,0.0
196391.34766063225,7.0,0.0
165904.1512691715,12.0,0.0
146663.63122296473,15.0,0.0
202991.57813201065,17.0,0.0
142823.84749554092,5.0,0.0
189251.9505559785,15.0,0.0
157281.085512012,10.0,0.0
170832.3641956642,7.0,0.0
107258.03728213235,10.0,0.0
64766.251088901,12.0,0.0
198059.30876140203,8.0,0.0
144357.7608767482,11.0,0.0
129562.548620731,5.0,0.0
129106.11290403138,5.0,0.0
174686.28479867318,15.0,0.0
178701.7694368974,18.0,0.0
127246.02567211806,9.0,0.0
248630.62029503065,9.0,0.0
185889.6477107326,18.0,0.0
123577.4627214184,11.0,0.0
149852.10959794797,15.0,0.0
168624.11622780765,11.0,0.0
99584.8886643489,12.0,0.0
103763.62297103729,15.0,0.0
133871.487826963,11.0,0.0
128957.31682156149,9.0,0.0
122383.57265995845,16.0,0.0
172936.22427270963,19.0,0.0
155387.06293115648,15.0,0.0
134280.8709221115,11.0,0.0
139996.14189571634,18.0,0.0
198035.40969639548,8.0,0.0
144148.93515474786,14.0,0.0
194453.6863185076,11.0,0.0
147383.39415911603,10.0,0.0
199326.2227724525,5.0,0.0
166403.96270490665,6.0,0.0
140726.47087386012,19.0,0.0
136974.51936197386,19.0,0.0
133530.3435922888,10.0,0.0
57685.56865308012,9.0,0.0
127755.74522476766,7.0,0.0
139314.2221646249,13.0,0.0
134130.25910616148,14.0,0.0
126403.58597245692,8.0,0.0
170327.2680457661,11.0,0.0
214119.07955012,12.0,0.0
145032.72669097863,5.0,0.0
100706.66565884436,19.0,0.0
182677.9127197276,16.0,0.0
221167.2461100761,14.0,0.0
144207.35657690905,11.0,0.0
112533.80178021637,5.0,0.0
229819.14293469617,6.0,0.0
113844.37872237286,15.0,0.0
94385.45024785907,9.0,0.0
181646.966866627,7.0,0.0
163009.34165208443,11.0,0.0
171295.38024350326,15.0,0.0
155638.54044598353,10.0,0.0
106316.53352825262,9.0,0.0
172057.97412554902,19.0,0.0
136260.85303438205,5.0,0.0
81727.98250338685,14.0,0.0
139873.66395665018,6.0,0.0
131006.10314107429,19.0,0.0
85310.82001039176,18.0,0.0
162632.52253336238,13.0,0.0
162558.47600527984,19.0,0.0
135845.81796739844,10.0,0.0
152380.83167400624,7.0,0.0
141553.58687142428,13.0,0.0
123477.39743309672,5.0,0.0
131965.43302760657,17.0,0.0
171844.89139099256,12.0,0.0
163742.82908260025,9.0,0.0
160167.49744318996,16.0,0.0
136234.43511655764,6.0,0.0
195437.56224391775,13.0,0.0
122187.98358749542,16.0,0.0
129817.1624338195,15.0,0.0
186783.5557863744,18.0,0.0
106529.27665924732,16.0,0.0
127611.07545091573,12.0,0.0
105424.55895185098,15.0,0.0
213572.48862219747,16.0,0.0
63069.992996676025,5.0,0.0
119883.57339894478,18.0,0.0
170426.1994377602,19.0,0.0
97842.7739120624,5.0,0.0
165919.52632706903,12.0,0.0
64647.704042078025,8.0,0.0
120565.36373823976,10.0,0.0
193001.0239333425,11.0,0.0
69224.1681177424,16.0,0.0
112118.02127176602,6.0,0.0
84894.99364161477,12.0,0.0
114181.66458285484,18.0,0.0
192390.620792348,9.0,0.0
136214.56363223732,16.0,0.0
40857.17144767313,7.0,0.0
114478.83792039522,18.0,0.0
179084.99068495195,9.0,0.0
208202.8859857204,14.0,0.0
145986.18741734233,10.0,0.0
112065.00241510395,13.0,0.0
160060.2253133942,14.0,0.0
252281.2921120225,16.0,0.0
196691.05833293463,14.0,0.0
116359.64603204952,5.0,0.0
142146.21260276888,9.0,0.0
110014.74306404837,18.0,0.0
93917.9945994054,18.0,0.0
173206.0379340998,9.0,0.0
154196.03495453516,8.0,0.0
95180.96718390063,13.0,0.0
214676.6289513022,5.0,0.0
162404.64132814147,11.0,0.0
180458.593209789,15.0,0.0
136642.4942972074,5.0,0.0
91722.73309631774,13.0,0.0
208383.745021054,11.0,0.0
198748.3928704359,5.0,0.0
171902.8027089705,11.0,0.0
124293.34426399186,15.0,0.0
132101.00763731162,18.0,0.0
195379.4146091119,9.0,0.0
131571.59919031174,18.0,0.0
136832.77538366438,12.0,0.0
99243.37523123226,13.0,0.0
145297.69594386997,6.0,0.0
84604.93984841372,9.0,0.0
153391.76447544602,14.0,0.0
195816.51136985756,13.0,0.0
123683.83103902872,11.0,0.0
147149.46312995968,12.0,0.0
147996.09090904085,10.0,0.0
126156.63167469011,16.0,0.0
94230.00847484228,5.0,0.0
167743.8128196248,15.0,0.0
78994.70911597354,14.0,0.0
123659.9349507005,15.0,0.0
128696.40780350058,8.0,0.0
103831.8173808672,16.0,0.0
155144.82148432347,17.0,0.0
169376.88860767212,12.0,0.0
166706.07052601042,5.0,0.0
82587.27507481756,19.0,0.0
150873.22107485347,9.0,0.0
227336.4247732405,8.0,0.0
123743.51928967952,14.0,0.0
206282.67762845175,5.0,0.0
152352.79733296868,12.0,0.0
144375.26766922767,16.0,0.0
164231.5885556584,5.0,0.0
133387.85666592128,15.0,0.0
121600.00736030846,8.0,0.0
195809.57228415945,17.0,0.0
163898.28831111582,13.0,0.0
212455.0469494352,7.0,0.0
192291.87389167707,9.0,0.0
106184.43334340947,14.0,0.0
157994.4332114544,8.0,0.0
89318.0764438808,6.0,0.0
66698.47648728502,11.0,0.0
199078.20213586997,8.0,0.0
108643.63876853912,19.0,0.0
154543.76674191584,17.0,0.0
127975.13458960324,18.0,0.0
115610.6565592634,6.0,0.0
122540.020634036,5.0,0.0
66925.68873582303,11.0,0.0
156400.82058413365,18.0,0.0
98567.09062804826,5.0,0.0
133253.1761258638,7.0,0.0
181823.4482208709,11.0,0.0
161521.81410090544,16.0,0.0
201842.2616318032,18.0,0.0
104840.14354900151,18.0,0.0
193577.3874118398,10.0,0.0
238141.22594966428,15.0,0.0
162019.71541926882,17.0,0.0
152468.63100017767,9.0,0.0
94736.88301824454,7.0,0.0
151586.19624511973,7.0,0.0
171492.54048144456,6.0,0.0
170812.6344415323,17.0,0.0
180822.9547318256,11.0,0.0
141871.63311943653,12.0,0.0
191574.24128844275,13.0,0.0
186002.79564212565,16.0,0.0
142011.46007485312,15.0,0.0
155364.29744703718,17.0,0.0
174738.45473893016,7.0,0.0
119854.0437899356,14.0,0.0
116282.76941166508,6.0,0.0
194296.5374217122,9.0,0.0
203901.14988973868,16.0,0.0
119987.0146715812,6.0,0.0
140658.43462726468,6.0,0.0
113541.83065965344,14.0,0.0
157838.37211088403,9.0,0.0
146561.63259668133,16.0,0.0
98550.02637235427,10.0,0.0
80615.73770741098,15.0,0.0
153514.5384009027,19.0,0.0
138943.23684476735,8.0,0.0
190163.75512017965,13.0,0.0
146664.18417265848,16.0,0.0
171805.15445717424,15.0,0.0
168590.98023513195,13.0,0.0
123577.37852004102,16.0,0.0
115664.16303501218,19.0,0.0
165781.31890518236,18.0,0.0
99301.30764784403,12.0,0.0
147075.44268243955,5.0,0.0
182801.6773983083,16.0,0.0
158725.51454273702,14.0,0.0
143104.91141522286,12.0,0.0
197721.6346119027,6.0,0.0
165282.23528550926,6.0,0.0
216209.62227328852,14.0,0.0
191744.7833534326,14.0,0.0
181751.61529770948,14.0,0.0
151456.17246796022,19.0,0.0
111484.31180322565,14.0,0.0
75951.90602032021,5.0,0.0
101848.32456877404,12.0,0.0
160029.58186648812,13.0,0.0
171889.8185763102,14.0,0.0
120150.87173102277,9.0,0.0
154937.39290788505,19.0,0.0
96883.29477431905,15.0,0.0
181285.2792122239,12.0,0.0
131600.33042018051,5.0,0.0
180861.42443774367,16.0,0.0
71237.8014896697,14.0,0.0
203009.45191374625,9.0,0.0
216202.86432905187,11.0,0.0
145750.49774220074,8.0,0.0
134673.04147030783,8.0,0.0
133360.19386882242,17.0,0.0
212933.38030734737,12.0,0.0
215218.1223129372,5.0,0.0
150833.15164862084,17.0,0.0
166457.34824912102,16.0,0.0
223571.9509798102,9.0,0.0
96616.744651394,14.0,0.0
173320.00164233847,6.0,0.0
251120.4243845245,68.0,1.0
186203.94256306472,40.0,1.0
260958.3703683654,54.0,1.0
274015.87807968026,66.0,1.0
251951.45810395907,51.0,1.0
270150.98468796804,68.0,1.0
335266.20975276333,63.0,1.0
264642.7628130128,51.0,1.0
289507.8843259385,45.0,1.0
214313.28398469664,62.0,1.0
208001.2396035094,44.0,1.0
290315.6839529871,45.0,1.0
239597.59117501337,55.0,1.0
250164.45941409623,52.0,1.0
228548.77299229312,62.0,1.0
241827.06879120076,44.0,1.0
261220.0122682042,40.0,1.0
284084.8165957154,58.0,1.0
263552.0266056579,52.0,1.0
245704.02420723892,55.0,1.0
311801.0790698497,50.0,1.0
209368.3643271925,62.0,1.0
228433.5848574207,57.0,1.0
311208.5820113968,53.0,1.0
236798.8509903137,52.0,1.0
245471.2700570853,64.0,1.0
224907.8898091889,42.0,1.0
263283.29885166016,47.0,1.0
260851.5525238877,50.0,1.0
255943.44465734228,52.0,1.0
256854.6295716899,48.0,1.0
277384.9589555648,64.0,1.0
188886.8612897807,58.0,1.0
200017.5215366966,62.0,1.0
217315.32478268316,69.0,1.0
267483.1796095159,65.0,1.0
310627.4185591351,61.0,1.0
216656.88024075425,66.0,1.0
291028.2298063533,57.0,1.0
219193.2109323421,64.0,1.0
242130.61780767704,61.0,1.0
270720.39933005406,62.0,1.0
242002.56926489028,59.0,1.0
234321.97620616652,42.0,1.0
219690.1723788039,69.0,1.0
213789.95663432704,54.0,1.0
229725.90539046688,50.0,1.0
305218.3428276565,53.0,1.0
203931.5905148305,65.0,1.0
237867.30208521767,69.0,1.0
256356.31078589876,67.0,1.0
214474.82245346863,49.0,1.0
320763.508490248,57.0,1.0
271412.60799469333,54.0,1.0
213498.66598093603,49.0,1.0
263021.0035678997,55.0,1.0
265486.57183826645,58.0,1.0
301114.7329834968,67.0,1.0
168184.90069786803,40.0,1.0
200037.103286208,52.0,1.0
172943.41142348037,47.0,1.0
265201.6474670358,52.0,1.0
255510.91282703017,56.0,1.0
165941.35522864136,42.0,1.0
186113.7032762725,67.0,1.0
200862.11625191304,44.0,1.0
222347.2140281404,56.0,1.0
246415.12997464524,42.0,1.0
252193.46382205948,65.0,1.0
303066.6575280568,57.0,1.0
208522.5273868109,42.0,1.0
256536.29723317985,52.0,1.0
223139.26805047647,69.0,1.0
259426.25806817325,64.0,1.0
223689.9737685222,47.0,1.0
224395.8796344159,44.0,1.0
173417.2020691285,58.0,1.0
210663.7781759477,46.0,1.0
239249.7581825723,48.0,1.0
154992.26335946526,62.0,1.0
257465.0925643523,64.0,1.0
203966.05246189656,49.0,1.0
178763.5789886393,46.0,1.0
253646.04782482176,60.0,1.0
239668.2659270354,69.0,1.0
238437.6256790034,55.0,1.0
244539.86714780208,68.0,1.0
267766.627719484,65.0,1.0
232820.890389004,48.0,1.0
274158.0817104506,45.0,1.0
176295.63598723555,55.0,1.0
222344.4617420688,60.0,1.0
248883.7318830364,51.0,1.0
243459.85910488435,50.0,1.0
189299.8388582834,61.0,1.0
256076.41047798013,43.0,1.0
202065.89622143997,49.0,1.0
271170.3585765414,56.0,1.0
259059.33744753755,59.0,1.0
260580.9302831592,56.0,1.0
227936.7101130624,60.0,1.0
208975.95155630005,57.0,1.0
232860.09536582828,61.0,1.0
219865.95786281087,50.0,1.0
221180.3414449754,55.0,1.0
237037.9435379024,43.0,1.0
179501.3560614892,67.0,1.0
234676.16804333555,40.0,1.0
227033.591526729,42.0,1.0
258450.65794065865,62.0,1.0
305953.9952744503,45.0,1.0
274969.47877308057,48.0,1.0
244438.4814599961,44.0,1.0
238304.10809919905,58.0,1.0
236668.6516377356,47.0,1.0
285409.97873355466,66.0,1.0
236047.89671897667,67.0,1.0
267418.351647755,41.0,1.0
209031.2264284054,42.0,1.0
242846.28091280835,60.0,1.0
235052.5139154241,66.0,1.0
229366.00709578604,64.0,1.0
229254.8459254276,50.0,1.0
211223.29312229232,55.0,1.0
248335.1804989036,44.0,1.0
176785.70821505474,41.0,1.0
248189.091027852,46.0,1.0
320504.7362894385,58.0,1.0
273632.9343289332,42.0,1.0
231481.94677480232,62.0,1.0
265214.3209506612,59.0,1.0
226586.57716368145,66.0,1.0
226677.70178237543,64.0,1.0
215122.6156863277,62.0,1.0
253327.8446552722,69.0,1.0
234685.3217273968,45.0,1.0
201552.7245925499,52.0,1.0
212133.72885993187,40.0,1.0
179945.10655652703,51.0,1.0
171491.66480613514,53.0,1.0
257004.8761766416,55.0,1.0
339205.652028614,56.0,1.0
203584.05356201183,58.0,1.0
300591.08532309666,44.0,1.0
217312.2720647473,66.0,1.0
209799.62216218936,57.0,1.0
259496.82984780692,64.0,1.0
221510.1716070444,60.0,1.0
264787.9236349924,60.0,1.0
268094.2425151174,56.0,1.0
280784.2644046836,46.0,1.0
219339.33555695356,60.0,1.0
252972.40777990752,65.0,1.0
269890.6750419822,63.0,1.0
160624.0586710511,41.0,1.0
245753.3683341617,66.0,1.0
257799.6523682205,68.0,1.0
233126.928646349,56.0,1.0
151983.85220011632,42.0,1.0
271051.09213717544,57.0,1.0
228806.1582981388,51.0,1.0
195980.3173523332,69.0,1.0
211235.76763944817,49.0,1.0
232980.82757205795,49.0,1.0
233292.8461143801,44.0,1.0
278891.2967944306,57.0,1.0
215688.17549867817,42.0,1.0
202719.24563971063,60.0,1.0
320285.4443965299,45.0,1.0
220456.31455476297,46.0,1.0
190362.81323490597,44.0,1.0
219782.01046492116,57.0,1.0
284672.88627659413,44.0,1.0
260814.66184114976,68.0,1.0
296369.91972261766,54.0,1.0
305287.35329349246,64.0,1.0
236312.75576547827,45.0,1.0
242884.37255735928,64.0,1.0
242741.513557054,54.0,1.0
204076.3609042756,46.0,1.0
331630.5741810804,48.0,1.0
211130.51456158684,51.0,1.0
206340.3365226276,41.0,1.0
272284.12228986993,41.0,1.0
216099.16592444788,62.0,1.0
274365.58755858644,42.0,1.0
250486.39872762395,69.0,1.0
138379.44494997058,59.0,1.0
203286.7564328666,41.0,1.0
252438.3373529024,61.0,1.0
282862.065209882,49.0,1.0
193110.35602568416,43.0,1.0
239132.1761028155,63.0,1.0
246942.7733348513,56.0,1.0
215678.152285088,53.0,1.0
315582.04668598645,67.0,1.0
250565.4437601532,53.0,1.0
215576.01529270303,60.0,1.0
283314.4998717195,61.0,1.0
266314.458343174,67.0,1.0